tweet_id,split,condition,tweeter_handle,mentioned_handle,tweet_text,predicted_igr,gold_igr,predicted_emotions,gold_emotions,model_reasoning
344194657753890817,test,zero-shot,repkevinbrady,gopleader,http://t.co/6z5xYFT6oE launched by @GOPLeader includes every bill introduced in the House.  Choose what bills you’d cosponsor.,In-Group,In-Group,Admiration|Interest,Interest,"The tweet describes a useful tool launched by @Doe and encourages engagement, suggesting a positive view and shared interest in the project. The tone is informative and appreciative."
650770630657343489,test,zero-shot,repmckinley,peterwelch,Mining coal is hard work. Thanks to our miners who keep the lights on. w/ @PeterWelch #bipartisanroadtrip  http://t.co/BuO4RXMybu,In-Group,Out-Group,Admiration,Interest,"The speaker uses 'our miners' and expresses gratitude, indicating an In-Group relationship. The phrase 'Thanks to our miners' clearly conveys admiration for their hard work."
651165949916155905,test,zero-shot,senatordurbin,chuckgrassley,"As #SCOTUS opens its doors for a new term, time for Congress to pass @ChuckGrassley's&amp;my #CamerasInTheCourt bill:  http://t.co/3dMRmQWzcD",In-Group,Out-Group,Interest,None,"The speaker uses 'my' in conjunction with @Doe's bill, indicating a shared goal and collaboration, thus an In-Group relationship. The tweet expresses a desire for action on a bill, showing interest in its passage."
745741976864055297,test,zero-shot,repdankildee,speakerryan,".@SpeakerRyan calls #NoBillNoBreak sit-in a ""publicity stunt."" Tens of thousands of gun violence victims &amp; families disagree. #NoMoreSilence",Out-Group,Out-Group,Anger|Sadness,Anger|Disgust,"The speaker is criticizing @Doe's statement and aligning with 'tens of thousands of gun violence victims & families,' indicating @Doe is outside their group. The tweet expresses anger at @Doe's dismissal and sadness for the victims."
339411299849076736,test,zero-shot,cbrangel,congressmangt,Act would expand care options for #vets - joint bipartisan oped w/ @CongressmanGT Thompson  http://t.co/TIcyBpmpAt,In-Group,Out-Group,Interest,Interest,"The tweet mentions a 'joint bipartisan oped' with @Doe, indicating collaboration and a shared goal, suggesting an In-Group relationship. The tone is informative and positive about the 'care options for #vets', implying interest in the topic and the collaboration."
793202599432450050,test,zero-shot,frankpallone,repdonaldpayne,Toured Port of NY &amp; NJ w/ @RepDonaldPayne &amp; discussed importance of env justice-we need to ensure all communities have access to clean air.  https://t.co/D8YNkpTKaw,In-Group,In-Group,Interest,None,"The speaker uses 'w/' and discusses a shared topic, implying collaboration and a positive, cooperative relationship. The tweet expresses interest in the topic discussed with @Doe."
864828158599680000,test,zero-shot,repdianeblack,senthomtillis,Please join me in prayer for my friend @SenThomTillis this morning.  https://t.co/Sckqhvobcd,In-Group,In-Group,None,Sadness,"The speaker refers to @Doe as 'my friend,' indicating an In-Group relationship. No specific Plutchik emotions are expressed toward @Doe, only a request for prayer."
1214221704580481024,test,zero-shot,greschenthaler,repbrianfitz,"Deeply saddened to hear of the passing of former Congressman Mike Fitzpatrick, who tirelessly served Bucks County and the Commonwealth. My prayers are with his brother, @RepBrianFitz, and the entire Fitzpatrick family during this difficult time.",In-Group,In-Group,Sadness,Sadness,"The speaker expresses sadness and offers prayers to @Doe and their family, indicating a shared sense of grief and support, characteristic of an in-group relationship. Sadness is directly expressed towards the situation involving @Doe's family."
864572413219962880,test,zero-shot,repdankildee,repdwightevans,Happy birthday to my colleague @RepDwightEvans!,In-Group,In-Group,Joy,Joy,"The speaker refers to @Doe as 'my colleague,' indicating an In-Group relationship. The phrase 'Happy birthday' expresses joy."
1219017827555971076,test,zero-shot,repderekkilmer,rephoulahan,"Quick Questions about Congress w/ Kilmer: a podcast to build understanding, forge relationships, and tackle critical issues. Episode 23 Guest: @RepHoulahan - Air Force veteran, engineer, entrepreneur, educator, and the first woman ever to represent PA-06.  https://t.co/ckqDeZCrch",In-Group,In-Group,Admiration|Interest,Admiration|Interest,"The tweet introduces @Doe as a guest on a podcast, highlighting her impressive accomplishments, suggesting an 'In-Group' relationship and positive emotions like admiration and interest."
743855116583866369,test,zero-shot,chrismurphyct,sensherrodbrown,Thanks for the Q @SenSherrodBrown! Think of this - 48 were shot DURING the filibuster. Awful. #AskMurphy  https://t.co/k4GvDRRTMG,In-Group,In-Group,Interest,Joy,"The speaker thanks @Doe, indicating a positive or neutral relationship, and then presents information for @Doe to consider, suggesting interest in their engagement rather than negative emotions."
1292171049539383298,test,zero-shot,senronjohnson,senblumenthal,1/7 @SenBlumenthal’s twisting of classified briefings and repeating of false news reports is beyond the pale.,Out-Group,Out-Group,Anger|Disgust,Anger|Disgust,"The speaker uses strong negative language ('twisting', 'false news reports', 'beyond the pale') to criticize @Doe, indicating an adversarial stance typical of an Out-Group relationship and expressing anger and disgust."
697509790256340995,test,zero-shot,repdankildee,repfredupton,JUST IN: House passes my bipartisan bill with @RepFredUpton related to #FlintWaterCrisis. 416-2 vote.  Read more:  https://t.co/eohiXni4m2,In-Group,Out-Group,Admiration|Joy,Interest,"The speaker refers to 'my bipartisan bill with @Doe,' indicating a collaborative effort and shared success, suggesting an In-Group relationship. The successful passage of the bill evokes joy and admiration for the collaborative achievement."
786325578362290176,test,zero-shot,repricklarsen,pattymurray,Thanks to Larsen &amp; @PattyMurray “thousands of young veteran families [to have] fresh hope at starting a family” via  https://t.co/Pa6PNF6kCn,In-Group,In-Group,Admiration|Joy,Joy,"The tweet expresses gratitude and positive outcomes for 'young veteran families,' implying a shared positive sentiment and benefit, thus 'In-Group.' The 'Thanks to' and 'fresh hope' indicate admiration and joy towards @Doe's actions."
745293732350730244,test,zero-shot,repjoecourtney,speakerryan,How many mass shootings must this nation endure before @SpeakerRyan and the congressional #GOP will even consider voting to #EndGunViolence?,Out-Group,Out-Group,Anger|Disgust|Fear|Sadness,Anger|Disgust,"The speaker expresses frustration and disappointment with @Doe and the GOP's inaction, implying they are part of a group that is failing the nation. The tone is accusatory and critical, indicating an out-group relationship. The emotions are clearly negative, stemming from the perceived failure to address gun violence."
1222663873209294850,test,zero-shot,repdavejoyce,gopleader,Winnie had a doggone good talk with @GOPLeader tonight  https://t.co/lu5PR0dn7E,In-Group,In-Group,Interest|Joy,Interest,"The phrase 'doggone good talk' suggests a positive interaction, implying the speaker views @Doe as part of their in-group. The positive sentiment indicates joy and interest in the conversation."
390173884013498368,test,zero-shot,reppaultonko,speakerboehner,.@SpeakerBoehner could end this shutdown today with bipartisan support:  https://t.co/bULtaJOm2K,Out-Group,Out-Group,None,Anger,"The tweet implies @Doe has the power to end the shutdown but hasn't, suggesting a critical stance. There are no clear emotional markers, only a statement of fact and potential action."
390514193310289920,test,zero-shot,marshablackburn,desjarlaistn04,"Thanks to @DesJarlaisTN04 for helping to rid the government of waste, fraud, and abuse.",In-Group,In-Group,Admiration|Joy,Admiration,"The speaker expresses gratitude and approval for @Doe's actions, indicating a shared positive goal and an in-group relationship. The positive sentiment suggests both admiration for the action and joy in its outcome."
1373674532549066756,test,zero-shot,rephorsford,ronwyden,"Throughout this pandemic, my office has heard from countless #NV04 constituents about their struggles to get unemployment benefits.  I'm working with @RonWyden to bring our unemployment systems into the 21st century. Learn more ⬇️   https://t.co/8VYNMzc284",In-Group,In-Group,Interest,Interest,"The speaker is working 'with' @Doe to solve a problem, indicating collaboration and a shared goal, thus an In-Group relationship. The tone is informative and problem-solving, suggesting interest in the work with @Doe."
858289772065726464,test,zero-shot,senatorsinema,repmobrooks,Happy birthday @RepMoBrooks!,In-Group,Out-Group,Joy,Joy,"The tweet expresses a positive sentiment (happy birthday) towards @Doe, indicating an In-Group relationship and the emotion of joy."
745702311872307200,test,zero-shot,repbonamici,senatorbaldwin,So great to see @SenatorBaldwin join us on the floor. #NoBillNoBreak #sitin,In-Group,In-Group,Admiration|Interest|Joy,Joy,"The phrase 'join us' indicates @Doe is part of the speaker's group. 'So great to see' expresses joy, admiration, and interest in @Doe's presence."
1311809228697460738,test,zero-shot,repmeuser,repdavidtrone,"Tonight, the House passed the Family Support Services for Addiction Act, bipartisan legislation I introduced with @RepDavidTrone. This legislation would provide federal aid to national and local nonprofit organizations that serve families impacted by addiction.  https://t.co/km9Gfrfly8",In-Group,Out-Group,None,None,"The speaker mentions introducing bipartisan legislation with @Doe, indicating a collaborative and positive working relationship, thus an In-Group dynamic. No specific strong emotions are expressed towards @Doe, only a factual statement of collaboration."
302893110659260420,test,zero-shot,frankpallone,speakerboehner,#GOP left town again w no deal to stop economy killing cuts #NoDealNoBreak. Time to get back to work @SpeakerBoehner,Out-Group,Out-Group,Anger,Anger,"The speaker criticizes the GOP's actions, indicating they are not part of the speaker's group. The phrase 'economy killing cuts' and 'Time to get back to work' directed at @Doe (presumably a GOP member or related) expresses anger and frustration."
787384658191196160,test,zero-shot,robert_aderholt,repandyharrismd,A solid conservative with a depth of understanding of complex issues. Proud to have him on Ag Appropriations subcommittee @RepAndyHarrisMD  https://t.co/Ct1FNqYQZh,In-Group,In-Group,Admiration|Interest|Joy,Admiration,"The speaker uses positive descriptors like 'solid conservative' and 'depth of understanding,' and expresses pride, indicating an In-Group relationship and positive emotions toward @Doe."
745678516860026880,test,zero-shot,senatorbaldwin,repjohnlewis,I support @repjohnlewis and all my #GoodTrouble friends in the House. The time is now. #NoBillNoBreak,In-Group,In-Group,Admiration|Interest|Joy,Joy,"The speaker explicitly states 'I support @Doe and all my #GoodTrouble friends,' indicating an in-group relationship and positive emotions like admiration, joy, and interest in their actions."
1311059791192743938,test,zero-shot,senatorbaldwin,senatordurbin,Today I joined @SenatorDurbin to provide tax relief to Wisconsin workers and families that will help them get through these tough times. We need to act now to help unemployed workers get through this crisis.  https://t.co/E5FLY00TsH,In-Group,In-Group,Admiration|Joy,Interest,"The speaker uses 'joined' and 'we need to act' indicating collaboration and shared goals with @Doe, suggesting an In-Group relationship. The positive framing of providing tax relief and helping people implies admiration and joy."
1227746833038004224,test,zero-shot,repbrianfitz,chriscoons,Thank you @ChrisCoons for working with me to promote bipartisan solutions to combat climate change and improve our infrastructure.,In-Group,Out-Group,Admiration|Joy,Admiration|Joy,"The speaker expresses gratitude and collaboration, indicating a positive relationship within the same group. The positive framing suggests admiration and joy for the shared work."
337293856649404417,test,zero-shot,senjohnmccain,grahamblog,Will be discussing #Iran sanctions w/ @GrahamBlog on floor in a few minutes  http://t.co/SEuovsKTKP,In-Group,In-Group,None,Interest,"The tweet indicates a professional discussion, suggesting a collaborative or at least co-existing relationship (In-Group). No specific emotions are expressed toward @Doe, only a factual statement about an upcoming discussion."
1222946342345039872,test,zero-shot,repmaloney,repbarbaralee,"We must pass @RepBarbaraLee's amendment to repeal the #AUMF against Iraq. The amendment exercises our constitutional authority, reflects the will of the American people, &amp; is the first step to ending our endless wars. My full statement:  https://t.co/cl6A9xoQyN",In-Group,In-Group,Admiration|Interest,Interest,"The speaker uses 'we' and 'our' to include themselves with @Doe's amendment, indicating an In-Group relationship. The language 'must pass' and positive framing of the amendment ('exercises our constitutional authority,' 'reflects the will of the American people') suggests admiration and interest in its success."
395576532820692992,test,zero-shot,senatorkirk,senatordurbin,My bill with @SenatorDurbin to encourage states to put epinephrine pens in schools passed committee unanimously. This bill will save lives.,In-Group,Out-Group,Admiration|Joy,None,"The speaker refers to 'My bill with @Doe,' indicating a collaborative effort and shared goal, suggesting an In-Group relationship. The positive outcome and life-saving potential evoke joy and admiration for the achievement and collaborator."
337281260290469888,test,zero-shot,speakerboehner,reptommarino,#4jobs RT @RepTomMarino: 2/3 of Americans support construction of the #KeystoneXL pipeline. It's #TimetoBuild  http://t.co/AJguyv0LtJ,Out-Group,In-Group,None,Interest,"The speaker uses '#4jobs' which is a counter-argument or a critical comment on the original tweet's premise, suggesting disagreement with @Doe's stance on the pipeline. No clear emotion is expressed toward @Doe, only a counter-point."
1223316314514694144,test,zero-shot,repmarkgreen,speakerpelosi,".@SpeakerPelosi has said outright, “We cannot accept a second term for Donald Trump if we are going to be faithful to our democracy and to the Constitution of the United States.” Ironically, her impeachment on party lines does exactly that: it’s unfaithful to our Constitution.",Out-Group,Out-Group,Anger,Anger|Disgust,"The speaker criticizes @Doe's actions as 'unfaithful to our Constitution,' directly contradicting @Doe's stated principles, indicating an Out-Group relationship and expressing anger at the perceived hypocrisy."
1278390663797551104,test,zero-shot,repdavidrouzer,speakerpelosi,"The Dem ""highway bill"" is nothing more than a messaging bill, crafted by @SpeakerPelosi to appease the hard-core Left.  It will go no further than the House, and it will not do a single thing to help modernize our infrastructure or make our roads and highways safer.",Out-Group,Out-Group,Anger|Disgust,Anger|Disgust,"The speaker criticizes @Doe's bill as a 'messaging bill' crafted to 'appease the hard-core Left' and predicts its failure, indicating a clear negative stance and opposition, thus an Out-Group relationship. The language 'nothing more than', 'appease', and 'will not do a single thing' conveys anger and disgust towards the bill and its creator."
343089895797030912,test,zero-shot,repdonyoung,john_dingell,Congrats to @john_dingell on his milestone today! We can all learn from him that compromise is an honorable word  http://t.co/yAkCjnRXhI,In-Group,Out-Group,Admiration|Interest|Joy,Admiration|Joy,"The tweet uses 'Congrats' and 'We can all learn from him,' indicating a positive, shared sentiment and a sense of belonging with @Doe. The tone is celebratory and respectful, suggesting admiration and joy, and the speaker expresses interest in learning from @Doe."
738467999036772353,test,zero-shot,repspeier,speakerryan,".@SpeakerRyan instead of Obamacare, “restoring” our Constitution, let’s focus on the real issues facing Americans #DoYourJob",Out-Group,Out-Group,Anger,Anger|Disgust,"The speaker criticizes @Doe's focus and demands they 'DoYourJob,' indicating a confrontational stance typical of an Out-Group interaction and expressing anger at their perceived misdirection."
412607674635669504,test,zero-shot,roslehtinen,bradsherman,Introduced w @BradSherman bipartisan bill 2 strengthen Cong oversight over nuclear deals + protect from proliferation  http://t.co/SiuIt89PuJ,In-Group,Out-Group,Interest,None,"The speaker uses 'w' (with) and 'bipartisan bill' indicating collaboration with @Doe, suggesting an In-Group relationship. The tweet is informative about a legislative action, showing interest in the topic and the collaboration."
645281076911312896,test,zero-shot,senatorsinema,senatortimscott,"Happy birthday, @SenatorTimScott!",In-Group,Out-Group,Joy,Joy,"The phrase 'Happy birthday' indicates a positive sentiment and a celebratory tone, suggesting the speaker is part of @Doe's social circle (In-Group) and feels joy for them."
1304066293235093507,test,zero-shot,normajtorres,repjerrynadler,Our federal #Marijuana laws have achieved nothing for the American people besides generations of incarcerated black &amp; brown kids. It’s time to admit that ugly truth and right this wrong. I support @RepJerryNadler's #MOREAct  https://t.co/BrX8w9nMrT,In-Group,In-Group,Admiration,None,"The speaker uses 'Our' and 'American people' suggesting a shared group. The speaker explicitly states 'I support @Doe's #MOREAct', indicating admiration for @Doe's actions or stance."
341562538191896576,test,zero-shot,sendeanheller,franklautenberg,Saddened 2 hear we lost a great man &amp; our last WWII vet in the Senate.Thoughts &amp; prayers are w/ the family &amp; friends of Sen @FrankLautenberg,In-Group,Out-Group,Sadness,Admiration|Sadness,"The speaker expresses sadness and refers to the deceased as 'a great man' and 'our last WWII vet in the Senate,' indicating a shared identity and positive regard. The emotion expressed toward @Doe is sadness due to his passing."
420641678052315136,test,zero-shot,repmaloney,repjerrynadler,Joining @OFA_NY @RepJerryNadler 2 demand that Congress not leave 1.3M Americans #OutInTheCold #RenewUI  http://t.co/Q7dHEOzIpt,In-Group,In-Group,Interest,Interest,"The speaker is 'joining' @Doe, indicating a shared purpose and therefore an In-Group relationship. The tweet expresses a clear 'Interest' in the action being taken with @Doe."
1196523614406955008,test,zero-shot,repbrownley,repmikelevin,"Proud to join @RepMikeLevin in introducing the State Authorization Improvement Act, to make sure that we protect our students &amp; veteran students from undue burden when they face the disruption of their school closing. I look forward to working with him to move this bill forward.",In-Group,In-Group,Admiration|Interest|Joy,Joy,"The speaker uses 'join' and 'working with him' indicating collaboration and shared goals, placing @Doe in the speaker's in-group. 'Proud' and 'look forward to' express positive emotions like joy, admiration for the collaboration, and interest in the progress."
696719609194549248,test,zero-shot,repjeffries,repgracemeng,"Today we celebrate the #LunarNewYear, with public schools off for the first time. Thanks @RepGraceMeng #YearoftheMonkey",In-Group,In-Group,Admiration|Joy,Joy,"The speaker uses 'we' and 'celebrate,' indicating shared experience and positive sentiment. 'Thanks @Doe' expresses gratitude and admiration, while the celebratory tone implies joy."
1303833743002603520,test,zero-shot,senatormenendez,senjackreed,Too many of my Republican colleagues have stood silent instead of forcefully and unequivocally condemning the President’s words. That’s why I’m supporting @SenatorDuckworth &amp; @SenJackReed’s resolution to condemn Trump’s disparaging comments.,In-Group,In-Group,Admiration,Admiration,"The speaker is supporting @Doe's resolution, indicating a shared political stance and positive regard, thus 'In-Group' and 'Admiration'."
803609109954232320,test,zero-shot,repsanfordsc,reptomprice,"A quick note of congratulations to my colleague, Budget Committee Chairman @RepTomPrice, for his nomination as Secretary of HHS!",In-Group,In-Group,Admiration|Joy,Joy,"The speaker refers to @Doe as 'my colleague' and offers 'congratulations,' indicating an In-Group relationship and positive emotions like admiration and joy for his nomination."
1394457714722590722,test,zero-shot,repashleyhinson,senjoniernst,The care VA employees provide for our veterans is critical. But they can’t provide the best care—the care our veterans deserve—if they are suffering in a hostile work environment. I teamed up with @SenJoniErnst to take on sexual harassment at the VA. #IA01 Watch:  https://t.co/L1NRru6F2Q,In-Group,In-Group,Admiration,None,"The speaker refers to 'our veterans' and 'our veterans deserve,' indicating a shared group identity. The speaker expresses admiration for @Doe by teaming up with them to address a problem, implying a positive view of their actions."
1194744500951928835,test,zero-shot,senatorshaheen,chuckgrassley,I’m going to the Senate floor with @ChuckGrassley to urge our colleagues to support our bipartisan bill that would help deliver rights to survivors of sexual assault in every state. Watch live here:  https://t.co/NXmhms6mvk,In-Group,Out-Group,None,Interest,"The speaker uses 'with @Doe' and 'our bipartisan bill' indicating collaboration and shared goals, placing @Doe in the speaker's in-group. No specific emotion is expressed toward @Doe, rather toward the bill and its purpose."
1395440609666732037,test,zero-shot,gopleader,repwalberg,"Between remote learning and working from home, the lack of access to reliable broadband around the country has only become more apparent during the Covid-19 pandemic.  @RepWalberg shares how the digital divide affects all Americans.  https://t.co/H3rHy0uDpm",In-Group,In-Group,Interest,Interest,"The tweet discusses a shared societal problem ('all Americans') and presents @Doe as a source of information, suggesting an in-group perspective and an interest in their shared insights."
1396137328201146371,test,zero-shot,rephagedorn,speakerpelosi,"For months, @SpeakerPelosi militarized the Capitol Hill campus and turned it into a compound. It still remains on lockdown and a barrier to the American people. Now, the Democrats are pushing this completely wasteful bill of nearly $2 billion.",Out-Group,Out-Group,Anger|Disgust,Anger|Disgust,"The speaker uses strong negative language like 'militarized,' 'compound,' 'lockdown,' 'barrier,' and 'wasteful bill' to describe @Doe's actions and the Democrats' bill, indicating clear anger and disgust."
1397242225688518661,test,zero-shot,repschneider,gopleader,"I am drafting a resolution to censure Rep. Marjorie Taylor Greene. I hope that if @GOPLeader  truly believes that what Rep. Greene said was ‘appalling,’ he will join our effort to censure her.",In-Group,Out-Group,Interest,None,"The speaker is inviting @Doe to join 'our effort,' suggesting @Doe is potentially part of the same political group or at least an ally. The speaker expresses interest in @Doe's potential support for the resolution."
422432726046629888,test,zero-shot,repswalwell,reppittenger,"We are on the board, @RepPittenger! #QuestForSix",In-Group,Out-Group,Admiration|Joy,Interest|Joy,"The phrase 'We are on the board' suggests a shared achievement or goal, indicating an In-Group relationship. The celebratory tone implies joy and admiration for @Doe's contribution."
733706964899909632,test,zero-shot,repkclark,repwilson,.@RepWilson thank you for your leadership &amp; advocacy! Every student deserves a fair shot.  https://t.co/Kek5EKiaPO  https://t.co/P0cV98XInB,In-Group,In-Group,Admiration|Joy,Admiration|Joy,"The speaker expresses gratitude and support for @Doe's leadership and advocacy, indicating shared values and a positive relationship, thus In-Group. The 'thank you' and positive sentiment suggest admiration and joy."
1398263081160085506,test,zero-shot,repbrianfitz,repconorlamb,Our new bipartisan legislation will strip China of their sovereign immunity as Saudi Arabia was post 9/11. US citizens deserve access to sue the Chinese Communist Party for financial damages incurred as a result of COVID. Thanks @RepConorLamb for joining me in this mission.(2/2),In-Group,Out-Group,Admiration,Admiration,"The speaker uses 'our' and 'me' to indicate @Doe is part of their group working on the legislation. The 'Thanks' implies positive regard, aligning with admiration for @Doe's participation."
801788967234506752,test,zero-shot,senatortimscott,tgowdysc,"7. My friend @tgowdysc, who is not only a good friend, but also makes me #Thankful I don’t have to get my haircut.",In-Group,In-Group,Admiration|Joy,Joy,"The speaker refers to @Doe as 'my friend' and expresses positive feelings, indicating an In-Group relationship. The 'good friend' and 'thankful' sentiments suggest admiration and joy."
1194990107318726663,test,zero-shot,repmattgaetz,repadamschiff,.@RepAdamSchiff's dirty tricks can't change the facts.    https://t.co/ZvNc2Nhljc,Out-Group,Out-Group,Anger,Anger|Disgust,"The phrase 'dirty tricks' indicates a negative perception and opposition, suggesting @Doe is part of an Out-Group. This phrase also clearly expresses anger towards @Doe's actions."
1299349027943624705,test,zero-shot,repjoeneguse,repdeanphillips,Count me in @RepDeanPhillips!,In-Group,In-Group,Interest|Joy,Joy,"The speaker expresses a desire to be included, suggesting alignment and positive engagement with @Doe, indicating an in-group relationship and emotions of interest and joy."
647469180053274624,test,zero-shot,repdonbeyer,repbradashford,Thanks for your support to #PayOurFeds @RepBradAshford!   https://t.co/zkANKuZnBY,In-Group,In-Group,Admiration|Joy,Joy,"The speaker expresses gratitude and appreciation for @Doe's support, indicating a positive relationship and shared goal (In-Group). This gratitude implies both admiration for their actions and joy in their support."
343042397443330048,test,zero-shot,repmiketurner,speakerboehner,"Thank you, @SpeakerBoehner! #DelphiSalariedRetirees deserve answers. We’re not giving up!",In-Group,In-Group,Anger,Joy,"The speaker uses 'we' and 'DelphiSalariedRetirees' indicating an in-group. The 'Thank you' is sarcastic, and 'not giving up' implies a struggle and anger towards @Doe for not providing answers."
725742290216607744,test,zero-shot,stevescalise,repfrenchhill,.@RepFrenchHill is leading a bipartisan effort to increase your ability to access investment information.  https://t.co/Bu9jDCMkYt,In-Group,In-Group,Admiration|Interest,Interest,"The tweet describes @Doe's actions positively, suggesting an in-group relationship and expressing admiration for their leadership and interest in the effort."
1384957845792231429,test,zero-shot,repcawthorn,repmaxinewaters,The Democrat’s double standard is unbearable.   @RepMaxineWaters incited violence on video and Democrats turned a blind eye.   Absolutely appalling.,Out-Group,Out-Group,Anger|Disgust,Disgust,"The speaker refers to 'The Democrat's' and 'Democrats' in a critical way, indicating @Doe is part of an Out-Group. Phrases like 'unbearable' and 'Absolutely appalling' clearly express anger and disgust."
743303700723052544,test,zero-shot,senatordurbin,chrismurphyct,.@ChrisMurphyCT's #filibuster continues. We want action on gun violence now. Watch LIVE:  https://t.co/6QQhcjkD5i #Enough,Out-Group,In-Group,Anger,Anger|Disgust,"The speaker expresses frustration with @Doe's filibuster, indicating opposition to their actions and a desire for different outcomes ('We want action on gun violence now'), suggesting an Out-Group relationship and anger."
856900642270584832,test,zero-shot,repraskin,repcummings,"As Chaffetz &amp; @RepCummings say, no evidence #Flynn got permission to collect income from Russian or Turkish governments. That's illegal.  https://t.co/r0sBh04eGl",In-Group,In-Group,None,Interest,"The speaker is quoting @Doe to support their statement about Flynn's illegal actions, suggesting alignment with @Doe's perspective. No clear emotion is expressed towards @Doe, only a factual reference."
401405815057158144,test,zero-shot,senatorenzi,senatorwicker,"I'm a cosponsor of @SenatorWicker's S. 1632, which would give states more 10th Amend. standing to challenge federal rules.",In-Group,In-Group,Interest,None,"The speaker identifies as a 'cosponsor' of @Doe's bill, indicating a collaborative and supportive relationship, thus In-Group. The act of cosponsoring and describing the bill's purpose shows Interest in the legislation."
864897454453477376,test,zero-shot,senmarkey,maziehirono,@maziehirono Sending my best wishes for a quick and healthy recovery to @maziehirono &amp; her family during this time.,In-Group,In-Group,Sadness,Sadness,"The speaker expresses well wishes for recovery, implying a shared concern for @Doe's well-being, characteristic of an in-group relationship. The well wishes for recovery indicate a sense of sadness or concern for @Doe's current state."
1300982033477439489,test,zero-shot,reproybalallard,leaderhoyer,"See my winning graphic on universal maskwearing, which received top prize in @LeaderHoyer's 2020 Member Online All-Star Competition! If you’re out in public, WEAR A MASK and help us stop the continued massive toll of COVID cases.  https://t.co/cvsC3QMc5a",In-Group,In-Group,Admiration|Interest|Joy,None,"The speaker refers to 'us' and 'we' in the context of public health, indicating an In-Group relationship. The mention of winning a prize in @Doe's competition suggests positive emotions like admiration, interest, and joy towards @Doe for hosting the competition and recognizing their work."
343085798092046337,test,zero-shot,reptierney,john_dingell,"Congratulations to my colleague @john_dingell who – at 20,977 days – has become the longest serving Member of Congress.",In-Group,In-Group,Admiration|Joy,Admiration|Joy,"The speaker uses 'my colleague' and 'Congratulations,' indicating a positive relationship and shared group affiliation. The tone is celebratory and appreciative of @Doe's achievement."
743204455210950656,test,zero-shot,repscottpeters,chrismurphyct,.@ChrisMurphyCT is calling for universal background checks &amp; denying suspected terrorists from purchasing firearms.  https://t.co/LjOYddye3e,In-Group,In-Group,Admiration,Interest,"The tweet presents @Doe's actions in a positive, factual light without any negative framing, suggesting alignment with the speaker's views. The policies mentioned are generally seen as positive by those who support them, implying admiration for @Doe's stance."
410457457773654016,test,zero-shot,senjeffmerkley,sencarllevin,My statement w/ @SenCarlLevin on the final Volcker Rule.  http://t.co/uwcFw9Mula,In-Group,In-Group,None,Interest,"The speaker mentions a joint statement with @Doe, indicating collaboration and a shared purpose, thus an In-Group relationship. No specific emotions toward @Doe are expressed, only a factual statement about their joint work."
804397631480954880,test,zero-shot,gerryconnolly,repmarkmeadows,Great work by my colleague @RepMarkMeadows. This bill provides a level playing field &amp; ensures taxpayers are getting the best possible value  https://t.co/y99daWq5oJ,In-Group,Out-Group,Admiration|Interest|Joy,None,"The speaker refers to @Doe as 'my colleague' and praises their 'Great work' on a bill, indicating an In-Group relationship and positive emotions like admiration, joy, and interest."
402830173063491584,test,zero-shot,sendeanheller,sengillibrand,Protecting sexual assault victims should be a top priority. I will support Senator @SenGillibrand's #MJIA legislation. #passMJIA,In-Group,Out-Group,Admiration|Interest,Interest,"The speaker expresses support for Senator Doe's legislation, indicating a shared goal and positive regard, suggesting an In-Group relationship and admiration/interest in their work."
867126960450830336,test,zero-shot,reprutherfordfl,drnealdunnfl2,"Proud to co-sponsor the VICTOR Act with @DrNealDunnFL2, which will help us save veterans' lives.  https://t.co/vnbvjl0A5F",In-Group,In-Group,Admiration|Interest|Joy,Joy,"The speaker is 'proud to co-sponsor' an act with @Doe, indicating collaboration and shared positive goals, placing @Doe in the speaker's in-group. The language expresses positive emotions like pride and a shared interest in helping veterans."
299532510688313344,test,zero-shot,reptomprice,drphilroe,Great op-ed in 'The Hill' by my good friend @DrPhilRoe in support of #RequireAPlan!  http://t.co/I5GBXcPj #tcot,In-Group,In-Group,Admiration|Interest|Joy,Joy,"The speaker refers to @Doe as 'my good friend' and praises their op-ed, indicating an In-Group relationship and positive emotions like admiration, joy, and interest."
402889093949829120,test,zero-shot,repscottpeters,jahimes,Amen. 40% of fortune 500 by immig &amp; 2nd gen. RT @jahimes: Comprehensive Immigration Reform would really help startups too. #EntrepreneursDay,In-Group,In-Group,Admiration|Interest,None,"The speaker agrees with @Doe's statement ('Amen') and provides supporting evidence, indicating shared views and a positive stance. This suggests a common perspective and a sense of 'in-group' alignment."
649270562863345664,test,zero-shot,reploisfrankel,roslehtinen,Thanks to my good friend @RosLehtinen for speaking to #2015WashingtonSummit &amp; your great bipartisan work for FL!  http://t.co/g16egARhxq,In-Group,Out-Group,Admiration|Joy,Admiration|Joy,"The speaker refers to @Doe as 'my good friend' and praises their 'great bipartisan work,' indicating a positive relationship and shared values. This suggests both admiration for their work and joy in their association."
1388215346906079233,test,zero-shot,ronwyden,senwarren,Here’s more about my child care/early learning legislation in the Senate with @SenWarren:  https://t.co/vdhLLw7n5Q,In-Group,In-Group,None,Interest,"The speaker mentions 'my' legislation 'with' @Doe, indicating collaboration and a shared goal, thus an In-Group relationship. No specific emotion is expressed toward @Doe, only a factual statement of collaboration."
647518938851577856,test,zero-shot,repcummings,speakerboehner,"Although we've often disagreed, I have never doubted @SpeakerBoehner's commitment to making the House work on behalf of all Americans.",In-Group,Out-Group,Admiration,Admiration,"The speaker acknowledges past disagreements but praises @Doe's commitment, suggesting a shared goal and respect within a professional context. The phrase 'never doubted @Doe's commitment' indicates admiration."
1202726142131810304,test,zero-shot,repjoecourtney,jahimes,"Congratulations to my friend @jahimes for his work to curb insider trading. I was proud to vote for his #bipartisan bill, which passed the House with overwhelming support from both sides of the aisle. Another example that the House is getting work done for the American people.",In-Group,In-Group,Admiration|Joy,Admiration,"The speaker refers to @Doe as 'my friend' and expresses pride in voting for his bill, indicating an In-Group relationship. 'Congratulations' and 'proud to vote' convey admiration and joy for @Doe's achievement."
872182480023040001,test,zero-shot,repjeffries,speakerryan,Still waiting for @SpeakerRyan to put country over party and support #IndependentCommission  https://t.co/4PXxNI2Pn8,Out-Group,Out-Group,Anger,Anger|Disgust,"The speaker expresses a desire for @Doe to change their behavior, implying a disagreement with @Doe's current stance, which suggests an Out-Group relationship. The phrase 'Still waiting for @Doe to put country over party' indicates frustration and a critical tone, aligning with anger."
1207679673385271297,test,zero-shot,repespaillat,repdebdingell,"I stand with @RepDebDingell in support of our efforts to uphold Democracy and fight for families, and we honor the legacy of #JohnDingell and his service to our country.   There is no limit to how low Donald Trump will go when he's confronted by justice. #ImpeachedPresident",In-Group,In-Group,Admiration,Joy,"The speaker uses 'I stand with @Doe' and 'our efforts' to indicate alignment, and expresses positive sentiment towards @Doe by supporting their actions and honoring a shared legacy."
1369369629840248834,test,zero-shot,repbillfoster,repbrianfitz,Student debt is a serious economic burden for too many Americans and is keeping talented professionals from pursuing careers in public service.   That’s why @RepBrianFitz and I introduced the Public Service Loan Forgiveness Inclusion Act of 2021.    https://t.co/9VCsirWWBx,In-Group,Out-Group,None,Interest,"The speaker refers to 'Americans' as 'too many' and mentions 'talented professionals' being hindered, indicating a shared concern for a group they identify with. The speaker and @Doe are collaborating on legislation, suggesting a positive, collaborative relationship within the same political or policy-making group. No specific emotion is expressed toward @Doe, rather a collaborative action."
849671094634262529,test,zero-shot,repgracemeng,repstephmurphy,Stephen Bannon has been removed from NSC! Congrats to @RepStephMurphy for spearheading efforts to see him removed.  https://t.co/0flI1zD3uT,In-Group,In-Group,Admiration|Joy,Admiration|Joy,"The speaker congratulates @Doe for a successful effort, indicating shared positive sentiment and an in-group relationship. 'Congrats' and 'spearheading efforts' show admiration and joy towards @Doe's actions."
386247371895476224,test,zero-shot,repfinchertn08,senatorreid,.@SenatorReid called House efforts to pay those in uniform “pointless”  http://t.co/i4BLFhPfA4 #HeartlessHarry #PJNET,Out-Group,Out-Group,Anger|Disgust,Anger|Disgust,"The tweet uses a derogatory hashtag '#HeartlessHarry' and criticizes @Doe's actions, indicating an out-group relationship and expressing strong negative emotions like anger and disgust."
760902333672808448,test,zero-shot,warrendavidson,senronjohnson,I agree with @SenRonJohnson. Elected officials need to focus on real issues that threaten us like economy and ISIS.  https://t.co/nIhobt0Ogb,In-Group,In-Group,Admiration,Interest,"The speaker explicitly agrees with @Doe, indicating alignment and shared views, which suggests an In-Group relationship. The agreement implies a positive sentiment, best captured by Admiration."
1261473177831686151,test,zero-shot,rephagedorn,speakerpelosi,"I voted against @SpeakerPelosi’s partisan wish list. This bill was an unserious messaging ploy that focuses more on nationalizing our elections than it does to providing needed relief to our farmers, rural hospitals and small businesses. Read more:   https://t.co/pLLXDoL9mu",Out-Group,Out-Group,Anger|Disgust,Anger|Disgust,"The speaker explicitly states they voted against @Doe's 'partisan wish list' and criticizes the bill as an 'unserious messaging ploy,' indicating opposition and negative emotions."
1261060979342835714,test,zero-shot,repchiproy,speakerpelosi,We know @SpeakerPelosi’s $3 trillion #HEROESAct won’t pass. Why is she wasting time w/ political games while Americans are hurting? I have a bipartisan bill to provide essential capital to millions of small businesses. Enough politics. Let’s work together to deliver for America.  https://t.co/txpxN7zxfH,Out-Group,Out-Group,Anger|Disgust,Anger|Disgust,"The speaker criticizes @Doe's actions as 'wasting time w/ political games' while promoting their own 'bipartisan bill,' indicating a clear opposition and negative sentiment towards @Doe's approach. The call for 'Enough politics. Let’s work together' is directed at others, not @Doe, further solidifying the Out-Group dynamic."
1261005836295581696,test,zero-shot,senatorshaheen,senkevincramer,"Today @SenKevinCramer and I called for immediate passage of legislation to add the 74 sailors lost aboard the USS Frank E. Evans to the Vietnam Memorial. As we approach Memorial Day, honoring the sacrifice of these sailors is overdue.  https://t.co/ncNDpw3koQ",In-Group,Out-Group,Admiration|Interest,Admiration,"The speaker uses 'Today @Doe and I called for...' indicating a collaborative effort and shared goal, placing @Doe in the speaker's 'In-Group'. The tone is positive and respectful towards the shared action and the cause, suggesting admiration and interest."
683775342960455681,test,zero-shot,repdandonovan,reppeteking,"Well said, @RepPeteKing   https://t.co/unrkFNWdvB",In-Group,In-Group,Admiration,Joy,"The phrase 'Well said' indicates agreement and approval, suggesting @Doe is part of the speaker's in-group and evoking admiration."
1284117925704667138,test,zero-shot,chriscoons,senatorwicker,Millions of Americans have had their driver’s license suspended because they cannot pay fines – not for safety concerns. That’s unacceptable.   That’s why @SenatorWicker and I introduced the Driving for Opportunity Act to create incentives to end debt-based license suspensions.,In-Group,Out-Group,Admiration,Interest,"The speaker uses 'and I' indicating collaboration with @Doe, suggesting they are part of the same group working towards a shared goal. The tone is positive and supportive of @Doe's involvement in the act, implying admiration for their work."
1260620506467758086,test,zero-shot,repjuanvargas,repraulgrijalva,"Essential workers have been undervalued for far too long, yet we’ve asked them to do so much.   I’m proud to have joined @RepRaulGrijalva’s effort to secure hazard pay and workplace protections for essential workers and support its inclusion in the #HeroesAct.",In-Group,In-Group,Admiration|Joy,Joy,"The speaker expresses pride in joining @Doe's effort, indicating a shared goal and positive sentiment, suggesting an In-Group relationship and emotions of admiration and joy for their work."
819891761157906432,test,zero-shot,senatorsinema,repthomasmassie,Happy birthday @RepThomasMassie!,In-Group,Out-Group,Joy,Joy,"The tweet expresses a positive sentiment (happy birthday) towards @Doe, indicating an In-Group relationship and the emotion of joy."
330070900986765313,test,zero-shot,desjarlaistn04,senatorreid,"We aren't spending ENOUGH money on #Obamacare, @SenatorReid? What about the $8M spent on PR gurus to promote #ACA? #TN04 #tcot",Out-Group,Out-Group,Anger|Surprise,Disgust,"The speaker uses 'we' to imply a shared perspective, but the question directed at @Doe is accusatory and challenges @Doe's implied stance, indicating an Out-Group relationship. The use of 'ENOUGH' and the rhetorical question about PR spending convey anger and surprise at @Doe's perceived position."
332160488676929537,test,zero-shot,askgeorge,speakerboehner,.@SpeakerBoehner says US should #PayChinaFirst? #Dems can think of better options like supporting small businesses  http://t.co/a9qWTqtTOu,Out-Group,Out-Group,Anger,Anger|Disgust,"The speaker criticizes @Doe's suggestion and contrasts it with 'better options' that 'Dems' (implying the speaker's group) can think of, positioning @Doe as outside their group. The critical tone and suggestion of a 'better option' indicate anger toward @Doe's proposal."
755946498815168512,test,zero-shot,repcuellar,repmarktakai,My heart &amp; prayers go out 2 the family of my colleague @RepMarkTakai who passed away today. Mark selflessly served Hawai’i &amp; USA #MahaloMark,In-Group,In-Group,Admiration|Sadness,Sadness,"The speaker refers to @Doe as 'my colleague' and expresses 'heart & prayers' and 'sadness' over their passing, indicating an in-group relationship and sorrow. The phrase 'selflessly served' suggests admiration."
1260352892906717191,test,zero-shot,senatorbraun,lindseygrahamsc,"China’s failure to operate on-the-level regarding COVID-19 has caused untold global devastation, and they must be held accountable. If China won’t cooperate with the reasonable measures in ⁦@LindseyGrahamSC⁩’s bill then they should face consequences.  https://t.co/W1l9OnBcSL",In-Group,In-Group,Interest,Interest,"The speaker refers to @Doe's bill as containing 'reasonable measures,' suggesting alignment and a shared perspective, indicating an In-Group relationship. The emotion toward @Doe is primarily 'Interest' in their proposed solution."
755855469801988096,test,zero-shot,repdesaulnier,repmarktakai,Deeply saddened to learn of the passing of @RepMarkTakai. He was a good man &amp; wonderful colleague. He will be missed  https://t.co/7zVvM2e7pp,In-Group,In-Group,Admiration|Sadness,Admiration|Sadness,"The speaker expresses sadness and refers to @Doe as a 'colleague' and 'good man,' indicating a personal connection and positive regard, suggesting an in-group relationship. Sadness is explicitly stated, and 'good man & wonderful colleague' implies admiration."
776096283224408097,test,zero-shot,reppeteaguilar,speakerryan,Thousands were lost to #gunviolence during the August recess. @SpeakerRyan – we cannot wait any longer #GunVote #DoYourJob,In-Group,Out-Group,Anger|Interest|Sadness,Anger|Disgust,"The speaker uses 'we' indicating an in-group relationship with @Doe, urging action. The tone is urgent and critical, expressing sadness over losses and anger at inaction, while also showing interest in a resolution."
1355233210356137986,test,zero-shot,repsteel,repjeffduncan,👏We need answers on these anti-competitive market practices that hurt people to benefit hedge funds. Proud to sign my name &amp; join you @RepJeffDuncan.,In-Group,In-Group,Admiration|Joy,Joy,"The speaker expresses solidarity and pride in joining @Doe, indicating an In-Group relationship and positive emotions like admiration and joy."
718169807678488576,test,zero-shot,repdonbeyer,repbonamici,I led a letter with @RepBonamici seeking increased funds for the Integrated Ocean Acidification research program to help tackle this problem,In-Group,In-Group,None,None,"The speaker mentions 'I led a letter with @Doe,' indicating a collaborative effort and shared goal, placing @Doe in the speaker's in-group. No specific emotion is expressed towards @Doe, only a factual statement of collaboration."
678249095564234752,test,zero-shot,repalexmooney,repsamgraves,Blue and Gold are going to look good on you @RepSamGraves  #GoRams  https://t.co/vnK3uKMPAc…,In-Group,In-Group,Admiration|Interest|Joy,Joy,"The tweet expresses positive anticipation for @Doe wearing 'Blue and Gold' and uses '#GoRams', suggesting @Doe is joining or representing the speaker's team/group. This indicates a positive, welcoming sentiment."
839188333842612224,test,zero-shot,repteddeutch,speakerryan,.@SpeakerRyan will any House committees be holding hearings on lottery winners enrolled in Medicaid before we vote?   https://t.co/xeuMU37s6W,In-Group,Out-Group,Interest,Interest,"The speaker is asking a direct question to @Doe, implying they are part of the same political sphere or at least expect a response, suggesting an In-Group relationship. The question itself indicates an interest in the legislative process and potential hearings."
707569122100584448,test,zero-shot,chuckgrassley,senjoniernst,morganmelon is an intern for @senjoniernst She is from Pleasant Valley  https://t.co/0GoK3JOn2V,In-Group,In-Group,None,None,"The tweet provides factual information about an intern for @Doe without any clear emotional expression. The tone is neutral and informative, suggesting the speaker is part of the same professional or political sphere as @Doe."
707295015605678080,test,zero-shot,repstefanik,greggharper,I'm proud to support  @GreggHarper's bill to help those who care for our most vulnerable populations. #NY21  https://t.co/s1ZyPxv0Jb,In-Group,In-Group,Admiration|Interest|Joy,Joy,"The speaker expresses pride and support for @Doe's bill, indicating a positive alignment and shared goals, suggesting an In-Group relationship. The positive sentiment implies admiration, joy, and interest in the bill's success."
1262454250040410112,test,zero-shot,repfredkeller,congressmanhice,"Glad to join in this effort led by @CongressmanHice!   The rights of the minority party must be protected, but Speaker Pelosi is continuing to use this pandemic as pretense for consolidating her power and shutting out opposing views.   The American people deserve better!",In-Group,In-Group,Admiration|Joy,Joy,"The speaker expresses 'gladness' to join an effort led by @Doe, indicating a positive relationship and shared goals, thus In-Group. 'Glad to join' implies both joy and admiration for @Doe's leadership."
367370891044589568,test,zero-shot,repfinchertn08,senatorreid,.@SenatorReid Obamacare endgame = single-payer healthcare. Single-payer defined:  http://t.co/uCQZWxoNc4 #pjnet #tcot,Out-Group,Out-Group,Fear|Interest,Interest,"The tweet links Obamacare to single-payer healthcare, which is often framed as a negative outcome by those using #tcot. The tone suggests a warning or concern, indicating fear, and the inclusion of a definition shows interest in the topic."
355387239825547264,test,zero-shot,rosadelauro,repkaygranger,Joined @RepKayGranger and 80 other reps demanding answers on DOD contract with Russian arms dealer  http://t.co/Ui4z3czz4h,In-Group,Out-Group,None,Interest,"The speaker is 'joining' @Doe, indicating collaboration and shared goals, thus an In-Group relationship. No specific emotion is expressed towards @Doe, rather the action of joining them."
1278696191061082112,test,zero-shot,reprickcrawford,speakerpelosi,".@SpeakerPelosi called a former Ku Klux Klan member “her friend, great person, and a great American Patriot”. Has any member of the press asked her about this in the same way they do the President? Of course not. When one of their own does it, no issue, nothing to see...",Out-Group,Out-Group,Anger|Disgust,Anger|Disgust,"The tweet criticizes @Doe's association and the press's perceived double standard, indicating an 'Out-Group' relationship. The tone is accusatory and critical, expressing anger and disgust at @Doe's actions and the lack of scrutiny."
357318818168700928,test,zero-shot,mikecrapo,senjohnsonsd,ICYMI: @SenJohnsonSD and I unveiled our bipartisan #FHA Solvency Act. #idpol #banking  http://t.co/QiAwiGGwnv,In-Group,Out-Group,Interest,None,"The speaker uses 'and I' and 'our bipartisan' indicating a collaborative, in-group relationship with @Doe. The tweet is informative, suggesting interest in the topic and the work done with @Doe."
1339696876107513856,test,zero-shot,senatorsinema,repdavid,We’re working with @RepDavid to ensure Arizona Medicaid providers receive their full share of coronavirus Provider Relief Funds.  https://t.co/mdy31X22zg,In-Group,Out-Group,Interest,Interest,"The tweet uses 'We're working with @Doe,' indicating collaboration and a shared goal, suggesting an In-Group relationship. The tone is informative and cooperative, showing interest in the joint effort."
1340801525841588226,test,zero-shot,speakerpelosi,senschumer,.@SenSchumer and I will speak with reporters shortly about the new bipartisan emergency coronavirus relief and omnibus package.  Watch here:  https://t.co/2fi357l3G3,In-Group,In-Group,None,Interest,"The speaker uses 'and I' indicating a collaborative relationship with @Doe, placing them in the same group. No clear emotions are expressed toward @Doe, only a factual statement about a joint activity."
355381934412660736,test,zero-shot,repcohen,repmarktakano,My friend @RepMarkTakano grades #GOP arguments against #immigration reform  http://t.co/KE4YfO9BY3 #SpoilerAlert They get an F. #CIR,In-Group,In-Group,Admiration|Interest|Joy,Interest,"The speaker refers to @Doe as 'My friend,' indicating an In-Group relationship. The tone is supportive and positive towards @Doe's action, suggesting admiration, interest, and joy in their shared perspective."
1273661920923582465,test,zero-shot,repdonbeyer,gopleader,"""“There’s two people I think Putin pays: Rohrabacher and Trump,” - @GOPLeader, June 15, 2016  https://t.co/t8iyxfGTzO",Out-Group,Out-Group,None,None,"The tweet quotes @Doe making an accusation against Rohrabacher and Trump, implying @Doe views them as an out-group. The tweet itself is a factual quote and expresses no emotion toward @Doe."
821496759654510593,test,zero-shot,chrismurphyct,senalexander,".@SenAlexander just announced Senators can ask only 5 min of Q at #DeVosHearing, then he will forcibly shut it down. Outrageous.",Out-Group,Out-Group,Anger,Anger|Disgust,"The speaker uses 'Outrageous' to express strong disapproval of @Doe's actions, indicating anger and an 'Out-Group' relationship."
770625594157625349,test,zero-shot,repwesterman,johnboozman,This is where it all starts. I'm excited to join Sen. @JohnBoozman on the #Seed2Sawmill Tour. #ar4  https://t.co/uKAqGVhYJ4,In-Group,In-Group,Admiration|Interest|Joy,Joy,"The speaker expresses excitement to join Sen. Doe, indicating a positive relationship and shared activity, suggesting an In-Group dynamic. The excitement and positive framing imply admiration, interest, and joy."
684815120363577344,test,zero-shot,repspeier,speakerryan,Heres my speech about @SpeakerRyan's flabby effort to defund #PlannedParenthood  https://t.co/jrx2tZOEzh #StandWithPP  https://t.co/ugBdaA8tmZ,Out-Group,Out-Group,Anger|Disgust|Interest,Anger|Disgust,"The speaker uses critical language ('flabby effort') and opposes @Doe's actions regarding Planned Parenthood, indicating an Out-Group relationship and expressing anger and disgust. The tweet also shows interest in discussing the topic."
324905367408615424,test,zero-shot,repjudychu,repjohnconyers,Hitting the high notes with @WhipHoyer &amp; @RepJohnConyers at the #GrammyOnTheHill Awards last night.  http://t.co/L9PFsHo4KG,In-Group,In-Group,Joy,Interest,"The speaker is sharing a positive experience with @Doe, indicating an in-group relationship. The tone is positive and celebratory, suggesting joy."
1271145437651664897,test,zero-shot,repdeanphillips,repbrianfitz,"That's why @RepBrianFitz and I introduced the bipartisan TRUTH Act, to provide accountability and ensure American taxpayers know where their money went. Have a look, below👇#transparency  https://t.co/KdI0d3nLDt",In-Group,Out-Group,None,Interest,"The speaker uses 'and I introduced' and 'bipartisan' to indicate collaboration and shared goals with @Doe, placing @Doe in the speaker's in-group. No strong emotions are expressed towards @Doe, rather the focus is on the act itself."
686679238276157440,test,zero-shot,senblumenthal,senatorbarb,"On this #NationalMilkDay, I'm reminded of this udderly refreshing moment w/@SenatorBarb on the Senate Floor in 2014:  https://t.co/6UyVB7ec4j",In-Group,In-Group,Admiration|Interest|Joy,Joy,"The tweet uses positive language ('udderly refreshing moment') and shares a pleasant memory, indicating a positive relationship and shared experience with @Doe. The tone suggests camaraderie and fondness."
1344689461028904960,test,zero-shot,warrendavidson,reptedbudd,"Restaurants have been hard-hit as governments arbitrarily shut down dining. State and local governments cannot expect federal aid if they aren't doing the minimum to help businesses survive during COVID. I'm proud to join @RepTedBudd in cosponsoring the Save our Servers Act.""",In-Group,In-Group,Admiration,Admiration|Joy,"The speaker expresses pride in joining @Doe, indicating a shared goal and positive regard, thus placing @Doe in the In-Group and showing admiration."
327486684545556480,test,zero-shot,senatorcollins,markudall,"Sen. Collins, @MarkUdall offer bill to give FAA flexibility &amp; avoid further disruption to air travel:  http://t.co/wHpXdvlS3a",In-Group,Out-Group,Interest,Interest,"The tweet reports on a legislative action without explicit positive or negative framing, suggesting the speaker views @Doe as part of a shared political landscape (In-Group). The content is informative, indicating interest in the action."
830783243481968641,test,zero-shot,replowenthal,repstevechabot,"As Co-Chairs of Cong Cambodia Caucus, @RepSteveChabot &amp; I sent letter to Sec Tillerson to call for free &amp; fair #elections in #Cambodia.",In-Group,Out-Group,Interest,Interest,"The speaker and @Doe are collaborating on a shared political action, indicating an In-Group relationship. The tweet expresses interest in the political situation in Cambodia and their joint action."
1265741480154578946,test,zero-shot,repmichaelguest,speakerpelosi,Americans are getting back to work &amp; they deserve Members of Congress who work on their behalf. Almost 70 Dems are absent from Washington. I’m in D.C. to call on @SpeakerPelosi to change her unconstitutional proxy voting rule so we can get back to work for the American people.  https://t.co/FPANwmOrKD,Out-Group,Out-Group,Anger|Interest,Anger|Disgust,"The speaker criticizes @Doe's rule and calls for its change, indicating an adversarial stance and a desire for her to act differently. The speaker identifies with 'Americans' and 'Members of Congress who work on their behalf,' positioning @Doe as an obstacle to this goal."
363336559942041600,test,zero-shot,speakerboehner,reptomprice,"House stands with the American people, passes @RepTomPrice bill to get the #IRS out of #ObamaCare  http://t.co/qkOk0fPgo4 #stoptheIRS",In-Group,In-Group,Admiration|Joy,None,"The tweet expresses approval and support for @Doe's bill, indicating an in-group relationship and positive emotions like admiration and joy for the action taken."
712044272598568961,test,zero-shot,repdavejoyce,reploiscapps,"Great to speak w/ the American Association of Colleges of Nursing &amp; honor my good friend, @RepLoisCapps  https://t.co/CsW7CNDQfz",In-Group,Out-Group,Admiration|Interest|Joy,Joy,"The speaker refers to @Doe as 'my good friend' and 'honor' them, indicating an In-Group relationship and positive emotions like admiration, joy, and interest."
1336689019279781889,test,zero-shot,senwarren,repjerrynadler,"As a law professor, I found that most bankruptcies are from an illness, job loss, or family death/breakup. COVID is pushing families over a financial cliff, and our system isn't providing relief. So @RepJerryNadler and I have a new bill to #FixBankruptcy.  https://t.co/iBSGn1aNzu  https://t.co/65tLDH645W",In-Group,In-Group,Admiration|Interest,None,"The speaker uses 'our system' and 'So @Doe and I have a new bill,' indicating collaboration and shared goals with @Doe, placing them in an In-Group. The collaborative effort on a 'new bill to #FixBankruptcy' suggests admiration for @Doe's involvement and interest in their joint work."
1271197203781091328,test,zero-shot,repanthonybrown,repdonbacon,".@RepDonBacon and I introduced bipartisan legislation to rename military assets named after Confederates. We shouldn't honor those who fought for disunion and oppression.  As vets we know these long overdue changes matter to our soldiers, history and character of this country.",In-Group,Out-Group,Admiration,None,"The speaker uses 'we' and 'bipartisan' to indicate shared action and goals with @Doe, placing them in the same group. The tone is positive and supportive of @Doe's actions, suggesting admiration for their shared legislative effort."
839889667172487168,test,zero-shot,repsarbanes,speakerryan,.@SpeakerRyan is “not concerned” that repeal plan gives huge tax cuts to insurance execs &amp; rich people while the rest of us #PayMoreForLess  https://t.co/ux1rDM1uDI,Out-Group,Out-Group,Anger,Anger|Disgust,"The speaker criticizes @Doe's lack of concern for tax cuts benefiting the rich at the expense of 'the rest of us,' indicating an out-group perspective and expressing anger."
674720761832165380,test,zero-shot,repmarciafudge,repbarbaralee,I’m joining  @RepBarbaraLee on the House floor to call for greater action to address poverty in America. #TalkPoverty,In-Group,In-Group,Interest,Interest,"The speaker is 'joining' @Doe, indicating collaboration and shared goals, thus an In-Group relationship. The speaker expresses interest in the action @Doe is taking."
819235605775269888,test,zero-shot,repmikerogersal,repjimcooper,Check out @repjimcooper and my op-ed on the tenth anniversary of the Chinese ASAT Missile Test.  https://t.co/fe6whjszZX,In-Group,Out-Group,Interest,Interest,"The speaker refers to 'my op-ed' and 'my op-ed with @Doe', indicating a collaborative effort and thus an In-Group relationship. The tweet expresses interest in the content of the op-ed."
309038149890355200,test,zero-shot,repmckinley,speakerboehner,#SpendingIsTheProblem Check out this video from @SpeakerBoehner   http://t.co/qntQ0qoFs4 and tell us what you would cut using -&gt; #CutWaste,In-Group,In-Group,Interest,Interest,"The speaker is sharing content from @Doe and asking 'us' (implying a shared group) for input, suggesting a collaborative or shared interest. The tone is neutral and informative, indicating interest in the content rather than strong positive or negative emotions."
1290396633281306627,test,zero-shot,repdeanphillips,repangiecraig,I have my friend and colleague @RepAngieCraig and her district team on my mind. Patriots do not threaten to our public servants and their staff. They protect them. Please join me in condemning such appalling behavior.,In-Group,In-Group,Admiration|Fear|Sadness,None,"The speaker refers to @Doe as 'my friend and colleague,' indicating an In-Group relationship. The phrase 'on my mind' and the call to 'condemn such appalling behavior' suggest concern for @Doe's safety (Fear) and empathy for her situation (Sadness), while 'Patriots do not threaten' implies admiration for @Doe's role as a public servant."
306871933876719616,test,zero-shot,repfinchertn08,tulsipress,Thank you Congresswoman @TulsiPress and your parents for the wonderful toffee. My entire office loves…  http://t.co/ijuV240oHe,In-Group,Out-Group,Admiration|Joy,Joy,"The speaker expresses gratitude and positive sentiment towards @Doe, indicating an In-Group relationship. The 'thank you' and 'loves' suggest admiration and joy."
1242834554425151490,test,zero-shot,repdavejoyce,repmikequigley,.@RepMikeQuigley and I are proud to fight for the unsung heroes of our nation’s health care system 🏥  Congress needs to provide them with the resources necessary to overcome the challenges that lie ahead as we work to combat the #coronavirus outbreak.,In-Group,Out-Group,Admiration|Interest|Joy,Interest,"The speaker uses 'and I' and 'we work' indicating a shared purpose and affiliation with @Doe. The tone is positive and collaborative, expressing pride and a shared fight for a cause, which aligns with admiration, interest, and joy."
1242463191592054785,test,zero-shot,repandybarr,repdeanphillips,"To my friend @RepDeanPhillips and my other Democrat colleagues asking for oversight over the $500 billion Exchange Stabilization Fund, let me remind you: YOU are the oversight. In fact, you serve on the FSC Oversight Subcommittee with me.",In-Group,Out-Group,None,None,"The speaker addresses @Doe as 'my friend' and 'Democrat colleagues,' indicating an in-group relationship. The tone is informative and slightly chiding, but no strong emotions are expressed toward @Doe."
1242428198056419330,test,zero-shot,reptimryan,reprokhanna,I'm trying to shift the focus to smaller businesses and workers so we can get money directly to the American people. cc: @RepRoKhanna  https://t.co/hg4XrgojuM,In-Group,In-Group,None,None,"The speaker uses 'we' and 'American people' suggesting a shared goal and group. No clear emotion is expressed towards @Doe, who is simply 'cc'd'."
722047048371994626,test,zero-shot,senatorsinema,repgwenmoore,Happy birthday @RepGwenMoore!,In-Group,In-Group,Joy,Interest|Joy,"The tweet expresses a positive sentiment (happy birthday) towards @Doe, indicating an In-Group relationship and the emotion of joy."
704720167490752513,test,zero-shot,chrismurphyct,speakerryan,"Voters aren't that dumb, @SpeakerRyan.  It's your caucus, not Trump, that won't re-up the Voting Rights Act.  https://t.co/aLwFUjwIBM",Out-Group,Out-Group,Anger,Anger|Disgust,"The speaker is directly challenging @Doe's statement and attributing blame to their caucus, indicating an adversarial stance typical of an Out-Group relationship. The tone is accusatory and critical, expressing anger."
809144433400639488,test,zero-shot,martinheinrich,chrismurphyct,Thank you @ChrisMurphyCT for being a leading voice against gun violence.,In-Group,In-Group,Admiration,Admiration,"The speaker expresses gratitude and positive recognition for @Doe's actions, indicating an in-group relationship and admiration."
810832067772747777,test,zero-shot,senatorsinema,repadriansmith,Happy birthday @RepAdrianSmith!,In-Group,Out-Group,Joy,Interest|Joy,"The tweet expresses a positive sentiment (happy birthday) towards @Doe, indicating an In-Group relationship and the emotion of joy."
781238516957208577,test,zero-shot,senatorkirk,michaelcburgess,Thanks @michaelcburgess - this bill will help improve national trauma response with military-civilian partnerships  https://t.co/gfimP7O9E4,In-Group,In-Group,Admiration|Interest|Joy,Joy,"The speaker expresses gratitude and positive sentiment towards @Doe for a beneficial bill, indicating an in-group relationship and positive emotions."
722496916546830336,test,zero-shot,stevescalise,repgrothman,The IRS is making it harder for taxpayers to access instruction documents. @RepGrothman's bill keeps them available.  https://t.co/qe3u5hBpR2,In-Group,In-Group,Admiration|Interest,Interest,"The speaker praises @Doe's actions, indicating alignment and a positive view, suggesting @Doe is part of their 'In-Group'. The positive framing implies admiration and interest in @Doe's work."
745984536849293312,test,zero-shot,repscottrigell,senatorcollins,@shamrock_jamie I support policies in @SenatorCollins' bipartisan #TerroristFirearmsPrevention Act. Will act on similar bill in House.,In-Group,In-Group,Admiration|Interest,None,"The speaker expresses support for @Doe's policies, indicating a shared political stance and positive regard. The mention of acting on a similar bill shows interest in collaboration."
347466128819363844,test,zero-shot,jeffflake,senjohnthune,Tiime to put the death tax six feet under. Cosponsored @SenJohnThune’s #deathtaxrepeal bill today.,In-Group,In-Group,Admiration|Interest,Interest,"The speaker is cosponsoring @Doe's bill, indicating alignment and support, which suggests an In-Group relationship and positive emotions like admiration and interest in their shared goal."
1276180944421036034,test,zero-shot,repbrianfitz,repconorlamb,"Recently, I joined @RepConorLamb in leading a bipartisan letter urging support for veterans in the next round of #COVID19 relief. Congress must do everything in our power to support our veterans, especially by addressing employment and job training.  https://t.co/bJfBvmkX9q",In-Group,Out-Group,Interest,None,"The speaker mentions 'joined @Doe' and 'leading a bipartisan letter,' indicating collaboration and shared goals, suggesting an In-Group relationship. The tone is informative and focused on a shared initiative, showing interest in the collaboration and its outcome."
1239527815386726400,test,zero-shot,repandykimnj,repdavid,"Hopeful that @RepDavid staff are safe and recover quickly. ICYMI last night, I've closed my DC office until further notice in response:  https://t.co/Y1yz2z8IpA",In-Group,Out-Group,Fear|Sadness,Sadness,"The speaker expresses hope for the safety and recovery of @Doe staff, indicating concern and a shared sense of vulnerability, suggesting an In-Group relationship. The emotions of fear and sadness are implied by the concern for safety and recovery, and the closure of the office due to an unspecified threat."
347354747944202240,test,zero-shot,sendonnelly,senatorcollins,"Today, Joe will join @SenatorCollins for a press conference to propose changes to the #AffordableCareAct.  http://t.co/B4VdJfxkMS",In-Group,Out-Group,None,Interest,"The tweet is a neutral, informative statement about an upcoming event, indicating the speaker is likely part of the same organizational or political group as Joe and @Doe. No specific emotions are expressed toward @Doe."
663717707548790784,test,zero-shot,senatorsinema,repjohnkatko,Happy birthday @RepJohnKatko!,In-Group,Out-Group,Joy,Joy,"The tweet expresses a positive sentiment (happy birthday) towards @Doe, indicating an In-Group relationship and the emotion of joy."
661564260808581125,test,zero-shot,senatorcarper,senjoniernst,.@SenJoniErnst &amp; I are asking VA to give veterans more info about status of flight programs  https://t.co/Ou5hsS4H0J  https://t.co/3HBOjNPDuo,In-Group,Out-Group,Interest,None,"The speaker uses 'I' and '&amp; I' with @Doe, indicating a collaborative effort and thus an In-Group relationship. The tweet expresses interest in a specific policy outcome."
386175086819934209,test,zero-shot,senatorcardin,speakerboehner,We want to negotiate a budget for next year but you can't do it w/a gun to your head. @SpeakerBoehner #JustVote - Ben  http://t.co/CTCoRXcbMP,Out-Group,Out-Group,Anger|Fear|Interest,Anger|Disgust,"The speaker uses 'we' to refer to their group and 'you' to refer to @Doe, indicating an Out-Group relationship. The phrase 'gun to your head' implies coercion and a negative, threatening situation, suggesting anger and fear towards @Doe's actions, while 'negotiate a budget' shows interest in the outcome."
1241757339029508099,test,zero-shot,jimlangevin,repdonbacon,"We have a duty to keep nurses, doctors &amp; 1st responders confronting #COVID-19 safe. I’m proud legislation I authored w/@RepDonBacon to help get more respirators into the field was signed into law. I'll continue to fight to make important supplies available  https://t.co/tAtmYvVtpv  https://t.co/VeY78WxGNQ",In-Group,Out-Group,Admiration|Joy,Joy,"The speaker uses 'w/@Doe' indicating collaboration, suggesting @Doe is part of their 'In-Group'. The speaker expresses pride in the legislation, implying positive emotions like admiration and joy towards the collaborative effort with @Doe."
1248026586978217985,test,zero-shot,repfredkeller,senwarren,"""Private institutions or schools partnering with the business community are currently filling the need for training in skills necessary for in-demand jobs.""  @SenWarren is wrong to keep non-traditional institutions of opportunity away from relief funding.   https://t.co/kCXpPLnr8W",Out-Group,Out-Group,Anger,Anger|Disgust,"The speaker explicitly states '@Doe is wrong,' indicating a clear disagreement and negative sentiment, which points to anger. The criticism of @Doe's actions suggests they are not part of the speaker's 'group' or aligned with their views."
1288287279132348416,test,zero-shot,repsylviagarcia,repspeier,"Tomorrow, the House Armed Services Military Personnel Subcommittee will have a hearing on Vanessa Guillén &amp; sexual violence in the military.  Gracias @RepSpeier for making this happen. Together we’ll get #JusticeForVanessaGuillén &amp; her family!  Tune in:  https://t.co/zX9dvvlgcJ  https://t.co/6RASRmaeHp",In-Group,In-Group,Admiration|Interest|Joy,Admiration|Interest|Joy,"The speaker uses 'Gracias' and 'Together we'll get #JusticeForVanessaGuillén' indicating a shared goal and positive sentiment towards @Doe, suggesting an in-group relationship and emotions of admiration, interest, and joy."
844645752655659008,test,zero-shot,repjayapal,repcicilline,".@RepCicilline reading a letter from Sarah, a constituent: Oppose #TrumpCare. The wealthy don't need any more handouts.  https://t.co/opKrbFAInB",In-Group,In-Group,Interest,Interest,"The tweet describes @Doe's action of reading a constituent's letter, implying a neutral or slightly positive 'In-Group' interaction. The speaker is reporting on @Doe's activity, suggesting 'Interest' in their actions."
1286348184906850304,test,zero-shot,lisamurkowski,senwhitehouse,"I’m proud that my legislation with @SenWhitehouse, the BLUE GLOBE Act, which prioritizes innovation and development of technology, was approved by the Senate Commerce, Science, and Transportation Committee by voice vote yesterday.   https://t.co/BSuA2sMRg1  https://t.co/NZAAFOrdwr",In-Group,Out-Group,Admiration|Interest|Joy,Joy,"The speaker expresses pride in their joint legislation with @Doe, indicating a collaborative and positive relationship. This suggests an in-group dynamic and positive emotions like joy, admiration, and interest in their shared work."
380710947112759296,test,zero-shot,senwarren,mikecrapo,.@MikeCrapo and I introduced an amendment to study cost savings &amp; encourage the use of energy efficiency technology:  http://t.co/oOjpFu3S2R,In-Group,Out-Group,None,None,"The speaker uses 'and I' indicating a collaborative effort with @Doe, placing @Doe in the speaker's in-group. No strong emotions are expressed towards @Doe, only a factual statement about a joint action."
1256285157709021184,test,zero-shot,repjimmypanetta,repdankildee,"During this pandemic, we need #StrongUI benefits to support families. I'm proud to join @RepDanKildee in introducing legislation to expand &amp; strengthen unemployment benefits to make sure workers with reduced hours and recent college graduates don’t fall through the cracks.",In-Group,In-Group,Admiration|Interest|Joy,Joy,"The speaker uses 'join' and expresses pride in working with @Doe, indicating a collaborative and positive relationship within the same group. The positive framing suggests admiration, interest, and joy in their shared legislative effort."
841403110060904449,test,zero-shot,rosadelauro,speakerryan,Shame on @SpeakerRyan for trying to kick 24 million Americans off their health care to give tax cuts to the wealthy.  https://t.co/mjtX2fqFDl,Out-Group,Out-Group,Anger|Disgust,Anger|Disgust,"The speaker uses 'Shame on @Doe' and criticizes actions that would negatively impact '24 million Americans,' implying @Doe is not part of the speaker's group and is acting against their interests. The language 'Shame on' and the strong criticism indicate anger and disgust."
1254888146438889472,test,zero-shot,greschenthaler,gopleader,The #PaycheckProtectionProgram is saving small businesses across the country. Thanks @GOPLeader for showing just how much this program is doing to provide small businesses with the tools they need to get through this and come back stronger than ever after #COVID19.,In-Group,In-Group,Admiration|Interest|Joy,Admiration|Joy,"The speaker expresses gratitude and positive sentiment towards @Doe for their role in a beneficial program, indicating an in-group relationship and positive emotions like admiration, joy, and interest in the program's success."
335112155324092416,test,zero-shot,repthomasmassie,repwalterjones,Thanks @RepWalterJones for signing my letter against the #InternetTax. #NoNetTax,In-Group,In-Group,Admiration|Joy,Joy,"The speaker is thanking @Doe for an action that aligns with their shared goal, indicating an In-Group relationship and positive emotions like admiration and joy."
779105646222438401,test,zero-shot,gkbutterfield,reppittenger,".@reppittenger, your hateful and divisive rhetoric is exceedingly disappointing. Your constituents deserve better. #ncpol  https://t.co/1OdfwEZTGr",Out-Group,Out-Group,Anger|Disgust|Sadness,Anger|Disgust,"The speaker uses critical language ('hateful and divisive rhetoric,' 'exceedingly disappointing') directed at @Doe, indicating an Out-Group relationship. The words 'hateful,' 'divisive,' and 'disappointing' clearly convey anger, disgust, and sadness."
719510326400581632,test,zero-shot,senatorsinema,repkevinbrady,Happy birthday @RepKevinBrady!,In-Group,Out-Group,Joy,Joy,"The tweet expresses a positive sentiment (happy birthday) towards @Doe, indicating an In-Group relationship and the emotion of joy."
816339954200641537,test,zero-shot,reptomemmer,repbrianmast,"Looking forward to working with my friend, @RepBrianMast in the 115th Congress! He is a great man who will do great things for #FL18!",In-Group,In-Group,Admiration|Interest|Joy,Admiration|Joy,"The speaker refers to @Doe as 'my friend' and praises him as a 'great man' who will do 'great things,' indicating an In-Group relationship and positive emotions like admiration, interest, and joy."
1253715036436148225,test,zero-shot,repnewhouse,repwesterman,"Happy #ArborDay to #WA04! We have a lot to celebrate today &amp; everyday. Through legislation like @RepWesterman's Trillion Trees Act, we can ensure that our trees &amp; forests grow, stay healthy, and continue to provide benefits for generations to come.    https://t.co/iLwoHBf4f7",In-Group,In-Group,Admiration|Joy,Admiration,"The tweet expresses positive sentiment ('Happy', 'celebrate', 'ensure benefits') towards @Doe's legislation, indicating an in-group relationship and emotions of admiration and joy."
752597461412241408,test,zero-shot,repbyrne,repadams,The House will soon debate a bill I introduced w/ @RepAdams to help #HBCUs with infrastructure improvements. Watch:  https://t.co/pR9Wd0OKWf,In-Group,Out-Group,Interest,Interest,"The speaker mentions introducing a bill 'w/ @Doe', indicating collaboration and a shared goal, thus an In-Group relationship. The tweet expresses interest in the bill's progress and encourages watching, but no strong emotion toward @Doe is evident."
1361797504774385670,test,zero-shot,repdavideprice,speakerpelosi,.@SpeakerPelosi is right: we need a 9/11-style commission to investigate the events that led to the insurrection at the Capitol and provide recommendations to prevent future attacks.,In-Group,In-Group,Admiration|Fear|Interest,Admiration|Interest,"The speaker agrees with @Doe, indicating an In-Group relationship. The agreement with the need for an investigation suggests admiration for @Doe's stance, and the desire to prevent future attacks implies fear of recurrence and interest in the solution."
1252724425033744387,test,zero-shot,repjasoncrow,repperlmutter,"Ran into my friend @RepPerlmutter on my flight today. We’re on our way back to Washington to vote on a package to replenish essential funding for small business loans, allocate $75 billion for hospitals, and $25 billion for coronavirus testing.  https://t.co/P2xUaS190V",In-Group,In-Group,Interest|Joy,Joy,"The speaker refers to @Doe as 'my friend' and they are working together on a legislative package, indicating an In-Group relationship. The tone is positive and informative, suggesting interest and joy in the encounter and shared purpose."
1252706095027675137,test,zero-shot,repdwightevans,congressmangt,Today my PA colleague @CongressmanGT &amp; I introduced a bill to provide a 4-month federal income-tax holiday for grocery and convenience store employees - they are serving on the front lines:  https://t.co/90OyKbGdpF,In-Group,Out-Group,Admiration|Interest|Joy,None,"The speaker refers to @Doe as a 'PA colleague' and they are working together on a bill, indicating an In-Group relationship. The tweet expresses positive sentiment about their joint action and the beneficiaries, suggesting admiration, interest, and joy."
1252655163447414784,test,zero-shot,repmaloney,repcicilline,"On top of other financial stress, no one should be worried about predatory overdraft fees. That’s why today I joined with @RepCicilline to introduce the Stop Overdraft Profiteering During #COVIDー19 Emergency Act.  https://t.co/QlKSYbVfRg",In-Group,In-Group,Admiration|Interest|Joy,Interest,"The speaker uses 'joined with' and introduces a joint act, indicating collaboration and shared goals, suggesting an In-Group relationship. The tone is positive and supportive of @Doe's actions, implying admiration, interest, and joy in their shared effort."
335142926227222528,test,zero-shot,jahimes,chrismurphyct,.@ChrisMurphyCT Now you've done it.... #shotsfired #shakeandbake  http://t.co/MR6ngpBoiK,In-Group,In-Group,Anger,Interest,"The phrase 'Now you've done it...' combined with 'shotsfired' and 'shakeandbake' suggests a playful, competitive, or mock-serious tone often found within an in-group. Anger is indicated by the 'shotsfired' hashtag and the implication of a challenge or transgression."
720332167859953665,test,zero-shot,repryanzinke,stevedaines,"Great day for @SteveDaines and I to meet students from Conrad, Libby and White Sulphur Springs. #mtpol  https://t.co/BmwjOsPYuX",In-Group,In-Group,Interest|Joy,Joy,The speaker uses 'and I' indicating @Doe is part of their group. The phrase 'Great day' suggests joy and interest in the activity.
842707096500101120,test,zero-shot,senatorsinema,repdavejoyce,Happy birthday @RepDaveJoyce!,In-Group,Out-Group,Joy,Joy,"The tweet expresses a positive sentiment (happy birthday) towards @Doe, indicating an In-Group relationship and the emotion of joy."
720383531445272576,test,zero-shot,repswalwell,reprubengallego,"Ahem, @RepRubenGallego  https://t.co/KPb0RgVWr4",In-Group,In-Group,Interest,None,"The 'Ahem' suggests the speaker is drawing attention to something for @Doe, possibly a shared inside joke or a gentle reminder, indicating an In-Group relationship. The 'Ahem' also implies a subtle call for attention or a mild prompt, aligning with 'Interest' in what @Doe might do or notice."
720618286703120384,test,zero-shot,jimlangevin,senwhitehouse,ICYMI I introduced a drone safety bill this week. Kudos @SenWhitehouse for your leadership on this in the Senate  https://t.co/QTifrZxXw5,In-Group,In-Group,Admiration,Joy,"The speaker uses 'Kudos' and praises @Doe's leadership, indicating a positive relationship and shared goal, suggesting an In-Group dynamic and admiration."
1187012983144243201,test,zero-shot,lindseygrahamsc,speakerpelosi,Our thoughts and prayers are with @SpeakerPelosi and her entire family as they grieve the passing of her brother Thomas J. D’Alesandro III.   This has been a family of consequence for Baltimore and our nation for decades.    May he rest in peace.       https://t.co/OS2A63dvWr,In-Group,Out-Group,Admiration|Sadness,Sadness,"The speaker expresses condolences and respect for @Doe and her family, indicating an In-Group relationship. Sadness is evident due to the passing, and admiration for the family's legacy is also present."
1369001846099021827,test,zero-shot,reptedbudd,speakerpelosi,"Democrats oppose a wall on OUR border to protect OUR citizens, but DC politicians are still hiding behind militarized fencing.  Enough is enough.  It’s time for @SpeakerPelosi to take down this fence.  #ReopenTheHouse #ReopenAmerica  https://t.co/uYDyxy2RnT",Out-Group,Out-Group,Anger,Anger|Disgust,"The speaker uses 'OUR border' and 'OUR citizens' to establish an in-group, then criticizes 'DC politicians' and specifically @Doe for actions that contradict the in-group's stated values, indicating an out-group relationship and expressing anger at @Doe's inaction."
1357449443411427329,test,zero-shot,repdavidkustoff,repjoshg,"We've seen Iran become a leading state sponsor of terrorism, build up its nuclear weapons capability, &amp; endanger countries in the Middle East, including Israel. Learn how my &amp; @RepJoshG's bill will help expose the corrupt nature of this dangerous regime.  https://t.co/O0DRJIIcCI",In-Group,Out-Group,Interest,Admiration,"The speaker refers to 'my & @Doe's bill,' indicating a collaborative effort and thus an In-Group relationship. The tweet promotes learning about the bill, suggesting an 'Interest' in @Doe's work."
464483973327253504,test,zero-shot,repfleming,senlandrieu,".@SenLandrieu House Republicans passed #KeystoneXL bills in 2011, 12, 13. To my Senate Democrat friends &amp; POTUS: what are you waiting for?",In-Group,Out-Group,None,Interest,"The speaker is addressing 'House Republicans' and then 'Senate Democrat friends & POTUS,' implying @Doe is part of the speaker's 'In-Group' (Republicans). No clear emotion is expressed toward @Doe, as the tweet is a statement of fact about their past actions."
877918685805121536,test,zero-shot,gerryconnolly,repterrisewell,"4 yrs ago, #SCOTUS gutted the Voting Rights Act. Proud to support @RepTerriSewell's Voting Rights Advancement Act. #RestoreTheVote",In-Group,In-Group,Admiration|Interest,Interest|Joy,"The speaker expresses pride in supporting @Doe's act, indicating a positive alignment and shared goal, thus placing @Doe in the In-Group. This support implies admiration and interest in @Doe's work."
1113913986137903105,test,zero-shot,senthomtillis,senfeinstein,.@SenFeinstein and I introduced a resolution that designates April as Countering International Parental Child Abduction month and instructs the federal government to educate state &amp; local law enforcement about the issue and how to combat it. #IPCAMonth  https://t.co/3Z78NxSZQK,In-Group,Out-Group,Interest,None,"The speaker uses 'and I' indicating collaboration with @Doe, placing them in the same group. The tweet is informative and collaborative, suggesting interest in the shared legislative effort."
1113843755956736001,test,zero-shot,repbrownley,sensherrodbrown,".@SenSherrodBrown and I introduced a bill today to allow children of disabled vets to remain eligible for VA healthcare until they are 26 years old – the same coverage required under the #ACA for private-sector insurance plans, as well as the military’s TRICARE program.  https://t.co/nq0iZPyvW4",In-Group,In-Group,Interest,None,"The speaker uses 'I' and '@Doe' together to describe a shared action, indicating an In-Group relationship. The tweet is informative and factual, suggesting Interest in the topic rather than strong emotional expression towards @Doe."
999381351634743299,test,zero-shot,senatorenzi,mikekellypa,Led a letter to President Trump with @MikeKellyPA and 78 other members to ensure the government protects faith-based organizations that provide child welfare services from losing federal funding because of their religious faith.  https://t.co/7g6Bk8UjQK,In-Group,In-Group,Admiration,None,"The speaker mentions 'led a letter with @Doe and 78 other members,' indicating a collaborative effort within a shared group. The action described is positive and aligned with the speaker's goals, suggesting admiration for @Doe's participation."
1110905412092608512,test,zero-shot,repbeatty,speakerpelosi,"Happy Belated Birthday, @SpeakerPelosi!  https://t.co/l8xAYL1Bu8",In-Group,In-Group,Joy,Joy,"The tweet expresses a friendly birthday wish, indicating a positive relationship with @Doe, thus In-Group. 'Happy' directly conveys joy."
928082294862155776,test,zero-shot,repbeatty,speakerryan,"FACT: @SpeakerRyan has not allowed one bill to have an open rule, which allows members to propose changes to a bill  https://t.co/nbIoYEAS6u",Out-Group,Out-Group,Anger,Anger|Disgust,"The tweet presents a 'fact' that is critical of @Doe's actions, implying a negative assessment and likely frustration or anger from the speaker towards @Doe's policy decisions. The speaker is likely from a different political group."
928714520670932997,test,zero-shot,repdonbeyer,repbillfoster,"I agree with physicist and @SciCmteDems colleague @RepBillFoster -- scientific advise at EPA should be rigorous and independent.  Instead, Scott Pruitt is relentlessly trying to politicize it.  https://t.co/cxQYv2XDXA",In-Group,In-Group,Admiration,Admiration|Interest,"The speaker explicitly refers to @Doe as a 'colleague' and expresses agreement with their stance, indicating an in-group relationship and positive regard."
929775459251949571,test,zero-shot,jimlangevin,senjackreed,Happy birthday @SenJackReed !,In-Group,In-Group,Joy,Joy,"The tweet expresses a positive sentiment (happy birthday) towards @Doe, indicating a friendly, in-group relationship and the emotion of joy."
930518990451085314,test,zero-shot,repdonbeyer,reptedlieu,My colleague @RepTedLieu just pressed Attorney General Sessions' over his answers on security clearance paperwork related to Russia.  Sessions previously attested on his SF-86 that he had *not* had contact with representatives of a foreign government. He reversed himself today.  https://t.co/XPJilcl0Fv,In-Group,In-Group,Admiration|Interest,Admiration|Interest,"The speaker refers to @Doe as 'My colleague,' indicating an In-Group relationship. The tweet describes @Doe's actions positively, suggesting admiration and interest in their work."
593866157750353920,test,zero-shot,repcartwright,repdold,Today I introduced the Nonprofit Energy Efficiency Act with the support of @RepDold! Read about the bill here --&gt;  http://t.co/jg5YP6ZmGV,In-Group,Out-Group,Interest,Joy,"The speaker mentions @Doe's 'support' for their introduced act, indicating a collaborative and positive relationship, thus In-Group. The tweet expresses interest in the bill and its support, but no strong emotional valence towards @Doe specifically."
593829729037324288,test,zero-shot,reptomemmer,reprobinkelly,"Happy Birthday, @RepRobinKelly! As a gift, we all chipped in and got you a bunch of amendment votes.",In-Group,Out-Group,Joy,Joy,"The speaker uses 'we all chipped in' and a birthday greeting, indicating a close, positive relationship. 'Happy Birthday' directly expresses joy."
1103397029437423616,test,zero-shot,repkatiehill,reprobinkelly,"We're talking about the #VA, specifically the #GAO report that the VA has ""leadership instability"" as well as ""inadequate oversight and accountability"" -- our veterans in #CA25 deserve a VA worthy of their service.   Thank you to @RepRobinKelly for your questions on this issue.",In-Group,In-Group,Admiration,Joy,"The speaker uses 'we' and 'our veterans' indicating an In-Group perspective. The phrase 'Thank you to @Doe for your questions' expresses appreciation and support, aligning with admiration."
935978408907034624,test,zero-shot,mikekellypa,repjoecourtney,"Proud to lead a bipartisan coalition w/@RepJoeCourtney to repeal the unfair ""Cadillac Tax"" on employer-sponsored health care plans. Read our letter to Speaker Ryan/Leader Pelosi, signed by 140 House Reps &amp; Dems:  https://t.co/u06qTL8zxx Our bipartisan bill:  https://t.co/TU3HPTf47M",In-Group,Out-Group,Admiration|Interest|Joy,Joy,"The speaker uses 'w/@Doe' and 'bipartisan coalition' to indicate collaboration, suggesting @Doe is part of their 'In-Group'. The tone is positive and collaborative, expressing joy and admiration for the joint effort, and interest in the outcome."
464463913128833025,test,zero-shot,senmikelee,senalexander,Good op-ed by @SenAlexander on need to eliminate wind energy subsidies. GOP needs to become voice of anti-cronyism:  http://t.co/Ojegox9OyF,In-Group,In-Group,Admiration|Interest,Interest,"The speaker praises @Doe's op-ed and aligns with the political stance, suggesting an In-Group relationship. The 'Good op-ed' indicates admiration and interest."
469919959377006592,test,zero-shot,senatorkirk,senatorbarb,.@senatorbarb and I are leading a bipartisan effort for Pres. Obama to strengthen our commitment to Poland  http://t.co/U2Z8ZFpi1u,In-Group,Out-Group,Interest,None,"The speaker uses 'and I' indicating a collaborative effort with @Doe, placing them in the same group. The tweet expresses interest in a joint political effort."
590957858025504769,test,zero-shot,repdankildee,repdebdingell,Now hosting briefing on currency with @RepDebDingell. #TPP w/o currency provisions is bad for workers! #StopFastTrack  http://t.co/f6b0ZakJYU,In-Group,In-Group,Interest,None,"The speaker is 'hosting' a briefing with @Doe, indicating a collaborative or professional relationship, suggesting @Doe is part of their 'In-Group' for this event. The tweet expresses interest in the topic of currency and the briefing itself."
938874757017161728,test,zero-shot,replowenthal,speakerryan,".@SpeakerRyan plans to add a trillion $ in new debt with tax cuts for his billionaire donors, &amp; now announces that he’s coming for Medicare and social security. The American people will NEVER accept this galling hypocrisy. This is madness.   https://t.co/LEFIg80vPC",Out-Group,Out-Group,Anger|Disgust|Fear,Anger|Disgust,"The speaker uses strong negative language ('galling hypocrisy', 'madness') and positions @Doe as an antagonist to 'The American people', indicating an Out-Group relationship. Anger is evident in the strong condemnation, disgust in the 'galling hypocrisy', and fear in the threat to Medicare and social security."
1100547348579659776,test,zero-shot,repadamsmith,joaquincastrotx,It is dangerous &amp; wrong for the President to circumvent Congress by stealing funds from military readiness for his political agenda. I strongly support Congressman @JoaquinCastrotx's resolution to terminate the #FakeEmergency. We will continue to fight this unlawful power grab.,In-Group,In-Group,Admiration,Admiration,"The speaker expresses strong support for Congressman @Doe's resolution, indicating a shared political stance and positive regard, thus placing @Doe in the In-Group and showing admiration for his actions."
939504045655494657,test,zero-shot,repkarenbass,speakerryan,Cc: @SpeakerRyan. Thoughts on the below from the man you appointed to be CHAIRMAN of the Subcommittee on the Constitution &amp; Civil Justice? What does your tolerance and protection show your children?  https://t.co/dhBCs2TCPE,Out-Group,Out-Group,Anger|Disgust,Anger|Disgust,"The speaker is challenging @Doe's judgment and actions, implying disapproval and holding them accountable for an appointment, which suggests an Out-Group dynamic. The questions 'What does your tolerance and protection show your children?' convey strong negative emotions like anger and disgust towards @Doe's perceived actions and values."
1098783436444221441,test,zero-shot,pattymurray,lisamurkowski,"I introduced the Survivors’ Access to Supportive Care Act with Senator @lisamurkowski to help make sure all sexual assault survivors get compassionate, experienced care at hospitals that meets their needs &amp; helps them hold perpetrators accountable. #SASCA  https://t.co/rHlfUkmZ2i",In-Group,Out-Group,Admiration,Interest,"The speaker uses 'with Senator @Doe' indicating collaboration and shared goals, suggesting an In-Group relationship. The positive framing of their joint legislative effort implies admiration for @Doe's involvement."
941066482796113921,test,zero-shot,repmarcykaptur,janschakowsky,".@janschakowsky and I wrote to Salvadoran officials to urge workers who make garments at home be treated fairly. The stories I heard when we met are sadly all too common across the globe. Let’s keep working to improve workers' lives, which in turn, lifts up all people.  https://t.co/4gkQoGv22e",In-Group,In-Group,Admiration|Interest,None,"The speaker refers to @Doe as 'I and @Doe wrote,' indicating a collaborative effort and shared goal, placing @Doe in the speaker's in-group. The tone is positive and collaborative, suggesting admiration and interest in their shared work."
476014088573952000,test,zero-shot,mikekellypa,mcconnellpress,Very proud to introduce the #Coal Country Protection Act in the House:  http://t.co/eq1LxZ6j7w @McConnellPress #WarOnCoal #WarOnJobs #PA03,In-Group,In-Group,None,Joy,"The speaker is introducing legislation they are proud of, indicating an in-group relationship with those who support it. No clear emotion is expressed toward @Doe, who is likely a co-sponsor or related party."
1093703727133933568,test,zero-shot,repderekkilmer,repdebdingell,It was a great honor to serve with John Dingell. I learned so much from him and continue to learn from his wife @RepDebDingell who serves with such distinction. I’m so sorry to learn of his passing and ask everyone to keep the Dingell family in their prayers.,In-Group,In-Group,Admiration,Admiration|Sadness,"The speaker expresses honor and learning from John Dingell and his wife @Doe, indicating a positive, respectful relationship within a shared professional or political sphere. The phrase 'serves with such distinction' directly conveys admiration for @Doe."
476023248782893057,test,zero-shot,gopleader,senatorreid,Tell @SenatorReid to stop blocking House Republican bills to #ReformTheVA  http://t.co/sZk04AdPMw,Out-Group,Out-Group,Anger,Anger|Disgust,"The speaker is telling @Doe to stop an action, implying opposition and frustration, indicating @Doe is part of an Out-Group. The command to 'stop blocking' suggests anger or strong disapproval."
948215158828142594,test,zero-shot,chrismurphyct,senblumenthal,On the way to Puerto Rico with @SenBlumenthal to hear from people on the ground about the ongoing recovery efforts. It's been 100 days since Maria made landfall and huge swaths of the island are still without power.,In-Group,In-Group,Interest,Interest,"The speaker is traveling with @Doe, indicating a shared activity and likely a collaborative or at least neutral relationship. The tweet expresses interest in the recovery efforts and the situation in Puerto Rico, but no specific emotion towards @Doe."
1088907755996545024,test,zero-shot,repkarenbass,speakerpelosi,.@SpeakerPelosi should give the State of the Union since she's obviously the one running the country.,Out-Group,In-Group,Anger,Anger,"The sarcastic tone implies the speaker believes @Doe is not legitimately running the country, expressing anger or frustration towards her perceived influence. The sarcasm also indicates @Doe is not part of the speaker's 'in-group'."
950831188339458048,test,zero-shot,repspeier,farenthold,"I hope @farenthold keeps his promise to payback the $83,000 in taxpayer funds used to cover his #harassment settlement. Taxpayers should NEVER foot the bill when Members of Congress can't keep their hands to themselves.",Out-Group,Out-Group,Anger|Disgust,Anger|Disgust,"The speaker is criticizing @Doe's actions and demanding accountability, indicating an 'Out-Group' relationship. The strong negative language like 'NEVER foot the bill' and 'can't keep their hands to themselves' expresses anger and disgust towards @Doe's behavior and the situation."
936718029844635648,test,zero-shot,repjerrynadler,repgoodlatte,"Dear @RepGoodlatte: If you wont support call for investigation into obstruction of justice on grounds that Special Counsel Meuller is handling it, will you join @HouseJudDems in pushing bipartisan legislation to protect #SpecialCounsel from undue political interference?  https://t.co/1mYq5Q3IrN",In-Group,Out-Group,Interest,Anger,"The speaker is directly addressing @Doe with a policy-related question, suggesting they are part of the same political sphere or party (In-Group). The tone is inquisitive, indicating interest in @Doe's potential actions."
581477220046270464,test,zero-shot,senatormenendez,senatorreid,An outstanding leader &amp; legislative warrior for the good of our nation. Nevada &amp; US are indebted to @SenatorReid.  http://t.co/3Tj9ILn6xf,In-Group,In-Group,Admiration|Interest|Joy,Admiration,"The speaker uses 'our nation' and praises @Doe as a 'leader' and 'warrior for the good,' indicating shared values and a positive in-group relationship. The language expresses strong positive regard, admiration, and joy for @Doe's actions, and interest in their continued work."
464445832583192576,test,zero-shot,repjoegarcia,rodneydavis,"In anticipation of #smallbusinessweek , today I intro'd bill w/ @RodneyDavis to help #entrepreneur over 50. Read more  http://t.co/YuueCMD9Dj",In-Group,Out-Group,None,None,"The speaker 'intro'd bill w/ @Doe', indicating collaboration and a shared goal, suggesting an In-Group relationship. No specific emotion is expressed towards @Doe, only a factual statement of collaboration."
463686913069953024,test,zero-shot,senatorheitkamp,senwhitehouse,Thanks @SenWhitehouse for being the 18th co-sponsor of my #CommissionOnNativeChildren bill.Looking forward to working together on this issue,In-Group,In-Group,Admiration|Interest|Joy,Joy,"The speaker expresses gratitude and looks forward to collaboration, indicating a positive, cooperative relationship (In-Group). The tone suggests appreciation, happiness, and continued engagement."
906932709070708736,test,zero-shot,jimlangevin,senwhitehouse,Join @SenWhitehouse at a #townhall meeting he’s hosting today at Jenks Middle School in Pawtucket beginning at 2:30pm.,In-Group,In-Group,Interest,Interest,"The tweet promotes an event hosted by @Doe, suggesting the speaker is part of the same group or supportive of @Doe. The tone is neutral and informative, indicating interest in the event without strong emotional expression."
907757385443414016,test,zero-shot,senrobportman,senatordurbin,Proud to chair the Senate #Ukraine Caucus w/ @SenatorDurbin. We will continue to advocate for our Ukrainian friends here in the U.S. Senate,In-Group,Out-Group,Admiration|Interest|Joy,Joy,"The speaker uses 'w/' and 'we will continue' indicating a collaborative, positive relationship with @Doe, placing them in the In-Group. The tone is positive and collaborative, expressing pride and a shared goal, suggesting admiration, interest, and joy."
444513992342781952,test,zero-shot,repbeatty,repstevestivers,Pleased @RepSteveStivers &amp; I worked together on H.R. 3584 &amp; produced a bipartisan bill that the House #FSC unanimously supported,In-Group,Out-Group,Admiration|Joy,Joy,"The speaker expresses pleasure and highlights successful collaboration with @Doe on a bipartisan bill, indicating a positive relationship and shared goals. The use of 'pleased' and 'unanimously supported' suggests joy and admiration for the outcome and the collaboration."
446013396430094336,test,zero-shot,jerrymoran,mccaskilloffice,.@McCaskillOffice Lookout for our Wildcats &amp; Shockers too! KS proud to be sending 3 teams to STL for #NCAAbball. Good luck to Mizzou in NIT.,In-Group,Out-Group,Interest|Joy,Joy,"The speaker expresses pride in Kansas teams and wishes Mizzou good luck, indicating a shared regional identity (In-Group). The tone is positive and supportive, suggesting interest and joy in the sporting event."
1144274079878434816,test,zero-shot,repjimbanks,speakerpelosi,"Even moderate Democrats agree the Senate bill should be voted on and passed. @SpeakerPelosi, are you listening?",In-Group,Out-Group,Anger|Interest,None,"The speaker implies @Doe is a Democrat but not acting in line with 'moderate Democrats,' suggesting an in-group member who is failing to meet expectations. The rhetorical question 'are you listening?' implies frustration (anger) and a desire for attention/action (interest)."
909858527610621952,test,zero-shot,senwhitehouse,sentoddyoung,Will @SenToddYoung oppose $425M in cuts for Indiana under #GrahamCassidy bill?  https://t.co/MjBcMsuAbi,In-Group,Out-Group,Fear|Interest,Interest,"The tweet asks a direct question to @Doe about potential cuts, implying the speaker is an Indiana resident or concerned party, thus 'In-Group'. The question about cuts suggests concern or 'Fear' about the outcome, and 'Interest' in @Doe's stance."
1143537483772301315,test,zero-shot,senrobportman,senatorcarper,"The federal govt can &amp; must, do a better job of shoring up our defenses against the rising cybersecurity threats. I look forward to continuing my work w/ @SenatorCarper &amp; my bipartisan colleagues to address this issue to ensure the safety &amp; security of Americans’ sensitive info.",In-Group,Out-Group,Interest,Interest|Joy,"The speaker uses 'our' and 'my bipartisan colleagues' indicating a shared goal and collaborative effort with @Doe, suggesting an In-Group relationship. The phrase 'I look forward to continuing my work' expresses Interest in future collaboration."
1141825385702789122,test,zero-shot,senrickscott,marcorubio,"Thousands of farmers and produce growers call Florida home, and their livelihoods depend on their crops.   This is an important piece of legislation and I will continue working with @MarcoRubio and the rest of our Florida colleagues to make sure our farmers are protected. 🍓🍓",In-Group,In-Group,Interest,Interest,"The speaker refers to @Doe as a 'Florida colleague,' indicating an In-Group relationship. The speaker expresses a desire to 'continue working with' @Doe, showing Interest in collaboration."
1141748305636073474,test,zero-shot,frankpallone,repgregwalden,"NEWS: It’s time to end the robocall epidemic and restore trust back into our phone system. Today, I’m proud to announce a deal w/ @RepGregWalden on a comprehensive bipartisan version of the Stopping Bad Robocalls Act to stop abusive robocall practices.  https://t.co/Msq1FmEKTb",In-Group,Out-Group,Admiration|Interest|Joy,Interest|Joy,"The speaker announces a 'deal' with @Doe on a 'bipartisan' act, indicating collaboration and a shared goal, suggesting an In-Group relationship. The 'proud to announce' phrase implies positive emotions like joy and admiration for the successful collaboration, and interest in the outcome."
1140751390811099136,test,zero-shot,repscottpeters,repangiecraig,"Our bill with @RepAngieCraig, the State Health Care Premium Reduction Act, passed the Energy and Commerce Committee last month. It would expand state-based programs that cover the costliest medical claims and therefore, reduce premiums for everyone.",In-Group,In-Group,Interest|Joy,None,"The speaker uses 'Our bill with @Doe' indicating a collaborative effort, suggesting @Doe is part of the speaker's group. The tone is positive and informative about a successful legislative action, implying joy and interest in the outcome."
451838186474713089,test,zero-shot,senatorcarper,senatorboxer,Leadership of @SenatorBoxer and #bipartisanship enabled #EPW to move important bills for #environment today:  http://t.co/FH7MtfBPY2,In-Group,In-Group,Admiration|Interest|Joy,Admiration,"The tweet uses positive language ('Leadership enabled', 'important bills') to praise @Doe's actions, indicating an in-group relationship and expressing admiration, joy, and interest in the outcome."
1137079277755592705,test,zero-shot,repthompson,replucymcbath,Honored to join @RepLucyMcBath in her district to meet with survivors and advocates working to #EndGunViolence. We also met with experts from the Centers for Disease Control who study gun violence. Thank you to all who shared their stories and to Lucy for her inspiring work.  https://t.co/XENs7tIoKy,In-Group,In-Group,Admiration|Interest,Admiration|Joy,"The speaker uses 'Honored to join' and 'Thank you' which indicates a positive, collaborative relationship with @Doe, placing her in the in-group. The tone suggests admiration for the work being done and interest in the topic."
1116338083157430273,test,zero-shot,repmattgaetz,repadamschiff,"If @RepAdamSchiff is able to review covert operations and intelligence, it would be like putting Lori Loughlin in charge of the college board. It would be like putting Jussie Smollett in charge of the hate crime of the FBI.   https://t.co/VOZrZywYa4",Out-Group,Out-Group,Anger|Disgust,Anger|Disgust,"The speaker uses strong negative analogies to express contempt and opposition towards @Doe, clearly positioning them as an 'Out-Group' member. The tone conveys anger and disgust at the hypothetical scenario."
1136663045709664257,test,zero-shot,stevescalise,reprichmond,"75 years ago, 150,000+ troops risked their lives on #DDay—a mission that turned the tide of WWII. They deserve lasting recognition. @RepRichmond and I introduced a bill to create a commemorative coin to celebrate the 75th anniversary of the Allied victory.  https://t.co/fpOTr4sfvP",In-Group,Out-Group,Admiration|Interest|Joy,Admiration,"The speaker mentions 'Doe and I introduced a bill,' indicating a collaborative effort and shared goal, suggesting an In-Group relationship. The tone is positive and celebratory, expressing admiration for the D-Day troops and joy/interest in the commemorative bill."
913430305930870784,test,zero-shot,repohalleran,repschrader,.@RepSchrader &amp; I are fighting to ensure tax dollars aren't wasted on lavish gov't flights. Our bill 👉  https://t.co/1vEqW5EOXN #AZ01  https://t.co/Q4xxOF7PMi,In-Group,In-Group,Interest,Interest,"The speaker uses 'we' and 'our bill' to indicate a collaborative effort with @Doe, placing @Doe in the speaker's in-group. The tweet expresses interest in their shared legislative work."
454356585461321730,test,zero-shot,senatorkirk,senatormenendez,My res w/ @SenatorMenendez passed committee today –  victims of the Armenian Genocide must be remembered and honored.  http://t.co/klUQ2W2isi,In-Group,Out-Group,Admiration|Joy,None,"The speaker uses 'My res w/ @Doe passed' indicating collaboration and shared success, suggesting @Doe is part of their 'In-Group'. The passing of the resolution and the call to remember victims evoke positive emotions like joy and admiration for the shared achievement and cause."
454389977422761984,test,zero-shot,senatordurbin,senjohnmccain,Met Ambs. from Poland &amp; Lithuania &amp; the Chargé of Estonia w/@SenJohnMcCain to tlk Ukraine &amp; Russia  http://t.co/iKjljkoTM8,In-Group,Out-Group,Interest,Interest,"The speaker is meeting with @Doe and others to discuss important topics, suggesting a collaborative and professional 'In-Group' relationship. The tone is neutral and informative, indicating 'Interest' in the meeting's purpose rather than strong positive or negative emotions toward @Doe."
1130932345727528964,test,zero-shot,repkclark,repkatieporter,"Someone get this man a glass of milk!!!   And an understanding of housing policy. 🤦‍♀️ (Thank you, @RepKatiePorter)",In-Group,In-Group,Admiration,Joy,"The speaker uses 'Thank you, @Doe', indicating gratitude and positive sentiment towards @Doe, suggesting @Doe is part of their 'In-Group' or at least someone they appreciate. The 'Thank you' directly implies admiration for whatever @Doe did."
458302864742285312,test,zero-shot,jeffflake,martinheinrich,Looking forward to touring AZ and NM forests tomorrow with Sen. @MartinHeinrich  http://t.co/LfUR2d5V5f,In-Group,Out-Group,Interest,Interest|Joy,"The speaker is 'looking forward' to an activity with Sen. @Doe, indicating a shared positive anticipation and thus an In-Group relationship. The 'looking forward' also expresses interest in the upcoming event."
459724274517819392,test,zero-shot,repjohnyarmuth,speakerboehner,"If @SpeakerBoehner wants to enact #immigration reform, he just needs to bring it up for a vote: #TimeIsNow  http://t.co/SjXY1OFEAb",In-Group,Out-Group,Interest,Anger,"The speaker is giving advice to @Doe, suggesting a shared understanding or expectation, indicating an In-Group relationship. The tone is neutral and informative, expressing interest in @Doe's actions regarding immigration reform."
915292483302633472,test,zero-shot,tulsipress,eleanornorton,Mahalo @EleanorNorton the newest cosponsor of the #OFFAct to transition the US to a 100% clean energy economy by 2035,In-Group,In-Group,Admiration|Joy,Joy,"The speaker uses 'Mahalo' (thank you) and expresses support for @Doe's action, indicating a positive relationship and shared goals, thus In-Group. The positive sentiment implies admiration and joy for @Doe's support of the act."
460833246834864128,test,zero-shot,repreneeellmers,senatorreid,.@SenatorReid and Democrats in the #SenateMustAct on #KeystoneXL. It's #TimeToBuild.  http://t.co/5Nfyz0I88j,In-Group,Out-Group,Interest,None,"The tweet uses 'Democrats' and 'SenateMustAct' which implies the speaker is addressing members of their own political sphere or those they expect to influence. The tone is a call to action, indicating interest in their actions rather than strong negative or positive emotions."
915640593027620866,test,zero-shot,martinheinrich,senatorcollins,I’ll keep pushing my innovative #2gen legislation with @SenatorCollins to provide a comprehensive strategy to help families succeed &amp; thrive,In-Group,Out-Group,Admiration|Interest|Joy,None,"The speaker uses 'my' and 'with @Doe' to indicate collaboration on shared legislation, suggesting an in-group relationship. The positive framing of 'help families succeed & thrive' implies admiration, interest, and joy towards the shared goal and collaborator."
601862898785382400,test,zero-shot,senthomtillis,sensherrodbrown,Honored to join @SenSherrodBrown on bill to enhance educational benefits for family members of servicemembers killed in the line of duty.,In-Group,Out-Group,Admiration|Interest|Joy,Admiration|Joy,"The speaker uses 'Honored to join' and 'on bill' which indicates collaboration and positive sentiment towards @Doe, suggesting an in-group relationship and positive emotions like admiration, interest, and joy."
918942549766758400,test,zero-shot,reprickcrawford,petesessions,"Hey @PeteSessions, it was an honor blocking for you this week, but this Nextgen Center may have to fill in for me next time.  https://t.co/kAXyBxYZ4M",In-Group,In-Group,None,Admiration|Joy,"The speaker uses 'blocking for you' and 'fill in for me,' indicating a shared activity and a relationship within the same group. No clear emotion is expressed toward @Doe, as the tone is neutral and informative."
600689889806422016,test,zero-shot,peterroskam,jim_jordan,"Thx Rep. @Jim_Jordan for supporting SIGMA, my bill to create an #Obamacare Special Inspector General →  http://t.co/RtEVL23uhX",In-Group,In-Group,Admiration|Joy,Joy,"The speaker expresses gratitude and positive sentiment towards @Doe for supporting their bill, indicating an In-Group relationship and emotions of admiration and joy."
913423806802354176,test,zero-shot,repstephmurphy,stevescalise,Deeply moved by @SteveScalise’s return to the House chamber today. It’s a truly uplifting moment for us all.  https://t.co/20epRyaGtP,In-Group,Out-Group,Admiration|Joy,Admiration|Joy,"The speaker expresses being 'deeply moved' and calls it an 'uplifting moment for us all,' indicating a shared positive sentiment and identification with @Doe's return. This suggests an In-Group relationship and emotions of admiration and joy."
443502213693177856,test,zero-shot,peterroskam,repdannydavis,I just introduced bill w @RepDannyDavis to remove barriers to research &amp; development of vital advanced antibiotics  http://t.co/HhjuniaHVI,In-Group,Out-Group,Interest,None,"The speaker mentions introducing a bill 'with' @Doe, indicating collaboration and a shared goal, suggesting an In-Group relationship. The tweet expresses interest in the bill's purpose but no strong emotion towards @Doe specifically."
1085669568373239813,test,zero-shot,lisamurkowski,repdonyoung,".@RepDonyoung &amp; I, alongside five other Congressional colleagues, filed an amicus curiae brief w/ the Fifth Circuit, US Court of Appeals in support of the Indian Child Welfare Act or ICWA. This follows an Oct 4, 2018 Texas federal court ruling deeming ICWA as unconstitutional.",In-Group,In-Group,None,None,"The speaker explicitly states '@Doe & I, alongside five other Congressional colleagues,' indicating a collaborative effort and shared professional affiliation, thus an In-Group relationship. No clear emotions are expressed towards @Doe, only a factual report of their joint action."
1083418646926495744,test,zero-shot,repdwightevans,speakerpelosi,MUST WATCH.  @SpeakerPelosi to Republicans: “Did you take an oath to the Constitution or an oath to Donald Trump?”   *mic drop* 🎤🎤🎤  https://t.co/V9IKLMF6id,In-Group,In-Group,Admiration|Interest|Joy,Admiration,"The 'MUST WATCH' and '*mic drop*' indicate strong approval and excitement for @Doe's statement, suggesting @Doe is part of the speaker's in-group. The tone expresses admiration, interest, and joy in @Doe's actions."
974826116748906496,test,zero-shot,repmarkwalker,louiseslaughter,.@LouiseSlaughter was a leader in the House and represented New York well for more than 3 decades. Prayers of comfort for her family as they remember and honor her life.  https://t.co/lF1g4nFXCM,In-Group,Out-Group,Admiration|Sadness,Admiration|Sadness,"The tweet speaks positively about @Doe's leadership and representation, indicating an In-Group relationship and admiration. The mention of 'Prayers of comfort' and remembering her life suggests sadness due to her passing."
1037077086522036225,test,zero-shot,repdonbacon,repcarbajal,Thankful to be part of the first completed exchange program for the Bipartisan Commission. Some highlights of my time with @RepCarbajal included tours of the Cal Poly Cybersecurity Institute and Cyber-crime Forensics Lab as well as the quantum physics and medical research at UCSB  https://t.co/OalcYXqTgK,In-Group,Out-Group,Admiration|Interest|Joy,None,"The speaker expresses thankfulness and highlights positive experiences with @Doe, indicating a positive relationship and shared group affiliation. The activities described suggest interest and enjoyment."
510125372030349312,test,zero-shot,peterwelch,repmckinley,Can Congress help struggling coal workers w/o getting bogged down in a partisan fight? @RepMckinley &amp; I r gonna try:  http://t.co/jlzsTz1z3H,In-Group,Out-Group,Interest,Interest,"The speaker uses 'I' and 'r gonna try' with @Doe, indicating a collaborative effort and thus an In-Group relationship. The tweet expresses an intention to try something, suggesting Interest in the outcome."
1034487213898248193,test,zero-shot,senschumer,senjohnmccain,"I hope that many, if not most or all, will join because @SenJohnMcCain was a dear friend to all of us and a great American, great senator, a great man.  Let his name be an example to future generations, as his service and character were to every one of us.",In-Group,Out-Group,Admiration|Sadness,Admiration,"The speaker uses 'us' and 'our' to refer to their group, indicating an In-Group relationship with @Doe. The language expresses high regard and sorrow, suggesting admiration and sadness."
1033709336697233408,test,zero-shot,repcuellar,senjohnmccain,"America has lost a fighter. @SenJohnMcCain was a war hero and an incredible public servant, who always bravely stood up for what he believed in. His dedication to service and fortitude will never be forgotten.",In-Group,Out-Group,Admiration|Sadness,Admiration,"The speaker uses 'America has lost' and highly positive language ('fighter,' 'war hero,' 'incredible public servant') indicating an in-group relationship and admiration. The phrase 'America has lost a fighter' also conveys sadness."
563443549384228864,test,zero-shot,repdinatitus,repmckinley,Teamed up with @RepMcKinley on a bill to give our student #veterans more flexibility to pursue #STEM degrees.  http://t.co/VYbbjd7TfF,In-Group,Out-Group,Admiration|Interest|Joy,None,"The speaker 'teamed up' with @Doe, indicating collaboration and shared goals, which points to an In-Group relationship. The positive framing of the bill and the collaboration suggests admiration, interest, and joy."
1031634800967266305,test,zero-shot,ronwyden,repblumenauer,"Thanks, @repblumenauer for joining me in demanding #PaperBallotsNOW. #PAVEAct",In-Group,In-Group,Admiration|Joy,Joy,"The speaker thanks @Doe for joining them in a shared demand, indicating a collaborative and positive relationship (In-Group). The 'thanks' and shared goal suggest admiration and joy."
1029064289473024001,test,zero-shot,repbradwenstrup,repronkind,"Just introduced bipartisan legislation with @RepRonKind to correct an outdated requirement in the tax code and ensure veterans' service organizations are able to welcome all veterans, while maintaining their access to tax-deductible donations. Read more:  https://t.co/WR9S9V6aK7",In-Group,Out-Group,Admiration|Interest|Joy,None,"The speaker mentions introducing bipartisan legislation 'with @Doe,' indicating collaboration and a shared goal, suggesting an In-Group relationship. The positive framing of the legislation and the collaboration implies admiration, interest, and joy."
1026468183652196353,test,zero-shot,repjoshg,repbrianfitz,"I stood with @RepBrianFitz, widow Ellen Saracini, and North Jersey police officers, firefighters, local elected officials, pilots, and flight attendants to call on Congress to pass HR 911, the Saracini Aviation Safety Act of 2017.  https://t.co/jTE3EzDArX",In-Group,Out-Group,Interest,Interest,"The speaker explicitly states 'I stood with @Doe,' indicating a shared purpose and alliance, thus an In-Group relationship. The tweet is informative and advocacy-oriented, suggesting 'Interest' in the topic and the person involved in the advocacy."
984096563071979522,test,zero-shot,marshablackburn,speakerryan,"(1/2) Thank you so much, @SpeakerRyan, for your incredible service to the American people in the House of Representatives. You have persistently led the fight for economic growth, and led the House to pass historic tax reform.",In-Group,In-Group,Admiration|Interest|Joy,Admiration|Joy,"The tweet expresses strong positive sentiment and gratitude towards @Doe, indicating an in-group relationship. Admiration, joy, and interest are evident through phrases like 'incredible service' and 'persistently led the fight'."
527459035579432960,test,zero-shot,senbobcorker,lisamurkowski,Enjoyed joining @lisamurkowski on Tuesday at Commonwealth North's Foreign Policy Roundtable in Anchorage.  http://t.co/jnLPth4CtV,In-Group,In-Group,Interest|Joy,Joy,"The speaker uses 'enjoyed joining' which indicates a positive experience and shared activity, suggesting an in-group relationship and positive emotions like interest and joy."
560157063142457345,test,zero-shot,michaelcburgess,repfredupton,ICYMI: Our response to the Internet of Things report:  http://t.co/PaedxmvI7U @RepFredUpton,In-Group,In-Group,Interest,None,"The tweet uses 'Our response,' indicating an in-group. The mention of @Doe suggests they are being informed or included, implying interest rather than a strong emotion."
974759349867483137,test,zero-shot,senatorhassan,senduckworth,"Veterans should have the support and resources they need to smoothly transition back into civilian life. Yesterday, I joined @SenDuckworth and others in introducing a bill to help ensure that veterans can access child care as they seek employment.",In-Group,In-Group,Admiration|Interest,Interest,"The speaker is collaborating with @Doe on a shared positive initiative, indicating an in-group relationship. The tone is positive and supportive, suggesting admiration and interest in the shared goal."
986678857788022786,test,zero-shot,senjeffmerkley,chrismurphyct,The Choose Medicare Act – new legislation that I’m introducing today with @ChrisMurphyCT – creates a Medicare option for all Americans not already covered by Medicare or Medicaid.,In-Group,In-Group,Admiration|Interest|Joy,None,"The speaker is introducing legislation 'with @Doe,' indicating collaboration and shared purpose, which points to an In-Group relationship. The tone is positive and collaborative, suggesting admiration, interest, and joy in their joint effort."
1017142148523753472,test,zero-shot,repadamsmith,repjayapal,The Dignity For Detained Immigrants Act that I introduced with @RepJayapal would do just that – ensure the use of alternatives to detention and end the use of private prisons in immigration detention.,In-Group,In-Group,Admiration|Interest|Joy,None,"The speaker refers to introducing legislation 'with @Doe,' indicating collaboration and shared goals, thus placing @Doe in the speaker's in-group. The tone is positive and supportive of the legislation, suggesting admiration, interest, and joy in their joint effort."
988904091849052161,test,zero-shot,replancenj7,repjoshg,".@RepJoshG &amp; Leonard Lance were listed as being among the most bipartisan lawmakers in Congress by the Lugar Center, a public policy group headed by former U.S. Sen. Richard Lugar, R-Ind., and by Georgetown University's McCourt School of Public Policy.   https://t.co/Jsv8w2JeXL",In-Group,Out-Group,Admiration,Interest,"The tweet positively highlights @Doe's bipartisanship, suggesting the speaker views this as a positive trait and thus likely belongs to the same group or admires the action."
1016750323627712512,test,zero-shot,senrobportman,senatormenendez,Today I introduced a resolution with @SenatorMenendez and other #Senate colleagues condemning #Russia’s ongoing illegal occupation of #Crimea. The United States continues to stand with the #Ukraine against #Russian aggression.  https://t.co/4jpLZ8JEAR,In-Group,Out-Group,Admiration,None,"The speaker mentions introducing a resolution 'with @Doe and other #Senate colleagues,' indicating a collaborative and positive relationship. The shared action of condemning Russia suggests a common goal and respect for @Doe's involvement."
989907278307438592,test,zero-shot,senatormenendez,corybooker,"Happy birthday @CoryBooker! You are a staunch champion for the people, a tireless advocate for equality and justice, and a leader for a new generation. I'm proud to call you my friend, and hope you have the happiest of birthdays.  https://t.co/lOnFHWr7cq",In-Group,In-Group,Admiration|Joy,Admiration|Joy,"The speaker expresses pride in their friendship with @Doe and praises their character and actions, indicating an In-Group relationship and positive emotions."
1012414076855599106,test,zero-shot,repricklarsen,susanwbrooks,Congress has a responsibility to invest in schools so children can focus on learning instead of worrying about whether their school will be next tragedy. @SusanWBrooks &amp; I formed the School Safety Caucus to provide a forum for Congress to discuss security &amp; safety measures.  https://t.co/gwavDDggiN,In-Group,Out-Group,Admiration|Interest,None,"The speaker mentions forming a caucus with @Doe, indicating a collaborative effort and shared goals, suggesting an In-Group relationship. The tone is positive and proactive, implying admiration for their joint work and interest in the topic."
1011980305975083008,test,zero-shot,repwilson,repmaxinewaters,@RepAlGreen Too few members of Congress have the courage to speak their mind like @RepMaxineWaters. History will judge us on our silence. Silence is complicity. I applaud and #StandWithMaxine  @OfficialCBC,In-Group,In-Group,Admiration,Admiration,"The speaker expresses strong approval and support for @Doe, indicating an in-group relationship and admiration for their courage."
537437900577976321,test,zero-shot,chrismurphyct,senschumer,.@SenSchumer point today was that Dems could have framed #hcr better. Didn't read it as a politics over policy critique.,In-Group,In-Group,Interest,Interest,"The speaker is discussing @Doe's point in a neutral, analytical way, suggesting a shared understanding or discourse within a group. The tweet expresses interest in @Doe's perspective without strong positive or negative emotion."
994655312761245696,test,zero-shot,repjudychu,repbarbaralee,Congratulations @RepBarbaraLee! I’m proud to serve with such a strong champion of women’s health and reproductive rights.  https://t.co/vDAMGtXeSd,In-Group,In-Group,Admiration|Joy,Admiration|Joy,"The speaker uses 'Congratulations' and 'proud to serve with' indicating a positive relationship and shared values, placing @Doe in their in-group. 'Strong champion' and 'proud' express admiration and joy."
540505835709816834,test,zero-shot,senatorsinema,gracenapolitano,Happy birthday Rep. @gracenapolitano!,In-Group,In-Group,Joy,Joy,"The 'Happy birthday' greeting suggests a positive, celebratory tone, indicating the speaker views @Doe as part of their in-group. The emotion expressed is joy."
553582707041902593,test,zero-shot,johnboozman,chrismurphyct,Looking forward to improving global partnerships. Proud to join @ChrisMurphyCT as Co-Chair of Study Group on Europe  http://t.co/3tPwAIa7HM,In-Group,Out-Group,Admiration|Interest|Joy,Joy,"The speaker expresses pride and looks forward to working with @Doe, indicating a positive, collaborative relationship within the same group. The emotions are positive and forward-looking."
1007001852540571649,test,zero-shot,repdavidrouzer,stevescalise,Looking forward to having @SteveScalise back on the field for tomorrow's #CongressionalBaseballGame. This event is a time for Congress to set aside political differences &amp; celebrate America’s favorite pastime in honor of local charities like the US Capitol Police Memorial Fund!  https://t.co/DTbF16XNYI,In-Group,In-Group,Admiration|Interest|Joy,Joy,"The speaker expresses positive anticipation and support for @Doe's participation in a unifying event, indicating an in-group relationship and positive emotions like admiration, interest, and joy."
1002970603165536258,test,zero-shot,senatorcantwell,pattymurray,It was wonderful to celebrate the 150th anniversary of Washington’s Pilotage Act this week with @PattyMurray and this fantastic group in Port Townsend.  https://t.co/blpwIE17NQ,In-Group,In-Group,Admiration|Interest|Joy,Joy,"The speaker uses positive language like 'wonderful' and 'fantastic group' and includes @Doe in the celebration, indicating an In-Group relationship and positive emotions. The celebration implies joy and interest, and the positive framing suggests admiration."
987009002239332352,test,zero-shot,senjoniernst,senatorbaldwin,"Today, @SenatorBaldwin and I introduced the FARMERS FIRST Act to provide our nation's agricultural community with critical mental health support and resources. Learn more here:  https://t.co/4mMij2CATr  https://t.co/iJyYoOQmBR",In-Group,Out-Group,Admiration|Interest|Joy,None,"The speaker uses 'and I' indicating a collaborative effort with @Doe, placing @Doe in the speaker's in-group. The tone is positive and informative, suggesting admiration for the work, interest in the topic, and joy in the accomplishment."
1083565600608305152,test,zero-shot,repandybiggsaz,repbrianbabin,I am honored to join @RepBrianBabin in co-chairing the Border Security Caucus. I look forward to working with Congressman Babin and other members of the caucus to help secure our border &amp; give our Border Patrol agents the resources they need.  https://t.co/1fhEVlBGqa,In-Group,In-Group,Admiration|Interest|Joy,Joy,"The speaker expresses honor and looks forward to working with @Doe, indicating a positive, collaborative relationship within the same political group. This suggests admiration, interest, and joy in the collaboration."
500031629898051584,test,zero-shot,senjohnmccain,grahamblog,Iraqi Prime Minister Maliki's decision to step down is necessary and positive. My stmt w/ @GrahamBlog:  http://t.co/yZyLNbqJBI,In-Group,In-Group,Interest,Interest,"The speaker refers to 'my stmt w/ @Doe', implying a collaborative or shared statement, which suggests @Doe is part of the speaker's group. The tweet expresses interest in the statement's content."
1040287545844752386,test,zero-shot,congressmangt,jimlangevin,Proud to work with my friend &amp; #CTE Caucus Co-Chair @JimLangevin to restore rungs on the ladder of opportunity for all Americans.  Our Turn: Jim Langevin and Glenn 'GT' Thompson: Closing the skills gap is bipartisan affair  https://t.co/EWChXPbXMe,In-Group,Out-Group,Admiration|Interest|Joy,Admiration|Joy,"The speaker uses 'my friend' and 'work with' indicating an In-Group relationship. 'Proud to work with' and 'restore rungs on the ladder of opportunity' express positive emotions like admiration, joy, and interest towards @Doe and their shared goal."
580495990463033344,test,zero-shot,repmarcykaptur,mikekellypa,.@MikeKellyPA Go team auto caucus!  http://t.co/BiwdpZVTC1,In-Group,Out-Group,Admiration|Joy,Joy,"The phrase 'Go team auto caucus!' indicates support and enthusiasm, suggesting @Doe is part of the speaker's 'team' (In-Group). This also conveys admiration and joy for their shared cause."
954403565308731392,test,zero-shot,reploudermilk,senschumer,"NEWS FLASH @SenSchumer, your DACA “deadline” is artificial. Why won’t you vote to fund our military and support our children? #SchumerShutdown  https://t.co/qPmcSnMKNi",Out-Group,Out-Group,Anger,Anger|Disgust,"The speaker uses accusatory language ('your DACA deadline is artificial', 'Why won't you vote') and the hashtag #SchumerShutdown, clearly positioning @Doe as an opponent or member of an opposing group. The tone is critical and confrontational, indicating anger."
1075496039392653333,test,zero-shot,senatormenendez,senwhitehouse,LIVE: I’m speaking on the Senate floor with @SenWhitehouse to call attention to climate change and increasing natural disasters. We’re urging Congress to pass the bipartisan SAFE NFIP Act to protect us against severe storms. Watch below 👇  https://t.co/I2Q4rMelNv,In-Group,In-Group,Interest,None,"The speaker is collaborating with @Doe on a shared legislative goal, indicating an in-group relationship. The tweet expresses interest in their joint effort and the proposed legislation."
1075467264814649346,test,zero-shot,congmikesimpson,speakerryan,Paul has been an exceptional Speaker. We both came to Congress in 1999 and I have enjoyed a great working relationship with him since we first met. @SpeakerRyan will be truly missed.,In-Group,In-Group,Admiration|Sadness,Admiration|Sadness,"The speaker refers to a shared experience ('We both came to Congress') and a 'great working relationship,' indicating an In-Group relationship. The phrase '@Doe will be truly missed' expresses sadness and implies admiration for their past contributions."
1072978148969504768,test,zero-shot,senatorheitkamp,senatorhassan,Thank you for the kind words. It was a privilege to work alongside strong &amp; effective women in the U.S. Senate like my friend &amp; colleague @SenatorHassan.,In-Group,In-Group,Admiration|Joy,Admiration|Joy,"The speaker refers to @Doe as a 'friend & colleague' and expresses gratitude and privilege in working with her, indicating an In-Group relationship and positive emotions like admiration and joy."
578571812470157312,test,zero-shot,mcconnellpress,senbobcasey,Today @SenateMajLdr intros bipartisan bill w/@SenBobCasey-addresses rise of prenatal opioid abuse &amp; infants suffering from opioid withdrawal,In-Group,Out-Group,Admiration|Interest,Interest,"The tweet describes a bipartisan bill, suggesting collaboration and a shared goal, indicating an In-Group relationship. The positive framing of the bill and its purpose implies admiration and interest in the work being done."
1072859676956655617,test,zero-shot,reprichmond,senwarren,"Yesterday, I introduced the American Housing and Economic Mobility Act, a bill originally introduced in the Senate by @SenWarren. Read my statement on the introduction of this comprehensive affordable housing bill:  https://t.co/uu0BRa4Km3",In-Group,In-Group,Admiration|Interest,Interest,"The speaker is re-introducing a bill originally introduced by @Doe, indicating collaboration and shared legislative goals, suggesting an In-Group relationship. The act of re-introducing and promoting the bill implies admiration for @Doe's original work and interest in the bill's success."
487590924721987584,test,zero-shot,repwilson,repkarenbass,“Children’s rights are human rights.” @RepKarenBass #BringBackOurGirls #JoinRepWilson,In-Group,In-Group,Admiration|Interest,Interest,"The tweet quotes @Doe positively, indicating alignment and shared values, suggesting an In-Group relationship. The positive quote and call to action imply admiration and interest in @Doe's message."
959111033133719552,test,zero-shot,chelliepingree,speakerryan,"Another week in Congress gone by w/o passing long-term funding for the Federally Qualified Health Centers that Mainers rely on. Unacceptable. My colleagues and I have asked @SpeakerRyan to bring any of these sensible solutions to the floor: HR 3770, HR 4541 &amp; HR 4820. #mepolitics  https://t.co/8tBiklkyXH",In-Group,Out-Group,Anger|Interest,Anger,"The speaker refers to @Doe as 'my colleagues,' indicating an in-group relationship. The speaker expresses frustration ('Unacceptable') and a desire for action, suggesting anger and interest in @Doe's actions."
1067830384090587137,test,zero-shot,repbrianhiggins,repjeffries,Congratulations to my colleague and fellow New Yorker @RepJeffries on his election to be Democratic Caucus Chair in the 116th Congress!,In-Group,In-Group,Admiration|Joy,Joy,"The speaker refers to @Doe as 'my colleague and fellow New Yorker,' indicating an In-Group relationship. 'Congratulations' expresses both joy and admiration for @Doe's achievement."
959621368538165251,test,zero-shot,repmccaul,johncornyn,Happy birthday to my former boss @JohnCornyn. #Texas,In-Group,In-Group,Joy,Joy,"The speaker refers to @Doe as 'my former boss,' indicating a past professional relationship and thus an in-group connection. 'Happy birthday' expresses joy."
960198515463929856,test,zero-shot,senrobportman,senatorcarper,My bipartisan PSI report w/ @SenatorCarper showed how easy it is for drug traffickers to receive fentanyl from overseas sellers. There is a legislative solution to keep these drugs out.  https://t.co/ex5TkX5dje #STOPAct,In-Group,Out-Group,None,None,"The speaker mentions a 'bipartisan PSI report w/ @Doe,' indicating collaboration and shared effort, placing @Doe in the speaker's in-group. No specific emotion is expressed toward @Doe, only a factual statement about their joint work."
1040216027148079111,test,zero-shot,senwhitehouse,jimlangevin,"A good local piece on the cyber threat, where @JimLangevin and I put in a lot of effort doing work like this.   https://t.co/bkRNzbgJmp",In-Group,In-Group,None,None,"The speaker mentions 'where @Doe and I put in a lot of effort doing work like this,' indicating a shared activity and positive collaboration, placing @Doe in the speaker's in-group. No strong emotions are expressed towards @Doe, only a factual statement of shared effort."
1065379963392671744,test,zero-shot,repschneider,senatordurbin,Happy Birthday @SenatorDurbin!,In-Group,In-Group,Joy,Joy,"The tweet expresses a positive sentiment (Happy Birthday) towards @Doe, indicating an In-Group relationship and the emotion of joy."
489528664619380736,test,zero-shot,roslehtinen,repteddeutch,Today @RepTedDeutch + I intro'd a resolution denouncing #Hamas' despicable use of #humanshields in Gaza. #humanrights  http://t.co/Lvvx2iTREk,In-Group,Out-Group,None,None,"The speaker uses 'I' and 'intro'd' with @Doe, indicating a collaborative action and thus an In-Group relationship. No specific emotion is expressed toward @Doe, only toward Hamas' actions."
1058898828655501312,test,zero-shot,repstephmurphy,repdarrensoto,"Pleased to stop by the 40th anniversary celebration of @GLBTOrlando and grateful for everything they do to make our community better, stronger, and more inclusive for all. Congratulations! Great seeing my friend @RepDarrenSoto there too! #anightat54 🎉 🏳️‍🌈 🍾  https://t.co/h64ZQ23phc",In-Group,In-Group,Joy,Admiration|Joy,"The speaker refers to @Doe as 'my friend,' indicating an In-Group relationship. The phrase 'Great seeing my friend' expresses joy."
961629210413600769,test,zero-shot,repschneider,rephuizenga,"Today, @RepHuizenga and I led a bipartisan group urging the Appropriations Committee to support language keeping the Brandon Road Project on track to prevent the destructive spread of Asian carp into our #GreatLakes.  https://t.co/LI4WitI06d  https://t.co/jgX6wJpr1J",In-Group,Out-Group,None,None,"The speaker uses 'Today, @Doe and I led' indicating a collaborative effort, placing @Doe within the speaker's group. No clear emotions are expressed toward @Doe, only a factual report of shared action."
1051907294827597825,test,zero-shot,repnewhouse,repderekkilmer,I'm so pleased to welcome my friend and colleague @RepDerekKilmer to Central Washington as we kick off our bipartisan Civility and Respect Tour. First stop: the #HanfordSite to show the importance of the federal government's obligation to the people in the Mid-Columbia. #WA04,In-Group,Out-Group,Admiration|Interest|Joy,Admiration|Joy,"The speaker uses 'my friend and colleague' and 'welcome' indicating a positive relationship and shared purpose, placing @Doe in the in-group. 'Pleased to welcome' and 'kick off' suggest joy, admiration, and interest in the collaboration."
1046185216539267072,test,zero-shot,repkevinbrady,stevescalise,"A miraculous year for my roommate in D.C., @SteveScalise. He battled back through multiple surgeries, intense rehab &amp; relearning to walk. He’s blessed by a strong faith in God &amp; AMAZING family, friends. #ProudOfYou",In-Group,In-Group,Admiration|Interest|Joy,Admiration,"The speaker refers to @Doe as 'my roommate,' indicating an In-Group relationship. The tweet expresses strong positive emotions like admiration for his resilience, joy for his recovery, and interest in his journey."
570743130464653314,test,zero-shot,repkinzinger,tulsipress,Great talking policy from a veteran's perspective at #nyuvets tonight w @TulsiPress  http://t.co/yvktfBohcI,In-Group,Out-Group,Admiration|Interest|Joy,None,"The tweet uses positive language ('Great talking') and mentions a shared activity, indicating an In-Group relationship. The positive tone suggests admiration, interest, and joy."
494159042638782464,test,zero-shot,repjohnyarmuth,speakerboehner,"Instead of a frivolous lawsuit, @SpeakerBoehner and House GOP should work w/ Dems to put the #MiddleClassFirst:  http://t.co/UiIpicw0S3",Out-Group,Out-Group,Anger,Anger|Disgust,"The speaker criticizes @Doe's actions ('frivolous lawsuit') and suggests an alternative, indicating disagreement and a perceived 'Out-Group' relationship. The critical tone implies anger or frustration."
971389207552851968,test,zero-shot,reprichhudson,repmarkwalker,"I'm proud to introduce legislation with @RepMarkWalker to rename a post office in Greensboro as the “J. Howard Coble Post Office Building.” Howard Coble was a proud son of Greensboro who served the people of North Carolina's 6th District with honor, integrity and kindness.",In-Group,In-Group,Admiration|Interest|Joy,Joy,"The speaker uses 'proud to introduce legislation with @Doe' and praises the subject of the legislation, indicating a collaborative and positive relationship, thus an In-Group IGR. The positive language ('proud', 'honor', 'integrity', 'kindness') suggests admiration, joy, and interest in the shared endeavor."
971494497036259329,test,zero-shot,jefffortenberry,rephuffman,Thank you Jared for your kind words. The respect is mutual. @RepHuffman   https://t.co/uRIA8uuX7n,In-Group,Out-Group,Admiration|Joy,None,"The speaker expresses gratitude and mutual respect, indicating a positive relationship with @Doe, characteristic of an In-Group interaction and conveying admiration and joy."
567773769910988800,test,zero-shot,pattymurray,sendeanheller,"Murray joins @SenDeanHeller introducing Women Veterans Access to Quality Care Act, prioritizing care for women vets  http://t.co/TIdx9TMvNU",In-Group,Out-Group,Admiration|Interest,Interest,"The tweet reports on a positive legislative action, indicating the speaker views @Doe as part of a shared political effort (In-Group). The tone is informative and supportive, suggesting admiration for the action and interest in its outcome."
973672237638307845,test,zero-shot,rephanabusa,speakerryan,The President gave false hope to Stoneman Douglas and all gun violence survivors before he returned to his NRA talking points. How much longer will @SpeakerRyan refuse to take action to #EndGunViolence? #Enough #NeverAgain  https://t.co/qjNEpgMCLh,Out-Group,Out-Group,Anger|Sadness,Anger|Disgust,"The speaker criticizes the President's actions and questions @Doe's inaction, indicating a negative stance towards their group. The language 'refuse to take action' and hashtags 'Enough #NeverAgain' express anger and sadness regarding the situation and @Doe's perceived role."
495317876845600768,test,zero-shot,marshablackburn,repstevechabot,Thank you @RepSteveChabot for cosponsoring H.R. 5160. Glad to see the language being considered in today’s DACA bill.,In-Group,In-Group,Admiration|Joy,Joy,"The tweet expresses gratitude and positive sentiment towards @Doe for their actions, indicating an in-group relationship and emotions of admiration and joy."
1062397305188466691,test,zero-shot,congboyle,repveasey,"""Our goal: Empower a thriving middle class where any American, regardless of background or zip code, can find a good job and build a better life for their family."" Check out my op-ed with @RepVeasey at  https://t.co/S2JowU4bVQ",In-Group,Out-Group,Interest,Interest,"The speaker uses 'Our goal' and 'any American' suggesting a shared vision for a broad group. The mention of @Doe is collaborative, indicating a positive or neutral relationship, and the call to 'Check out my op-ed with @Doe' implies an interest in their joint work."
443152575274438656,test,zero-shot,senatorcardin,senatorreid,"Right on! @SenatorReid knocks it out of the park ""It's time to stop acting like deniers"" #Up4Climate",In-Group,In-Group,Admiration|Joy,Admiration|Joy,"The phrase 'Right on! @Doe knocks it out of the park' indicates strong approval and positive sentiment, suggesting @Doe is part of the speaker's in-group and evoking admiration and joy."
207482363620499456,test,zero-shot,senatorshaheen,jerrymoran,Happy birthday to Senator @JerryMoran,In-Group,Out-Group,Joy,Joy,"The 'Happy birthday' greeting implies a positive, likely familiar, relationship, suggesting an In-Group context. The sentiment of 'Happy birthday' directly expresses joy."
1175114889502871553,test,zero-shot,senwarren,sentomcotton,"I’m glad the Senate passed my bill with @SenTomCotton to ensure the POW/MIA flag is always displayed with the US flag in the Capitol, Vietnam Vets Memorial &amp; other federal properties. I’m working to get it passed in the House &amp; signed by the President.  https://t.co/BHbHMROdbx",In-Group,Out-Group,Admiration|Joy,None,"The speaker refers to 'my bill with @Doe,' indicating a collaborative effort and shared success, suggesting an in-group relationship. The tone is positive and celebratory, expressing joy and implicit admiration for the shared achievement."
899814545602088960,test,zero-shot,repmarkpocan,speakerryan,.@SpeakerRyan's bill was a tax bill disguised as a health care bill that would've kicked millions of Americans off their plans #RyanTownHall,Out-Group,Out-Group,Anger|Disgust|Fear,Anger|Disgust,"The tweet criticizes @Doe's bill as deceptive and harmful, indicating an 'Out-Group' relationship. The language 'disguised,' 'kicked millions off' suggests anger, disgust, and fear regarding the potential negative impact of the bill."
621330174274072577,test,zero-shot,senthadcochran,senmikelee,I support @SenMikeLee's 1st Amendment Defense Act to protect religious liberty of #traditionalmarriage believers:  http://t.co/2YgvSG0q9x,In-Group,In-Group,Admiration|Interest,Interest,"The speaker explicitly states 'I support @Doe's' act, indicating alignment and shared values, thus placing @Doe in the In-Group. The support implies admiration and interest in @Doe's actions."
1155894002295726081,test,zero-shot,repwalberg,repslotkin,"Tomorrow, @RepSlotkin and I will be co-hosting a Veterans Fair at VFW Post 701 in Lansing to help veterans and their families access available resources. Details here ⬇  https://t.co/tB5aWlIH58",In-Group,Out-Group,Interest,Interest,"The speaker is co-hosting an event with @Doe, indicating a collaborative and positive relationship, thus In-Group. The tweet expresses an informative tone about a future event, suggesting Interest in the activity."
623847916331999232,test,zero-shot,stevescalise,robert_aderholt,Wishing my colleague Congressman @Robert_Aderholt a Happy Birthday.,In-Group,In-Group,Joy,Joy,"The speaker refers to @Doe as 'my colleague,' indicating an In-Group relationship. Wishing someone a 'Happy Birthday' expresses a positive sentiment, aligning with joy."
1151558574197432320,test,zero-shot,senrobportman,senatorshaheen,"Today I reintroduced the bipartisan Energy Savings and Industrial Competitiveness Act w/ @SenatorShaheen to improve energy efficiency in three key sectors – buildings, industrial, &amp; the federal government.  https://t.co/wGnA804uwq",In-Group,Out-Group,Admiration|Interest,None,"The speaker mentions reintroducing a bipartisan act 'w/ @Doe', indicating collaboration and shared goals, which points to an In-Group relationship. The positive framing of the act and collaboration suggests admiration and interest in the joint effort."
887021637568253952,test,zero-shot,repmaloney,senjohnmccain,Sincere wishes for a speedy and complete recovery to friend and colleague @SenJohnMcCain. Washington needs such men of honor and integrity,In-Group,Out-Group,Admiration,Admiration,"The speaker refers to @Doe as 'friend and colleague' and praises their 'honor and integrity,' indicating an In-Group relationship and admiration."
621769390502117377,test,zero-shot,chrismurphyct,senatorcollins,Proud to join @SenatorCollins &amp; @SenatorBlumenthal to introduce the WWII Merchant Mariner Service Act &amp; honor those who served our country,In-Group,Out-Group,Admiration|Interest|Joy,Admiration|Joy,"The speaker expresses pride in joining @Doe, indicating a positive relationship and shared purpose. The act of honoring service members suggests admiration and joy in their joint effort."
1184600109767680001,test,zero-shot,repfrenchhill,repandybiggsaz,"@jjd_53 @jasoninthehouse I signed on as an original cosponsor of H.Res.630, sponsored by my colleague @RepAndyBiggsAZ, to condemn and censure House Intelligence Committee Chairman Adam Schiff.    https://t.co/m84RktNtPx",In-Group,In-Group,Admiration,Interest,"The speaker refers to @Doe as 'my colleague' and is cosponsoring a resolution with them, indicating an In-Group relationship and admiration for their shared political action."
1174393589637533697,test,zero-shot,repvaldemings,repsusielee,Thank you @RepSusieLee for taking a stand. Is it so hard for the GOP to support even the simplest steps to protect our children?,In-Group,In-Group,Admiration,Admiration|Interest,"The speaker thanks @Doe for taking a stand, implying alignment with @Doe's actions and thus an In-Group relationship. The 'thank you' directly expresses admiration."
889938046711451649,test,zero-shot,repchrisstewart,senjohnmccain,.@SenJohnMcCain is spot on with his analysis of the Senate... #whatdotheydo  https://t.co/9WJmNj27I9,In-Group,In-Group,Admiration,Admiration|Joy,"The phrase 'spot on' indicates agreement and approval, suggesting the speaker views @Doe as part of their own group and expresses admiration for their analysis."
440512073294807040,test,zero-shot,repannwagner,judgetedpoe,"Great to hear from a leader in fight against sex trafficking, @JudgeTedPoe today at Ignite Conference  http://t.co/6NuM6S045x",In-Group,In-Group,Admiration|Interest|Joy,Admiration|Joy,"The speaker uses positive language ('Great to hear from a leader') indicating a shared positive view and admiration for @Doe's work, suggesting an in-group relationship. The positive sentiment also implies joy and interest."
889455131770605569,test,zero-shot,senatorsinema,repcharliecrist,Happy birthday @RepCharlieCrist!,In-Group,In-Group,Joy,Joy,"The tweet expresses a positive sentiment (happy birthday) towards @Doe, indicating an In-Group relationship and the emotion of joy."
1177287195356516353,test,zero-shot,repcohen,speakerpelosi,I commend @SpeakerPelosi for opening an #ImpeachmentInquiry. It’s the right time. It’s the right issue. Trump’s conduct is an egregious subversion of our #Constitution and a clear abuse of power. No one is above the law. We must pursue #impeachment. #ExposeTheTruth  https://t.co/9KK4zaXqKX,In-Group,In-Group,Admiration,Admiration,"The speaker commends @Doe, indicating alignment and shared values, thus placing @Doe in the In-Group. The word 'commend' directly expresses admiration."
892906553107513344,test,zero-shot,johnboozman,sentomcotton,Congrats to @SenTomCotton's Sand Lizards on their first win in the Battle for the Golden Razorback. We'll be back next year! ⚾️🐗🏆  https://t.co/7NaxVwFa5X,Out-Group,In-Group,Admiration|Interest,Joy,"The speaker congratulates @Doe's team, indicating they are not part of that team ('We'll be back next year' implies the speaker's team lost). The congratulations show admiration, and the mention of 'next year' shows interest in future competition."
1164646967282229262,test,zero-shot,repcolinallred,repveasey,"As a new father, I know how critical it is that new parents and babies get the care and resources they need. I thank @RepVeasey for leading this effort and I look forward to working in a bipartisan way to address the infant and maternal mortality crisis.  https://t.co/kqKWwk2QK3",In-Group,Out-Group,Admiration|Interest,Admiration|Joy,"The speaker expresses gratitude and a desire to work together with @Doe, indicating a collaborative and positive relationship. The 'new father' context suggests shared values and goals, placing @Doe in an In-Group."
881208867799150593,test,zero-shot,repcummings,speakerryan,@RepTerriSewell @repjohnlewis I am calling on @SpeakerRyan to immediately bring this bill to the floor so we can finally #RestoreTheVRA.,In-Group,Out-Group,Interest,None,"The speaker is 'calling on' @Doe to take an action they support, suggesting @Doe is part of a group that could potentially align with the speaker's goals. The tone is direct and action-oriented, indicating interest in @Doe's actions regarding the bill."
423522902676221952,test,zero-shot,tomrooney,senatorreid,"Unlike the President's latest speech, #Keystone would create thousands of jobs w/o costing taxpayers a dime. Tell @SenatorReid to #VoteNow!",Out-Group,Out-Group,Interest,Anger|Disgust,"The tweet contrasts 'the President's latest speech' with #Keystone, implying a disagreement with the President's group. The call to action 'Tell @Doe to #VoteNow!' suggests an attempt to influence @Doe's actions, indicating interest in their decision."
441729994390110208,test,zero-shot,roslehtinen,usrepkeating,We must do more to eradicate violence against women + girls. Proud 2 stand with @USRepKeating on #WhiteRibbonDay  http://t.co/E3EtcbbVnO,In-Group,Out-Group,Admiration|Interest|Joy,Interest|Joy,"The speaker uses 'proud to stand with' and 'we must do more,' indicating shared goals and a positive relationship with @Doe, placing them in the same group. The 'proud' sentiment suggests admiration, joy, and interest in their shared cause."
621388940327710720,test,zero-shot,repmarciafudge,repchrisgibson,".@RepChrisGibson: The Go to High School, Go to College Act is a bipartisan bill that tells the American people that we're listening. #EdChat",In-Group,Out-Group,Admiration|Interest,Interest,"The tweet expresses a positive view of a bipartisan bill, suggesting @Doe is part of a group working together for the American people. The tone is positive and informative, indicating admiration and interest in the bill."
1176524423601500163,test,zero-shot,usreplong,speakerpelosi,"Republicans have always worked with Democrats in a bipartisan manner to lower #DrugPrices. But now, @SpeakerPelosi wants to play politics with that too. Not only is her plan radical and impractical, but it casts aside all of the bipartisan work we have done to address this issue.  https://t.co/mbbP7R2jtz",In-Group,Out-Group,Anger|Disgust,Anger|Disgust,"The speaker identifies with 'Republicans' and 'we' (implying bipartisan work), suggesting @Doe is part of the broader political 'in-group' but is acting against their shared goals. The language 'play politics,' 'radical and impractical,' and 'casts aside' indicates anger and disgust towards @Doe's actions."
623524450269560832,test,zero-shot,senjohnbarrasso,senatorfischer,Thank you @SenatorFischer!,In-Group,In-Group,Admiration|Joy,Joy,"The 'Thank you' expresses gratitude, indicating a positive relationship with @Doe (In-Group). Gratitude often implies admiration and joy."
626414392368832513,test,zero-shot,sendancoats,toddrokita,@D0ntTr3ad @ToddRokita I am supporting legislation to offer legislation to defund Planned Parenthood  http://t.co/YfGqaRIi6h,Out-Group,In-Group,Anger,None,"The speaker is supporting legislation to defund Planned Parenthood, indicating opposition and likely anger towards the organization, which is an out-group."
1174321752631054341,test,zero-shot,repmarkpocan,senwarren,Students shouldn’t suffer when private equity firms close a college or engage in deceptive practices to attract new students.    That’s why @SenWarren &amp; I are joining forces to investigate private equity’s attempt to take over colleges and universities.,In-Group,In-Group,Admiration|Interest,Admiration|Interest,"The speaker explicitly states 'joining forces' with @Doe, indicating a collaborative and positive relationship, thus an In-Group dynamic. The collaboration to investigate suggests shared interest and a positive view of @Doe's involvement (admiration)."
1176182511434706945,test,zero-shot,rephorsford,repdebhaaland,@senatemajldr I stand with @RepDebHaaland on #NativeWomensEqualPay Day demanding #EqualPay for my sisters working to support their families.    https://t.co/s3DfOvnbZz,In-Group,In-Group,Admiration,None,"The speaker uses 'I stand with @Doe' and 'my sisters' indicating solidarity and shared identity, placing @Doe in the In-Group. The act of standing with someone for a cause implies admiration for their stance."
1154114180083064832,test,zero-shot,repgwenmoore,repdevinnunes,I am old enough to remember when @RepDevinNunes recused himself as the House Ethics Committee also investigated him.   https://t.co/JRil6hCYwJ,Out-Group,Out-Group,Interest,Anger|Disgust,"The tweet implies a past ethical issue with @Doe, suggesting a critical stance from an 'Out-Group' perspective. The speaker is recalling a past event, indicating 'Interest' in @Doe's history."
