tweet_id,split,condition,tweeter_handle,mentioned_handle,tweet_text,predicted_igr,gold_igr,predicted_emotions,gold_emotions,model_reasoning
344194657753890817,test,cot-thinking,repkevinbrady,gopleader,http://t.co/6z5xYFT6oE launched by @GOPLeader includes every bill introduced in the House.  Choose what bills you’d cosponsor.,In-Group,In-Group,None,Interest,"The tweet neutrally describes @Doe's launch and encourages engagement without negative or distancing language, suggesting a supportive or in-group affiliation, but no clear emotions are expressed toward @Doe."
650770630657343489,test,cot-thinking,repmckinley,peterwelch,Mining coal is hard work. Thanks to our miners who keep the lights on. w/ @PeterWelch #bipartisanroadtrip  http://t.co/BuO4RXMybu,In-Group,Out-Group,None,Interest,"The speaker uses 'our miners' to indicate in-group affiliation with miners, and no clear emotion is expressed directly toward @Doe in the tweet."
651165949916155905,test,cot-thinking,senatordurbin,chuckgrassley,"As #SCOTUS opens its doors for a new term, time for Congress to pass @ChuckGrassley's&amp;my #CamerasInTheCourt bill:  http://t.co/3dMRmQWzcD",In-Group,Out-Group,None,None,"The speaker refers to '@Doe's and my bill,' indicating collaboration and in-group alignment. No emotional language is directed at @Doe; the tweet is focused on legislative action."
745741976864055297,test,cot-thinking,repdankildee,speakerryan,".@SpeakerRyan calls #NoBillNoBreak sit-in a ""publicity stunt."" Tens of thousands of gun violence victims &amp; families disagree. #NoMoreSilence",Out-Group,Out-Group,Anger|Disgust,Anger|Disgust,"The speaker aligns with gun violence victims and counters @Doe's negative portrayal, indicating @Doe is in the Out-Group. The critical tone suggests anger and disgust at @Doe's dismissive remark."
339411299849076736,test,cot-thinking,cbrangel,congressmangt,Act would expand care options for #vets - joint bipartisan oped w/ @CongressmanGT Thompson  http://t.co/TIcyBpmpAt,In-Group,Out-Group,None,Interest,"The tweet uses collaborative language like 'joint bipartisan oped' with @Doe, implying an in-group relationship, but no emotions are explicitly directed at @Doe."
793202599432450050,test,cot-thinking,frankpallone,repdonaldpayne,Toured Port of NY &amp; NJ w/ @RepDonaldPayne &amp; discussed importance of env justice-we need to ensure all communities have access to clean air.  https://t.co/D8YNkpTKaw,In-Group,In-Group,None,None,"The speaker is collaborating with @Doe on a tour and discussion, indicating an in-group relationship, but the tweet expresses no specific emotions toward @Doe."
864828158599680000,test,cot-thinking,repdianeblack,senthomtillis,Please join me in prayer for my friend @SenThomTillis this morning.  https://t.co/Sckqhvobcd,In-Group,In-Group,None,Sadness,"The speaker refers to @Doe as 'my friend,' indicating an in-group relationship. The tweet requests prayers without explicitly expressing any specific emotions toward @Doe."
1214221704580481024,test,cot-thinking,greschenthaler,repbrianfitz,"Deeply saddened to hear of the passing of former Congressman Mike Fitzpatrick, who tirelessly served Bucks County and the Commonwealth. My prayers are with his brother, @RepBrianFitz, and the entire Fitzpatrick family during this difficult time.",In-Group,In-Group,None,Sadness,"The speaker's respectful and sympathetic tone, with phrases like 'Deeply saddened' and 'My prayers are with,' suggests alignment with the group, indicating In-Group. No specific emotions are directed toward @Doe; the tweet focuses on condolences for the family's loss."
864572413219962880,test,cot-thinking,repdankildee,repdwightevans,Happy birthday to my colleague @RepDwightEvans!,In-Group,In-Group,Joy,Joy,"The speaker refers to @Doe as 'my colleague,' indicating an in-group relationship based on shared professional affiliation, and the phrase 'Happy birthday' clearly expresses joy towards @Doe."
1219017827555971076,test,cot-thinking,repderekkilmer,rephoulahan,"Quick Questions about Congress w/ Kilmer: a podcast to build understanding, forge relationships, and tackle critical issues. Episode 23 Guest: @RepHoulahan - Air Force veteran, engineer, entrepreneur, educator, and the first woman ever to represent PA-06.  https://t.co/ckqDeZCrch",In-Group,In-Group,Admiration|Interest,Admiration|Interest,"The speaker promotes @Doe with laudatory descriptors and emphasizes shared goals in a collaborative context, indicating In-Group affiliation and clear admiration and interest."
743855116583866369,test,cot-thinking,chrismurphyct,sensherrodbrown,Thanks for the Q @SenSherrodBrown! Think of this - 48 were shot DURING the filibuster. Awful. #AskMurphy  https://t.co/k4GvDRRTMG,In-Group,In-Group,None,Joy,"The speaker thanks @Doe and engages in shared political discourse, indicating cooperative In-Group interaction. No specific emotions are expressed toward @Doe; the emotional response 'Awful' is directed at the event, not at @Doe."
1292171049539383298,test,cot-thinking,senronjohnson,senblumenthal,1/7 @SenBlumenthal’s twisting of classified briefings and repeating of false news reports is beyond the pale.,Out-Group,Out-Group,Anger|Disgust,Anger|Disgust,"The speaker criticizes @Doe's actions as 'beyond the pale,' indicating disapproval and an out-group stance, with anger and disgust conveyed through the accusatory tone."
697509790256340995,test,cot-thinking,repdankildee,repfredupton,JUST IN: House passes my bipartisan bill with @RepFredUpton related to #FlintWaterCrisis. 416-2 vote.  Read more:  https://t.co/eohiXni4m2,In-Group,Out-Group,None,Interest,"The speaker includes @Doe as a collaborator on 'my bipartisan bill,' indicating an In-Group relationship. No explicit emotions are directed toward @Doe in the tweet."
786325578362290176,test,cot-thinking,repricklarsen,pattymurray,Thanks to Larsen &amp; @PattyMurray “thousands of young veteran families [to have] fresh hope at starting a family” via  https://t.co/Pa6PNF6kCn,In-Group,In-Group,Admiration|Interest|Joy,Joy,"The speaker expresses gratitude and positive alignment with @Doe's actions, indicating an in-group relationship and emotions of admiration and joy toward @Doe."
745293732350730244,test,cot-thinking,repjoecourtney,speakerryan,How many mass shootings must this nation endure before @SpeakerRyan and the congressional #GOP will even consider voting to #EndGunViolence?,Out-Group,Out-Group,Anger|Disgust,Anger|Disgust,"The speaker uses critical language targeting @Doe and the GOP, indicating they are perceived as an opposing out-group; the rhetorical question and tone convey anger and disgust toward their inaction on gun violence."
1222663873209294850,test,cot-thinking,repdavejoyce,gopleader,Winnie had a doggone good talk with @GOPLeader tonight  https://t.co/lu5PR0dn7E,In-Group,In-Group,None,Interest,"The tweet uses informal, positive language ('doggone good talk') suggesting in-group rapport, but no clear personal emotions are expressed by the speaker toward @Doe; the focus is on reporting a third-party interaction."
390173884013498368,test,cot-thinking,reppaultonko,speakerboehner,.@SpeakerBoehner could end this shutdown today with bipartisan support:  https://t.co/bULtaJOm2K,Out-Group,Out-Group,None,Anger,"The tweet directly addresses @Doe with a neutral, factual tone about potential action, lacking emotional language or indicators of shared group identity, suggesting an out-group relationship."
390514193310289920,test,cot-thinking,marshablackburn,desjarlaistn04,"Thanks to @DesJarlaisTN04 for helping to rid the government of waste, fraud, and abuse.",In-Group,In-Group,Admiration|Joy,Admiration,"The speaker expresses gratitude and alignment with @Doe's positive actions, indicating an in-group relationship and emotions of admiration and joy toward @Doe."
1373674532549066756,test,cot-thinking,rephorsford,ronwyden,"Throughout this pandemic, my office has heard from countless #NV04 constituents about their struggles to get unemployment benefits.  I'm working with @RonWyden to bring our unemployment systems into the 21st century. Learn more ⬇️   https://t.co/8VYNMzc284",In-Group,In-Group,None,Interest,"The speaker uses collaborative language like 'working with' @Doe, indicating in-group affiliation; no emotional expressions are directed at @Doe, so all emotions are false."
858289772065726464,test,cot-thinking,senatorsinema,repmobrooks,Happy birthday @RepMoBrooks!,In-Group,Out-Group,None,Joy,"The friendly and positive tone of the birthday greeting suggests an in-group relationship, but no specific emotions toward @Doe are clearly expressed in the tweet."
745702311872307200,test,cot-thinking,repbonamici,senatorbaldwin,So great to see @SenatorBaldwin join us on the floor. #NoBillNoBreak #sitin,In-Group,In-Group,Admiration|Joy,Joy,"The speaker says 'join us,' indicating @Doe is part of their in-group, and the phrase 'so great to see' expresses Joy and Admiration for @Doe's participation."
1311809228697460738,test,cot-thinking,repmeuser,repdavidtrone,"Tonight, the House passed the Family Support Services for Addiction Act, bipartisan legislation I introduced with @RepDavidTrone. This legislation would provide federal aid to national and local nonprofit organizations that serve families impacted by addiction.  https://t.co/km9Gfrfly8",In-Group,Out-Group,None,None,"The speaker collaborates with @Doe on bipartisan legislation, indicating an in-group relationship, but the tweet is factual and does not express clear emotions toward @Doe."
302893110659260420,test,cot-thinking,frankpallone,speakerboehner,#GOP left town again w no deal to stop economy killing cuts #NoDealNoBreak. Time to get back to work @SpeakerBoehner,Out-Group,Out-Group,None,Anger,"The tweet criticizes the GOP, indicating the speaker is not part of that group, and the imperative statement to @Doe lacks explicit emotional cues."
787384658191196160,test,cot-thinking,robert_aderholt,repandyharrismd,A solid conservative with a depth of understanding of complex issues. Proud to have him on Ag Appropriations subcommittee @RepAndyHarrisMD  https://t.co/Ct1FNqYQZh,In-Group,In-Group,Admiration|Joy,Admiration,"Speaker uses 'solid conservative' and 'proud to have him' to express alignment and positive sentiment, showing in-group relationship with admiration and joy."
745678516860026880,test,cot-thinking,senatorbaldwin,repjohnlewis,I support @repjohnlewis and all my #GoodTrouble friends in the House. The time is now. #NoBillNoBreak,In-Group,In-Group,None,Joy,"The speaker uses 'my friends' and shows support, indicating in-group affiliation. No clear emotions from Plutchik's list are expressed toward @Doe; only general support is stated."
1311059791192743938,test,cot-thinking,senatorbaldwin,senatordurbin,Today I joined @SenatorDurbin to provide tax relief to Wisconsin workers and families that will help them get through these tough times. We need to act now to help unemployed workers get through this crisis.  https://t.co/E5FLY00TsH,In-Group,In-Group,None,Interest,"The speaker uses 'joined' to indicate collaboration with @Doe, suggesting in-group alignment. No clear emotions are expressed toward @Doe; the tweet is action-oriented and factual."
1227746833038004224,test,cot-thinking,repbrianfitz,chriscoons,Thank you @ChrisCoons for working with me to promote bipartisan solutions to combat climate change and improve our infrastructure.,In-Group,Out-Group,Admiration|Joy,Admiration|Joy,"The speaker thanks @Doe for collaborative work on bipartisan solutions, showing positive engagement and appreciation, which indicates in-group affiliation and emotions of admiration and joy."
725400576314449921,test,cot-thinking,repswalwell,speakerryan,"Gutting Social Security isn't on the table, @SpeakerRyan, and it never will be. #RyanAtGU",Out-Group,Out-Group,None,Disgust,"The speaker directly addresses @Doe to firmly reject a policy stance, indicating opposition and likely out-group affiliation based on the confrontational tone. No clear emotions are expressed toward @Doe; the tweet focuses on stating a position rather than conveying emotional sentiment."
337293856649404417,test,cot-thinking,senjohnmccain,grahamblog,Will be discussing #Iran sanctions w/ @GrahamBlog on floor in a few minutes  http://t.co/SEuovsKTKP,In-Group,In-Group,None,Interest,"The tweet announces a collaborative discussion on a political topic with @Doe, using neutral language that implies shared professional context, and no emotional cues are directed at @Doe."
1222946342345039872,test,cot-thinking,repmaloney,repbarbaralee,"We must pass @RepBarbaraLee's amendment to repeal the #AUMF against Iraq. The amendment exercises our constitutional authority, reflects the will of the American people, &amp; is the first step to ending our endless wars. My full statement:  https://t.co/cl6A9xoQyN",In-Group,In-Group,Admiration|Interest,Interest,"The speaker uses 'we' and 'our' to align with @Doe's group, indicating In-Group. Support for @Doe's amendment implies Admiration and Interest, with no other emotions clearly expressed toward @Doe."
395576532820692992,test,cot-thinking,senatorkirk,senatordurbin,My bill with @SenatorDurbin to encourage states to put epinephrine pens in schools passed committee unanimously. This bill will save lives.,In-Group,Out-Group,None,None,"The speaker collaborates with @Doe on a bill, using 'my bill with @Doe' which indicates an in-group relationship. No clear emotions are directed toward @Doe; the tweet focuses on the bill's progress and impact."
337281260290469888,test,cot-thinking,speakerboehner,reptommarino,#4jobs RT @RepTomMarino: 2/3 of Americans support construction of the #KeystoneXL pipeline. It's #TimetoBuild  http://t.co/AJguyv0LtJ,In-Group,In-Group,None,Interest,"The retweet of @Doe's message without added commentary suggests endorsement and shared perspective, implying in-group alignment. No emotional language is directed at @Doe in the text."
1223316314514694144,test,cot-thinking,repmarkgreen,speakerpelosi,".@SpeakerPelosi has said outright, “We cannot accept a second term for Donald Trump if we are going to be faithful to our democracy and to the Constitution of the United States.” Ironically, her impeachment on party lines does exactly that: it’s unfaithful to our Constitution.",Out-Group,Out-Group,Anger|Disgust|Surprise,Anger|Disgust,"The speaker uses ironic criticism to highlight @Doe's hypocrisy, positioning her as opposing shared democratic values, thus out-group, and expresses anger, disgust, and surprise at her actions."
1278390663797551104,test,cot-thinking,repdavidrouzer,speakerpelosi,"The Dem ""highway bill"" is nothing more than a messaging bill, crafted by @SpeakerPelosi to appease the hard-core Left.  It will go no further than the House, and it will not do a single thing to help modernize our infrastructure or make our roads and highways safer.",Out-Group,Out-Group,Anger|Disgust,Anger|Disgust,"The speaker uses critical language towards the Democratic bill and @Doe, indicating an out-group relationship. Emotions of anger and disgust are expressed due to the dismissive and contemptuous tone towards @Doe's actions."
343089895797030912,test,cot-thinking,repdonyoung,john_dingell,Congrats to @john_dingell on his milestone today! We can all learn from him that compromise is an honorable word  http://t.co/yAkCjnRXhI,In-Group,Out-Group,Admiration|Interest|Joy,Admiration|Joy,"The speaker uses inclusive language like 'we can all learn from him' and congratulates @Doe, showing alignment with his values and expressing joy, admiration, and interest."
738467999036772353,test,cot-thinking,repspeier,speakerryan,".@SpeakerRyan instead of Obamacare, “restoring” our Constitution, let’s focus on the real issues facing Americans #DoYourJob",In-Group,Out-Group,Anger,Anger|Disgust,"The speaker uses 'our Constitution' to imply shared group identity with @Doe, and the critical tone with #DoYourJob suggests Anger towards @Doe's perceived neglect of real issues."
412607674635669504,test,cot-thinking,roslehtinen,bradsherman,Introduced w @BradSherman bipartisan bill 2 strengthen Cong oversight over nuclear deals + protect from proliferation  http://t.co/SiuIt89PuJ,In-Group,Out-Group,None,None,"The tweet neutrally announces bipartisan collaboration with @Doe, showing in-group alignment but no emotional expression towards @Doe."
645281076911312896,test,cot-thinking,senatorsinema,senatortimscott,"Happy birthday, @SenatorTimScott!",In-Group,Out-Group,Joy,Joy,"The tweet uses a friendly and celebratory tone with 'Happy birthday,' suggesting an in-group relationship and clearly expressing joy towards @Doe."
1304066293235093507,test,cot-thinking,normajtorres,repjerrynadler,Our federal #Marijuana laws have achieved nothing for the American people besides generations of incarcerated black &amp; brown kids. It’s time to admit that ugly truth and right this wrong. I support @RepJerryNadler's #MOREAct  https://t.co/BrX8w9nMrT,In-Group,In-Group,Admiration|Interest,None,"The speaker uses 'our' to align with Americans, showing In-Group identity. Expressing support for @Doe's act indicates Admiration and Interest, but no other emotions are clearly directed at @Doe."
341562538191896576,test,cot-thinking,sendeanheller,franklautenberg,Saddened 2 hear we lost a great man &amp; our last WWII vet in the Senate.Thoughts &amp; prayers are w/ the family &amp; friends of Sen @FrankLautenberg,In-Group,Out-Group,Admiration|Sadness,Admiration|Sadness,"The speaker uses 'we' and 'our' to express shared identity and loss, indicating in-group affiliation. Clear emotions of admiration (calling @Doe a great man and veteran) and sadness (explicitly stated) are directed toward @Doe."
420641678052315136,test,cot-thinking,repmaloney,repjerrynadler,Joining @OFA_NY @RepJerryNadler 2 demand that Congress not leave 1.3M Americans #OutInTheCold #RenewUI  http://t.co/Q7dHEOzIpt,In-Group,In-Group,None,Interest,"The speaker uses 'Joining' with @Doe, indicating collaboration and shared goals, which suggests an in-group relationship. No emotions are explicitly expressed toward @Doe; the tweet focuses on the collective demand toward Congress."
1196523614406955008,test,cot-thinking,repbrownley,repmikelevin,"Proud to join @RepMikeLevin in introducing the State Authorization Improvement Act, to make sure that we protect our students &amp; veteran students from undue burden when they face the disruption of their school closing. I look forward to working with him to move this bill forward.",In-Group,In-Group,Admiration|Interest|Joy,Joy,"The speaker uses inclusive language like 'we' and expresses collaboration with @Doe, indicating an In-Group relationship. Positive sentiments such as 'proud to join' and 'look forward to working with him' convey admiration, interest, and joy toward @Doe."
1306951233383673857,test,cot-thinking,repkclark,repdavidtrone,.@RepDavidTrone and his family know the challenge of helping a loved one with substance use disorder. It's critical that we extend access to treatment options with telehealth and #endthestigma around accessing mental health and addiction services. #RecoveryMonth  https://t.co/Gvwj4MTJRn,In-Group,In-Group,None,Interest,"The speaker uses inclusive language ('we') and aligns with @Doe on shared challenges and advocacy, indicating an In-Group relationship. No clear emotions are expressed toward @Doe; the tweet is factual and focused on policy action."
696719609194549248,test,cot-thinking,repjeffries,repgracemeng,"Today we celebrate the #LunarNewYear, with public schools off for the first time. Thanks @RepGraceMeng #YearoftheMonkey",In-Group,In-Group,Admiration|Joy,Joy,"The speaker uses 'we' to include themselves in the group celebrating Lunar New Year, indicating in-group affiliation, and the phrase 'Thanks @Doe' conveys gratitude, which implies admiration for @Doe's actions and joy from the celebration."
1303833743002603520,test,cot-thinking,senatormenendez,senjackreed,Too many of my Republican colleagues have stood silent instead of forcefully and unequivocally condemning the President’s words. That’s why I’m supporting @SenatorDuckworth &amp; @SenJackReed’s resolution to condemn Trump’s disparaging comments.,In-Group,In-Group,None,Admiration,"The speaker uses 'my Republican colleagues,' indicating self-identification with the Republican group, and no clear emotional language is directed toward @Doe in the tweet."
803609109954232320,test,cot-thinking,repsanfordsc,reptomprice,"A quick note of congratulations to my colleague, Budget Committee Chairman @RepTomPrice, for his nomination as Secretary of HHS!",In-Group,In-Group,Admiration|Joy,Joy,"The speaker refers to @Doe as 'my colleague,' indicating an In-Group relationship. The congratulatory tone expresses Admiration and Joy for @Doe's nomination, with no other clear emotions."
1394457714722590722,test,cot-thinking,repashleyhinson,senjoniernst,The care VA employees provide for our veterans is critical. But they can’t provide the best care—the care our veterans deserve—if they are suffering in a hostile work environment. I teamed up with @SenJoniErnst to take on sexual harassment at the VA. #IA01 Watch:  https://t.co/L1NRru6F2Q,In-Group,In-Group,None,None,"The speaker uses 'our veterans' to indicate in-group alignment. No emotional language is directed at @Doe; the mention is factual and collaborative, so no clear emotions are expressed."
1194744500951928835,test,cot-thinking,senatorshaheen,chuckgrassley,I’m going to the Senate floor with @ChuckGrassley to urge our colleagues to support our bipartisan bill that would help deliver rights to survivors of sexual assault in every state. Watch live here:  https://t.co/NXmhms6mvk,In-Group,Out-Group,None,Interest,"The tweet uses collaborative language like 'with @Doe' and 'our bipartisan bill,' indicating @Doe is in the same group, and no emotions are explicitly expressed toward @Doe."
1395440609666732037,test,cot-thinking,gopleader,repwalberg,"Between remote learning and working from home, the lack of access to reliable broadband around the country has only become more apparent during the Covid-19 pandemic.  @RepWalberg shares how the digital divide affects all Americans.  https://t.co/H3rHy0uDpm",In-Group,In-Group,None,Interest,"The tweet discusses the digital divide as affecting all Americans, implying the speaker identifies with this in-group, and the mention of @Doe is neutral without emotional expression."
1396137328201146371,test,cot-thinking,rephagedorn,speakerpelosi,"For months, @SpeakerPelosi militarized the Capitol Hill campus and turned it into a compound. It still remains on lockdown and a barrier to the American people. Now, the Democrats are pushing this completely wasteful bill of nearly $2 billion.",Out-Group,Out-Group,Anger|Disgust,Anger|Disgust,"The speaker identifies with 'the American people' and criticizes @Doe for militarizing Capitol Hill, portraying @Doe as opposing the in-group and expressing negative emotions through accusatory language."
1397242225688518661,test,cot-thinking,repschneider,gopleader,"I am drafting a resolution to censure Rep. Marjorie Taylor Greene. I hope that if @GOPLeader  truly believes that what Rep. Greene said was ‘appalling,’ he will join our effort to censure her.",Out-Group,Out-Group,Interest,None,"The speaker refers to 'our effort' and hopes @Doe will join, treating @Doe as an out-group member to be recruited, with interest shown through hopeful anticipation but no other emotions."
422432726046629888,test,cot-thinking,repswalwell,reppittenger,"We are on the board, @RepPittenger! #QuestForSix",In-Group,Out-Group,Interest|Joy,Interest|Joy,"The use of 'We' includes @Doe in a shared group, and the celebratory tone with #QuestForSix expresses joy and interest in collective progress."
733706964899909632,test,cot-thinking,repkclark,repwilson,.@RepWilson thank you for your leadership &amp; advocacy! Every student deserves a fair shot.  https://t.co/Kek5EKiaPO  https://t.co/P0cV98XInB,In-Group,In-Group,Admiration|Interest,Admiration|Joy,"The speaker directly thanks and praises @Doe's leadership and advocacy, showing supportive alignment and shared values, indicating In-Group. Admiration is clearly expressed through gratitude, and interest is shown by engaging with @Doe's work."
1398263081160085506,test,cot-thinking,repbrianfitz,repconorlamb,Our new bipartisan legislation will strip China of their sovereign immunity as Saudi Arabia was post 9/11. US citizens deserve access to sue the Chinese Communist Party for financial damages incurred as a result of COVID. Thanks @RepConorLamb for joining me in this mission.(2/2),In-Group,Out-Group,Admiration|Joy,Admiration,"The speaker thanks @Doe for joining 'me,' indicating in-group alignment, and gratitude conveys Admiration and Joy toward @Doe."
801788967234506752,test,cot-thinking,senatortimscott,tgowdysc,"7. My friend @tgowdysc, who is not only a good friend, but also makes me #Thankful I don’t have to get my haircut.",In-Group,In-Group,Admiration|Joy,Joy,"The speaker refers to @Doe as 'my friend', indicating an in-group relationship. The positive tone with terms like 'good friend' and '#Thankful' suggests admiration and joy, with no other emotions clearly expressed."
1194990107318726663,test,cot-thinking,repmattgaetz,repadamschiff,.@RepAdamSchiff's dirty tricks can't change the facts.    https://t.co/ZvNc2Nhljc,Out-Group,Out-Group,Anger|Disgust,Anger|Disgust,"The speaker uses derogatory terms like 'dirty tricks' to describe @Doe's actions, indicating opposition and out-group dynamics, with negative emotions such as anger and disgust implied towards @Doe."
1299349027943624705,test,cot-thinking,repjoeneguse,repdeanphillips,Count me in @RepDeanPhillips!,In-Group,In-Group,Interest|Joy,Joy,"The phrase 'Count me in' shows alignment and support, indicating in-group perception. The enthusiastic tone and exclamation mark suggest interest and joy in participating with @Doe, but no other emotions are clearly expressed."
647469180053274624,test,cot-thinking,repdonbeyer,repbradashford,Thanks for your support to #PayOurFeds @RepBradAshford!   https://t.co/zkANKuZnBY,In-Group,In-Group,None,Joy,"The speaker expresses gratitude to @Doe for supporting a shared cause (#PayOurFeds), indicating an In-Group relationship, but no clear emotions from the specified list are explicitly conveyed toward @Doe in the tweet."
343042397443330048,test,cot-thinking,repmiketurner,speakerboehner,"Thank you, @SpeakerBoehner! #DelphiSalariedRetirees deserve answers. We’re not giving up!",In-Group,In-Group,Admiration,Joy,"The speaker thanks @Doe, indicating positive regard and alignment with the shared cause of #DelphiSalariedRetirees, thus showing in-group relationship and admiration for @Doe's support."
725742290216607744,test,cot-thinking,stevescalise,repfrenchhill,.@RepFrenchHill is leading a bipartisan effort to increase your ability to access investment information.  https://t.co/Bu9jDCMkYt,In-Group,In-Group,None,Interest,"The tweet uses positive and supportive language about @Doe's bipartisan effort, suggesting in-group alignment. No emotional cues are explicitly directed at @Doe, as the statement is neutral and factual."
1384957845792231429,test,cot-thinking,repcawthorn,repmaxinewaters,The Democrat’s double standard is unbearable.   @RepMaxineWaters incited violence on video and Democrats turned a blind eye.   Absolutely appalling.,Out-Group,Out-Group,Anger|Disgust,Disgust,"The speaker criticizes Democrats and @Doe with terms like 'unbearable' and 'appalling', indicating an out-group perspective. The accusation of inciting violence and the word 'appalling' show anger and disgust toward @Doe."
743303700723052544,test,cot-thinking,senatordurbin,chrismurphyct,.@ChrisMurphyCT's #filibuster continues. We want action on gun violence now. Watch LIVE:  https://t.co/6QQhcjkD5i #Enough,Out-Group,In-Group,Anger|Disgust|Interest,Anger|Disgust,"The speaker uses 'we' to oppose @Doe's filibuster, indicating an out-group dynamic, and the urgent tone with '#Enough' suggests anger and disgust, while inviting to watch shows interest in @Doe's actions."
856900642270584832,test,cot-thinking,repraskin,repcummings,"As Chaffetz &amp; @RepCummings say, no evidence #Flynn got permission to collect income from Russian or Turkish governments. That's illegal.  https://t.co/r0sBh04eGl",In-Group,In-Group,None,Interest,"The speaker cites @Doe as a credible source without criticism, suggesting alignment and in-group relationship. No emotional language is directed at @Doe, so all emotions are false."
401405815057158144,test,cot-thinking,senatorenzi,senatorwicker,"I'm a cosponsor of @SenatorWicker's S. 1632, which would give states more 10th Amend. standing to challenge federal rules.",In-Group,In-Group,None,None,"The speaker identifies as a cosponsor of @Doe's bill, indicating collaborative involvement and an in-group relationship. The statement is purely informational with no emotional cues toward @Doe."
864897454453477376,test,cot-thinking,senmarkey,maziehirono,@maziehirono Sending my best wishes for a quick and healthy recovery to @maziehirono &amp; her family during this time.,In-Group,In-Group,None,Sadness,"The tweet directly addresses @Doe with supportive and empathetic language, indicating in-group affiliation, but no clear emotions from the Plutchik list are explicitly expressed toward @Doe."
1300982033477439489,test,cot-thinking,reproybalallard,leaderhoyer,"See my winning graphic on universal maskwearing, which received top prize in @LeaderHoyer's 2020 Member Online All-Star Competition! If you’re out in public, WEAR A MASK and help us stop the continued massive toll of COVID cases.  https://t.co/cvsC3QMc5a",In-Group,In-Group,None,None,"The speaker's participation in @Doe's competition and advocacy for mask-wearing indicate in-group alignment, but the tweet's mention of @Doe is factual without clear emotional expression toward @Doe."
343085798092046337,test,cot-thinking,reptierney,john_dingell,"Congratulations to my colleague @john_dingell who – at 20,977 days – has become the longest serving Member of Congress.",In-Group,In-Group,Admiration|Joy,Admiration|Joy,"The speaker refers to @Doe as 'my colleague', indicating an in-group relationship, and the congratulatory tone expresses admiration and joy for the achievement."
743204455210950656,test,cot-thinking,repscottpeters,chrismurphyct,.@ChrisMurphyCT is calling for universal background checks &amp; denying suspected terrorists from purchasing firearms.  https://t.co/LjOYddye3e,Out-Group,In-Group,None,Interest,The tweet neutrally reports on @Doe's policy stance without linguistic cues indicating group affiliation or emotional expression.
410457457773654016,test,cot-thinking,senjeffmerkley,sencarllevin,My statement w/ @SenCarlLevin on the final Volcker Rule.  http://t.co/uwcFw9Mula,In-Group,In-Group,None,Interest,"The use of 'my statement w/ @Doe' implies collaboration and shared group affiliation, and the tweet lacks any emotional language directed at @Doe."
804397631480954880,test,cot-thinking,gerryconnolly,repmarkmeadows,Great work by my colleague @RepMarkMeadows. This bill provides a level playing field &amp; ensures taxpayers are getting the best possible value  https://t.co/y99daWq5oJ,In-Group,Out-Group,Admiration,None,"The speaker refers to @Doe as 'my colleague,' indicating an in-group relationship. The phrase 'Great work' expresses admiration toward @Doe."
402830173063491584,test,cot-thinking,sendeanheller,sengillibrand,Protecting sexual assault victims should be a top priority. I will support Senator @SenGillibrand's #MJIA legislation. #passMJIA,In-Group,Out-Group,None,Interest,"The speaker expresses support for @Doe's legislation, indicating alignment and an in-group relationship. No specific emotions are directed at @Doe; the tweet focuses on policy endorsement without emotional language."
867126960450830336,test,cot-thinking,reprutherfordfl,drnealdunnfl2,"Proud to co-sponsor the VICTOR Act with @DrNealDunnFL2, which will help us save veterans' lives.  https://t.co/vnbvjl0A5F",In-Group,In-Group,Interest|Joy,Joy,"The speaker uses 'co-sponsor' and 'us', indicating collaboration and in-group relationship with @Doe. Emotions of joy and interest are expressed through pride in the joint effort, but no clear admiration or other emotions toward @Doe."
299532510688313344,test,cot-thinking,reptomprice,drphilroe,Great op-ed in 'The Hill' by my good friend @DrPhilRoe in support of #RequireAPlan!  http://t.co/I5GBXcPj #tcot,In-Group,In-Group,Admiration|Interest|Joy,Joy,"The speaker calls @Doe 'my good friend' and shares support for the same cause, indicating in-group relationship. Positive praise and promotion of the op-ed show admiration and joy toward @Doe."
402889093949829120,test,cot-thinking,repscottpeters,jahimes,Amen. 40% of fortune 500 by immig &amp; 2nd gen. RT @jahimes: Comprehensive Immigration Reform would really help startups too. #EntrepreneursDay,In-Group,In-Group,Admiration|Interest|Joy,None,"The speaker agrees with @Doe using 'Amen' and cites supportive statistics, indicating in-group alignment and positive emotions like admiration and joy toward @Doe."
649270562863345664,test,cot-thinking,reploisfrankel,roslehtinen,Thanks to my good friend @RosLehtinen for speaking to #2015WashingtonSummit &amp; your great bipartisan work for FL!  http://t.co/g16egARhxq,In-Group,Out-Group,Admiration|Joy,Admiration|Joy,"The speaker identifies @Doe as 'my good friend', clearly indicating an in-group relationship, and expresses admiration through praise of their work and joy via thankful tone."
1388215346906079233,test,cot-thinking,ronwyden,senwarren,Here’s more about my child care/early learning legislation in the Senate with @SenWarren:  https://t.co/vdhLLw7n5Q,In-Group,In-Group,None,Interest,"The tweet mentions collaboration on legislation with @Doe, suggesting an in-group relationship, but no emotional language is directed at @Doe, so all emotions are false."
647518938851577856,test,cot-thinking,repcummings,speakerboehner,"Although we've often disagreed, I have never doubted @SpeakerBoehner's commitment to making the House work on behalf of all Americans.",In-Group,Out-Group,Admiration|Interest,Admiration,"The speaker acknowledges disagreements but respects @Doe's commitment to a shared goal, indicating in-group affiliation. Emotions are admiration for @Doe's dedication and interest in their work, with no negative emotions."
1202726142131810304,test,cot-thinking,repjoecourtney,jahimes,"Congratulations to my friend @jahimes for his work to curb insider trading. I was proud to vote for his #bipartisan bill, which passed the House with overwhelming support from both sides of the aisle. Another example that the House is getting work done for the American people.",In-Group,In-Group,Admiration|Interest|Joy,Admiration,"The speaker calls @Doe 'my friend' and expresses pride and congratulations, showing in-group affiliation and positive emotions toward @Doe."
872182480023040001,test,cot-thinking,repjeffries,speakerryan,Still waiting for @SpeakerRyan to put country over party and support #IndependentCommission  https://t.co/4PXxNI2Pn8,Out-Group,Out-Group,Interest,Anger|Disgust,"The speaker criticizes @Doe for prioritizing party over country, indicating an out-group dynamic, and expresses interest in @Doe's support without clear admiration, anger, or other emotions."
1207679673385271297,test,cot-thinking,repespaillat,repdebdingell,"I stand with @RepDebDingell in support of our efforts to uphold Democracy and fight for families, and we honor the legacy of #JohnDingell and his service to our country.   There is no limit to how low Donald Trump will go when he's confronted by justice. #ImpeachedPresident",In-Group,In-Group,Admiration,Joy,"The speaker uses inclusive terms like 'our efforts' and 'we honor' to show alignment with @Doe, indicating an in-group relationship and expressing admiration through supportive language."
1369369629840248834,test,cot-thinking,repbillfoster,repbrianfitz,Student debt is a serious economic burden for too many Americans and is keeping talented professionals from pursuing careers in public service.   That’s why @RepBrianFitz and I introduced the Public Service Loan Forgiveness Inclusion Act of 2021.    https://t.co/9VCsirWWBx,In-Group,Out-Group,None,Interest,"The speaker collaborates with @Doe on introducing legislation, indicating a shared goal and in-group relationship. No emotional language is directed toward @Doe in the tweet."
849671094634262529,test,cot-thinking,repgracemeng,repstephmurphy,Stephen Bannon has been removed from NSC! Congrats to @RepStephMurphy for spearheading efforts to see him removed.  https://t.co/0flI1zD3uT,In-Group,In-Group,Admiration|Joy,Admiration|Joy,"The speaker uses congratulatory language and praises @Doe's role, indicating in-group support and clear emotions of admiration and joy toward @Doe."
386247371895476224,test,cot-thinking,repfinchertn08,senatorreid,.@SenatorReid called House efforts to pay those in uniform “pointless”  http://t.co/i4BLFhPfA4 #HeartlessHarry #PJNET,Out-Group,Out-Group,Anger|Disgust,Anger|Disgust,"The speaker uses a critical tone and derogatory hashtag #HeartlessHarry towards @Doe, indicating opposition and negative emotions, which suggests an out-group relationship and clear expressions of anger and disgust."
760902333672808448,test,cot-thinking,warrendavidson,senronjohnson,I agree with @SenRonJohnson. Elected officials need to focus on real issues that threaten us like economy and ISIS.  https://t.co/nIhobt0Ogb,In-Group,In-Group,None,Interest,"Speaker agrees with @Doe and uses 'us' to indicate shared identity, showing in-group alignment. No explicit emotions are expressed toward @Doe beyond the statement of agreement."
1261473177831686151,test,cot-thinking,rephagedorn,speakerpelosi,"I voted against @SpeakerPelosi’s partisan wish list. This bill was an unserious messaging ploy that focuses more on nationalizing our elections than it does to providing needed relief to our farmers, rural hospitals and small businesses. Read more:   https://t.co/pLLXDoL9mu",Out-Group,Out-Group,Anger|Disgust,Anger|Disgust,"The speaker opposes @Doe by criticizing the bill as partisan and unserious, showing anger and disgust through negative language."
773293068028145664,test,cot-thinking,senthomtillis,senatorreid,More political games from @SenatorReid​ tonight as he blocked funding for our #military. #FundOurTroops  https://t.co/2mordGLTsI,Out-Group,Out-Group,Anger|Disgust,Anger|Disgust,"The speaker uses 'our' to align with a pro-military in-group and criticizes @Doe's 'political games,' indicating an out-group relationship. The accusatory tone conveys anger and disgust towards @Doe's actions."
836363573093859328,test,cot-thinking,repraskin,repstephmurphy,Proud cosponsor of @RepStephMurphy's bill #HR804 to stop POTUS from putting political operatives (like Bannon) on the #NSC. #NatSec  https://t.co/DJSZts2cYA,In-Group,In-Group,Admiration,Joy,"The speaker identifies as a 'proud cosponsor' of @Doe's bill, indicating collaboration and positive association, thus In-Group. The term 'proud' conveys Admiration towards @Doe's initiative."
1261060979342835714,test,cot-thinking,repchiproy,speakerpelosi,We know @SpeakerPelosi’s $3 trillion #HEROESAct won’t pass. Why is she wasting time w/ political games while Americans are hurting? I have a bipartisan bill to provide essential capital to millions of small businesses. Enough politics. Let’s work together to deliver for America.  https://t.co/txpxN7zxfH,Out-Group,Out-Group,Anger,Anger|Disgust,"The speaker criticizes @Doe for wasting time on political games, indicating anger, and treats @Doe as out-group by contrasting with their own bipartisan approach."
1261005836295581696,test,cot-thinking,senatorshaheen,senkevincramer,"Today @SenKevinCramer and I called for immediate passage of legislation to add the 74 sailors lost aboard the USS Frank E. Evans to the Vietnam Memorial. As we approach Memorial Day, honoring the sacrifice of these sailors is overdue.  https://t.co/ncNDpw3koQ",In-Group,Out-Group,None,Admiration,"The speaker uses collaborative language ('@Doe and I called'), indicating an in-group relationship; no emotional cues are directed at @Doe, so all emotions are false."
683775342960455681,test,cot-thinking,repdandonovan,reppeteking,"Well said, @RepPeteKing   https://t.co/unrkFNWdvB",In-Group,In-Group,Admiration|Interest|Joy,Joy,"The positive and supportive phrase 'Well said' indicates alignment with @Doe, suggesting in-group relationship, and conveys admiration, interest, and joy through praise and engagement."
1284117925704667138,test,cot-thinking,chriscoons,senatorwicker,Millions of Americans have had their driver’s license suspended because they cannot pay fines – not for safety concerns. That’s unacceptable.   That’s why @SenatorWicker and I introduced the Driving for Opportunity Act to create incentives to end debt-based license suspensions.,In-Group,Out-Group,None,Interest,"The speaker uses 'I' and includes @Doe in a collaborative action ('introduced the Driving for Opportunity Act'), indicating in-group affiliation. No clear emotions are directed at @Doe; the tweet focuses on the issue and collective effort."
1260620506467758086,test,cot-thinking,repjuanvargas,repraulgrijalva,"Essential workers have been undervalued for far too long, yet we’ve asked them to do so much.   I’m proud to have joined @RepRaulGrijalva’s effort to secure hazard pay and workplace protections for essential workers and support its inclusion in the #HeroesAct.",Out-Group,In-Group,Admiration,Joy,"The speaker uses 'them' for essential workers and 'we' for those asking, indicating an Out-Group relationship. Expressing pride in joining @Doe's effort shows clear admiration toward @Doe, with no other emotions evident."
819891761157906432,test,cot-thinking,senatorsinema,repthomasmassie,Happy birthday @RepThomasMassie!,In-Group,Out-Group,Joy,Joy,"The tweet uses a positive, celebratory tone typical of friendly interactions, indicating an In-Group relationship, and the phrase 'Happy birthday' directly expresses Joy towards @Doe."
330070900986765313,test,cot-thinking,desjarlaistn04,senatorreid,"We aren't spending ENOUGH money on #Obamacare, @SenatorReid? What about the $8M spent on PR gurus to promote #ACA? #TN04 #tcot",Out-Group,Out-Group,Anger|Disgust,Disgust,"The speaker uses 'we' and conservative hashtags (#tcot) to contrast with @Doe's implied support for Obamacare spending, indicating an out-group relationship. The rhetorical question and emphasis on wasteful spending convey anger and disgust toward @Doe's position."
332160488676929537,test,cot-thinking,askgeorge,speakerboehner,.@SpeakerBoehner says US should #PayChinaFirst? #Dems can think of better options like supporting small businesses  http://t.co/a9qWTqtTOu,Out-Group,Out-Group,Interest|Surprise,Anger|Disgust,"The speaker aligns with #Dems to oppose @Doe's proposal, indicating out-group perception. The questioning tone and constructive criticism suggest interest and surprise."
755946498815168512,test,cot-thinking,repcuellar,repmarktakai,My heart &amp; prayers go out 2 the family of my colleague @RepMarkTakai who passed away today. Mark selflessly served Hawai’i &amp; USA #MahaloMark,In-Group,In-Group,Admiration|Sadness,Sadness,"The speaker calls @Doe 'my colleague,' indicating in-group membership. Emotions include admiration for @Doe's selfless service and sadness over his passing."
1260352892906717191,test,cot-thinking,senatorbraun,lindseygrahamsc,"China’s failure to operate on-the-level regarding COVID-19 has caused untold global devastation, and they must be held accountable. If China won’t cooperate with the reasonable measures in ⁦@LindseyGrahamSC⁩’s bill then they should face consequences.  https://t.co/W1l9OnBcSL",Out-Group,In-Group,None,Interest,"The speaker refers to China critically as 'they' and holds them accountable, indicating an out-group relationship. No emotional language is directed at @Doe, only a neutral reference to their bill."
755855469801988096,test,cot-thinking,repdesaulnier,repmarktakai,Deeply saddened to learn of the passing of @RepMarkTakai. He was a good man &amp; wonderful colleague. He will be missed  https://t.co/7zVvM2e7pp,In-Group,In-Group,Admiration|Sadness,Admiration|Sadness,"The speaker refers to @Doe as a 'colleague,' indicating an in-group relationship, and expresses admiration through positive descriptors and sadness over his passing."
776096283224408097,test,cot-thinking,reppeteaguilar,speakerryan,Thousands were lost to #gunviolence during the August recess. @SpeakerRyan – we cannot wait any longer #GunVote #DoYourJob,Out-Group,Out-Group,Anger,Anger|Disgust,"The speaker addresses @Doe as a responsible authority figure separate from their own group, using urgent demands like '#DoYourJob'. This tone implies anger toward @Doe for perceived inaction on gun violence."
1355233210356137986,test,cot-thinking,repsteel,repjeffduncan,👏We need answers on these anti-competitive market practices that hurt people to benefit hedge funds. Proud to sign my name &amp; join you @RepJeffDuncan.,In-Group,In-Group,Admiration|Interest,Joy,"The speaker says 'Proud to join you @Doe,' indicating solidarity and in-group alignment, with admiration and interest expressed through supportive engagement."
718169807678488576,test,cot-thinking,repdonbeyer,repbonamici,I led a letter with @RepBonamici seeking increased funds for the Integrated Ocean Acidification research program to help tackle this problem,In-Group,In-Group,None,None,"The speaker collaborates with @Doe on a joint effort, indicating an in-group relationship, but the tweet is neutral and factual with no emotional expression toward @Doe."
678249095564234752,test,cot-thinking,repalexmooney,repsamgraves,Blue and Gold are going to look good on you @RepSamGraves  #GoRams  https://t.co/vnK3uKMPAc…,In-Group,In-Group,Admiration|Interest|Joy,Joy,"The speaker uses team-related colors and a supportive hashtag, indicating shared group affiliation and expressing positive emotions like joy and admiration toward @Doe."
839188333842612224,test,cot-thinking,repteddeutch,speakerryan,.@SpeakerRyan will any House committees be holding hearings on lottery winners enrolled in Medicaid before we vote?   https://t.co/xeuMU37s6W,In-Group,Out-Group,None,Interest,"The tweet addresses @Doe directly with a neutral, inquiry-based tone, suggesting a professional or collaborative in-group context. No emotional expressions are directed toward @Doe, so all emotions are false."
707569122100584448,test,cot-thinking,chuckgrassley,senjoniernst,morganmelon is an intern for @senjoniernst She is from Pleasant Valley  https://t.co/0GoK3JOn2V,Out-Group,In-Group,None,None,"The tweet is a neutral, factual statement with no linguistic cues (e.g., pronouns, tone) suggesting in-group affiliation or any emotional expression toward @Doe."
707295015605678080,test,cot-thinking,repstefanik,greggharper,I'm proud to support  @GreggHarper's bill to help those who care for our most vulnerable populations. #NY21  https://t.co/s1ZyPxv0Jb,In-Group,In-Group,Admiration,Joy,Speaker uses 'proud to support' and 'our' indicating in-group alignment and admiration for @Doe's bill.
1262454250040410112,test,cot-thinking,repfredkeller,congressmanhice,"Glad to join in this effort led by @CongressmanHice!   The rights of the minority party must be protected, but Speaker Pelosi is continuing to use this pandemic as pretense for consolidating her power and shutting out opposing views.   The American people deserve better!",In-Group,In-Group,Admiration|Interest|Joy,Joy,"The speaker aligns with @Doe by joining their effort and criticizing an out-group figure, indicating in-group affiliation. Positive emotions like admiration and joy are expressed toward @Doe through supportive language."
367370891044589568,test,cot-thinking,repfinchertn08,senatorreid,.@SenatorReid Obamacare endgame = single-payer healthcare. Single-payer defined:  http://t.co/uCQZWxoNc4 #pjnet #tcot,Out-Group,Out-Group,None,Interest,"The tweet is a neutral, informational statement directed at @Doe with no emotional language expressed toward them. Based on the lack of in-group linguistic cues and the political context implied by hashtags, the speaker appears to be addressing an out-group member."
355387239825547264,test,cot-thinking,rosadelauro,repkaygranger,Joined @RepKayGranger and 80 other reps demanding answers on DOD contract with Russian arms dealer  http://t.co/Ui4z3czz4h,In-Group,Out-Group,None,Interest,"The speaker uses 'joined @Doe and 80 other reps' to indicate collaborative action, implying shared group identity in a political context, with no emotional language directed at @Doe."
1278696191061082112,test,cot-thinking,reprickcrawford,speakerpelosi,".@SpeakerPelosi called a former Ku Klux Klan member “her friend, great person, and a great American Patriot”. Has any member of the press asked her about this in the same way they do the President? Of course not. When one of their own does it, no issue, nothing to see...",Out-Group,Out-Group,Anger|Disgust|Interest,Anger|Disgust,"The speaker criticizes @Doe for associating with a former KKK member and implies media bias, using a tone of anger and disgust to indicate an out-group relationship."
357318818168700928,test,cot-thinking,mikecrapo,senjohnsonsd,ICYMI: @SenJohnsonSD and I unveiled our bipartisan #FHA Solvency Act. #idpol #banking  http://t.co/QiAwiGGwnv,In-Group,Out-Group,None,None,"The speaker uses collaborative language like 'our' and 'bipartisan,' treating @Doe as part of the in-group. No emotional expression is directed at @Doe, so all emotions are false."
1339696876107513856,test,cot-thinking,senatorsinema,repdavid,We’re working with @RepDavid to ensure Arizona Medicaid providers receive their full share of coronavirus Provider Relief Funds.  https://t.co/mdy31X22zg,In-Group,Out-Group,None,Interest,"The tweet uses collaborative language ('working with') to indicate @Doe is part of the same effort, suggesting In-Group relationship, and no emotional language is directed at @Doe, so all emotions are false."
1340801525841588226,test,cot-thinking,speakerpelosi,senschumer,.@SenSchumer and I will speak with reporters shortly about the new bipartisan emergency coronavirus relief and omnibus package.  Watch here:  https://t.co/2fi357l3G3,In-Group,In-Group,None,Interest,"The speaker includes @Doe in a collaborative activity using 'and I,' signaling an In-Group relationship. The tweet is neutral and informational, with no emotional cues directed at @Doe."
355381934412660736,test,cot-thinking,repcohen,repmarktakano,My friend @RepMarkTakano grades #GOP arguments against #immigration reform  http://t.co/KE4YfO9BY3 #SpoilerAlert They get an F. #CIR,In-Group,In-Group,None,Interest,"The speaker calls @Doe 'my friend,' clearly indicating an in-group relationship, but the tweet does not express any specific emotions toward @Doe; it focuses on grading GOP arguments."
1273661920923582465,test,cot-thinking,repdonbeyer,gopleader,"""“There’s two people I think Putin pays: Rohrabacher and Trump,” - @GOPLeader, June 15, 2016  https://t.co/t8iyxfGTzO",Out-Group,Out-Group,None,None,"The quote from @Doe accuses Rohrabacher and Trump of corruption by implying Putin pays them, indicating a critical view that positions them as out-group members. The tweet neutrally presents the quote without expressing any emotions toward @Doe."
821496759654510593,test,cot-thinking,chrismurphyct,senalexander,".@SenAlexander just announced Senators can ask only 5 min of Q at #DeVosHearing, then he will forcibly shut it down. Outrageous.",Out-Group,Out-Group,Anger|Disgust,Anger|Disgust,"The tweet uses 'Outrageous' to criticize @Doe's action, clearly expressing anger and disgust, and the negative tone suggests the speaker views @Doe as an Out-Group."
770625594157625349,test,cot-thinking,repwesterman,johnboozman,This is where it all starts. I'm excited to join Sen. @JohnBoozman on the #Seed2Sawmill Tour. #ar4  https://t.co/uKAqGVhYJ4,In-Group,In-Group,Interest|Joy,Joy,"The speaker expresses excitement to join @Doe, indicating alignment and positive association, suggesting In-Group relationship and emotions of Joy and Interest."
684815120363577344,test,cot-thinking,repspeier,speakerryan,Heres my speech about @SpeakerRyan's flabby effort to defund #PlannedParenthood  https://t.co/jrx2tZOEzh #StandWithPP  https://t.co/ugBdaA8tmZ,Out-Group,Out-Group,Disgust|Interest,Anger|Disgust,"The speaker uses the negative term 'flabby' to criticize @Doe's effort and aligns with #StandWithPP, indicating out-group opposition. Disgust is conveyed through the derogatory language, and interest is shown by actively giving a speech about @Doe's actions."
324905367408615424,test,cot-thinking,repjudychu,repjohnconyers,Hitting the high notes with @WhipHoyer &amp; @RepJohnConyers at the #GrammyOnTheHill Awards last night.  http://t.co/L9PFsHo4KG,In-Group,In-Group,None,Interest,"The speaker positively associates with @Doe in a shared event, suggesting In-Group relationship, but the tweet reports an activity without expressing clear emotions toward @Doe."
1271145437651664897,test,cot-thinking,repdeanphillips,repbrianfitz,"That's why @RepBrianFitz and I introduced the bipartisan TRUTH Act, to provide accountability and ensure American taxpayers know where their money went. Have a look, below👇#transparency  https://t.co/KdI0d3nLDt",In-Group,Out-Group,None,Interest,"The speaker uses 'and I' to indicate collaboration with @Doe, placing them in the same group. No emotional language is directed at @Doe; the tweet is factual and promotional about the bipartisan act."
686679238276157440,test,cot-thinking,senblumenthal,senatorbarb,"On this #NationalMilkDay, I'm reminded of this udderly refreshing moment w/@SenatorBarb on the Senate Floor in 2014:  https://t.co/6UyVB7ec4j",In-Group,In-Group,Interest|Joy,Joy,"The speaker shares a nostalgic and playful memory with @Doe on the Senate Floor, suggesting in-group ties, and the positive tone conveys joy and interest without clear evidence of other emotions."
1344689461028904960,test,cot-thinking,warrendavidson,reptedbudd,"Restaurants have been hard-hit as governments arbitrarily shut down dining. State and local governments cannot expect federal aid if they aren't doing the minimum to help businesses survive during COVID. I'm proud to join @RepTedBudd in cosponsoring the Save our Servers Act.""",In-Group,In-Group,Admiration|Joy,Admiration|Joy,"The speaker uses 'proud to join @Doe,' indicating camaraderie and shared purpose, so In-Group; this positive tone conveys Admiration and Joy toward @Doe, with no other emotions evident."
327486684545556480,test,cot-thinking,senatorcollins,markudall,"Sen. Collins, @MarkUdall offer bill to give FAA flexibility &amp; avoid further disruption to air travel:  http://t.co/wHpXdvlS3a",Out-Group,Out-Group,None,Interest,"The tweet is a neutral, informational report with no linguistic cues indicating speaker's group affiliation or emotional expression toward @Doe."
830783243481968641,test,cot-thinking,replowenthal,repstevechabot,"As Co-Chairs of Cong Cambodia Caucus, @RepSteveChabot &amp; I sent letter to Sec Tillerson to call for free &amp; fair #elections in #Cambodia.",In-Group,Out-Group,None,Interest,"The speaker identifies @Doe as a co-chair, indicating shared group membership and collaboration. The tweet is a neutral, factual statement with no emotional language directed at @Doe."
1265741480154578946,test,cot-thinking,repmichaelguest,speakerpelosi,Americans are getting back to work &amp; they deserve Members of Congress who work on their behalf. Almost 70 Dems are absent from Washington. I’m in D.C. to call on @SpeakerPelosi to change her unconstitutional proxy voting rule so we can get back to work for the American people.  https://t.co/FPANwmOrKD,Out-Group,Out-Group,Anger,Anger|Disgust,"The speaker opposes @Doe by criticizing her rule as unconstitutional, indicating out-group relationship, and the confrontational tone expresses anger towards @Doe."
363336559942041600,test,cot-thinking,speakerboehner,reptomprice,"House stands with the American people, passes @RepTomPrice bill to get the #IRS out of #ObamaCare  http://t.co/qkOk0fPgo4 #stoptheIRS",In-Group,In-Group,None,None,"The speaker uses 'stands with the American people' to show alignment, indicating in-group solidarity with @Doe. No emotions are explicitly expressed toward @Doe; the tweet neutrally reports the bill's passage."
712044272598568961,test,cot-thinking,repdavejoyce,reploiscapps,"Great to speak w/ the American Association of Colleges of Nursing &amp; honor my good friend, @RepLoisCapps  https://t.co/CsW7CNDQfz",In-Group,Out-Group,Admiration|Joy,Joy,"The speaker calls @Doe 'my good friend' and uses 'honor,' indicating in-group affiliation and positive emotions of admiration and joy."
1336689019279781889,test,cot-thinking,senwarren,repjerrynadler,"As a law professor, I found that most bankruptcies are from an illness, job loss, or family death/breakup. COVID is pushing families over a financial cliff, and our system isn't providing relief. So @RepJerryNadler and I have a new bill to #FixBankruptcy.  https://t.co/iBSGn1aNzu  https://t.co/65tLDH645W",In-Group,In-Group,None,None,"The speaker includes @Doe in collaborative action ('@Doe and I have a new bill'), indicating in-group alignment. No emotional cues are directed at @Doe; the tone is neutral and informational."
1271197203781091328,test,cot-thinking,repanthonybrown,repdonbacon,".@RepDonBacon and I introduced bipartisan legislation to rename military assets named after Confederates. We shouldn't honor those who fought for disunion and oppression.  As vets we know these long overdue changes matter to our soldiers, history and character of this country.",In-Group,Out-Group,None,None,"The speaker includes @Doe in collaborative action and shared identity as veterans, indicating an in-group relationship. No emotions are explicitly directed toward @Doe in the tweet's content."
839889667172487168,test,cot-thinking,repsarbanes,speakerryan,.@SpeakerRyan is “not concerned” that repeal plan gives huge tax cuts to insurance execs &amp; rich people while the rest of us #PayMoreForLess  https://t.co/ux1rDM1uDI,Out-Group,Out-Group,Anger|Disgust,Anger|Disgust,"Speaker contrasts @Doe with 'the rest of us', placing @Doe in an out-group, and expresses criticism through disapproval of @Doe's indifference, indicating anger and disgust."
674720761832165380,test,cot-thinking,repmarciafudge,repbarbaralee,I’m joining  @RepBarbaraLee on the House floor to call for greater action to address poverty in America. #TalkPoverty,In-Group,In-Group,None,Interest,"The speaker uses 'joining' to indicate collaboration with @Doe, suggesting an in-group relationship. No emotional language is directed at @Doe, so all emotions are false."
819235605775269888,test,cot-thinking,repmikerogersal,repjimcooper,Check out @repjimcooper and my op-ed on the tenth anniversary of the Chinese ASAT Missile Test.  https://t.co/fe6whjszZX,In-Group,Out-Group,None,Interest,"The speaker refers to a collaborative op-ed with @Doe, suggesting an in-group relationship, but the tweet is neutral and promotional without expressing any clear emotions toward @Doe."
309038149890355200,test,cot-thinking,repmckinley,speakerboehner,#SpendingIsTheProblem Check out this video from @SpeakerBoehner   http://t.co/qntQ0qoFs4 and tell us what you would cut using -&gt; #CutWaste,In-Group,In-Group,None,Interest,"The speaker uses inclusive language like 'us' and promotes @Doe's video aligned with shared fiscal concerns, indicating in-group affiliation. No explicit emotions toward @Doe are expressed in the tweet."
1290396633281306627,test,cot-thinking,repdeanphillips,repangiecraig,I have my friend and colleague @RepAngieCraig and her district team on my mind. Patriots do not threaten to our public servants and their staff. They protect them. Please join me in condemning such appalling behavior.,In-Group,In-Group,Admiration|Fear|Sadness,None,"The speaker calls @Doe a friend and colleague, showing in-group affiliation, and expresses concern and respect through phrases like 'on my mind' and condemning threats, indicating admiration, fear, and sadness."
306871933876719616,test,cot-thinking,repfinchertn08,tulsipress,Thank you Congresswoman @TulsiPress and your parents for the wonderful toffee. My entire office loves…  http://t.co/ijuV240oHe,In-Group,Out-Group,Admiration|Joy,Joy,"The speaker uses respectful address and expresses gratitude towards @Doe, indicating a positive in-group relationship, with clear emotions of admiration and joy from the appreciative tone."
1242834554425151490,test,cot-thinking,repdavejoyce,repmikequigley,.@RepMikeQuigley and I are proud to fight for the unsung heroes of our nation’s health care system 🏥  Congress needs to provide them with the resources necessary to overcome the challenges that lie ahead as we work to combat the #coronavirus outbreak.,In-Group,Out-Group,None,Interest,"The speaker uses inclusive language like '@Doe and I' and 'our nation', indicating In-Group alignment. No specific emotions are expressed toward @Doe; the positive sentiment is about their joint effort, not directed at the individual."
1242463191592054785,test,cot-thinking,repandybarr,repdeanphillips,"To my friend @RepDeanPhillips and my other Democrat colleagues asking for oversight over the $500 billion Exchange Stabilization Fund, let me remind you: YOU are the oversight. In fact, you serve on the FSC Oversight Subcommittee with me.",In-Group,Out-Group,None,None,"The speaker refers to @Doe as 'my friend' and includes them with 'Democrat colleagues,' showing in-group affiliation. The message is a factual reminder with a neutral tone, lacking clear emotional cues toward @Doe."
1242428198056419330,test,cot-thinking,reptimryan,reprokhanna,I'm trying to shift the focus to smaller businesses and workers so we can get money directly to the American people. cc: @RepRoKhanna  https://t.co/hg4XrgojuM,In-Group,In-Group,None,None,"The speaker uses inclusive language like 'we' and 'the American people,' indicating an in-group perspective. No emotional cues are directed at @Doe in the tweet."
722047048371994626,test,cot-thinking,senatorsinema,repgwenmoore,Happy birthday @RepGwenMoore!,In-Group,In-Group,Joy,Interest|Joy,"The tweet uses a friendly and celebratory tone with no adversarial cues, implying an in-group relationship, and the phrase 'Happy birthday' explicitly conveys joy toward @Doe."
704720167490752513,test,cot-thinking,chrismurphyct,speakerryan,"Voters aren't that dumb, @SpeakerRyan.  It's your caucus, not Trump, that won't re-up the Voting Rights Act.  https://t.co/aLwFUjwIBM",Out-Group,Out-Group,Anger,Anger|Disgust,"The speaker addresses @Doe with accusatory tone and uses 'your caucus' to indicate distance, placing @Doe in an out-group. Clear anger is expressed through blame for not renewing the Voting Rights Act, with no other emotions toward @Doe evident."
809144433400639488,test,cot-thinking,martinheinrich,chrismurphyct,Thank you @ChrisMurphyCT for being a leading voice against gun violence.,In-Group,In-Group,Admiration|Joy,Admiration,"The tweet expresses gratitude and praise for @Doe's stance, indicating shared values and positive emotions like admiration and joy."
810832067772747777,test,cot-thinking,senatorsinema,repadriansmith,Happy birthday @RepAdrianSmith!,In-Group,Out-Group,Joy,Interest|Joy,"The tweet uses a celebratory and familiar tone with 'Happy birthday', suggesting an in-group connection and explicitly conveying joy towards @Doe."
781238516957208577,test,cot-thinking,senatorkirk,michaelcburgess,Thanks @michaelcburgess - this bill will help improve national trauma response with military-civilian partnerships  https://t.co/gfimP7O9E4,In-Group,In-Group,Admiration,Joy,"The speaker thanks @Doe and positively endorses the bill, indicating alignment and gratitude, which suggests In-Group relationship and Admiration."
722496916546830336,test,cot-thinking,stevescalise,repgrothman,The IRS is making it harder for taxpayers to access instruction documents. @RepGrothman's bill keeps them available.  https://t.co/qe3u5hBpR2,In-Group,In-Group,None,Interest,"The speaker aligns with @Doe's supportive action for taxpayers, suggesting in-group affiliation, but the tweet's factual tone lacks clear emotional expression towards @Doe."
745984536849293312,test,cot-thinking,repscottrigell,senatorcollins,@shamrock_jamie I support policies in @SenatorCollins' bipartisan #TerroristFirearmsPrevention Act. Will act on similar bill in House.,In-Group,In-Group,None,None,"The speaker expresses support and alignment with @Doe's bipartisan act, indicating in-group cooperation, but the tweet is policy-focused with no clear emotional language directed at @Doe."
347466128819363844,test,cot-thinking,jeffflake,senjohnthune,Tiime to put the death tax six feet under. Cosponsored @SenJohnThune’s #deathtaxrepeal bill today.,In-Group,In-Group,None,Interest,"The speaker cosponsored @Doe's bill, indicating collaboration and shared in-group affiliation. No explicit emotional language is directed at @Doe in the tweet."
1276180944421036034,test,cot-thinking,repbrianfitz,repconorlamb,"Recently, I joined @RepConorLamb in leading a bipartisan letter urging support for veterans in the next round of #COVID19 relief. Congress must do everything in our power to support our veterans, especially by addressing employment and job training.  https://t.co/bJfBvmkX9q",In-Group,Out-Group,None,None,"The speaker uses collaborative and inclusive language ('joined @Doe,' 'our power'), indicating an in-group relationship, but no emotions are explicitly expressed toward @Doe."
1239527815386726400,test,cot-thinking,repandykimnj,repdavid,"Hopeful that @RepDavid staff are safe and recover quickly. ICYMI last night, I've closed my DC office until further notice in response:  https://t.co/Y1yz2z8IpA",In-Group,Out-Group,None,Sadness,"The speaker expresses concern and takes protective action for @Doe's staff, indicating solidarity and an In-Group relationship. No specific Plutchik emotions are clearly directed at @Doe; the sentiment is hopeful, which is not listed among the emotions."
347354747944202240,test,cot-thinking,sendonnelly,senatorcollins,"Today, Joe will join @SenatorCollins for a press conference to propose changes to the #AffordableCareAct.  http://t.co/B4VdJfxkMS",In-Group,Out-Group,None,Interest,"The tweet neutrally announces a collaborative event between Joe and @Doe, implying in-group alignment without any emotional expression toward @Doe."
663717707548790784,test,cot-thinking,senatorsinema,repjohnkatko,Happy birthday @RepJohnKatko!,In-Group,Out-Group,Joy,Joy,"The celebratory tone and personal birthday wish imply an in-group relationship, and the word 'Happy' explicitly conveys joy towards @Doe, with no other emotions indicated."
661564260808581125,test,cot-thinking,senatorcarper,senjoniernst,.@SenJoniErnst &amp; I are asking VA to give veterans more info about status of flight programs  https://t.co/Ou5hsS4H0J  https://t.co/3HBOjNPDuo,In-Group,Out-Group,None,None,"The speaker includes @Doe in a collaborative action using '& I', indicating an in-group relationship. The tweet is neutral and factual with no emotional expression directed at @Doe."
386175086819934209,test,cot-thinking,senatorcardin,speakerboehner,We want to negotiate a budget for next year but you can't do it w/a gun to your head. @SpeakerBoehner #JustVote - Ben  http://t.co/CTCoRXcbMP,Out-Group,Out-Group,Anger,Anger|Disgust,"The speaker uses 'we' to distinguish their group from @Doe, criticizing @Doe for coercive negotiation tactics, which shows an out-group relationship and expresses anger."
1241757339029508099,test,cot-thinking,jimlangevin,repdonbacon,"We have a duty to keep nurses, doctors &amp; 1st responders confronting #COVID-19 safe. I’m proud legislation I authored w/@RepDonBacon to help get more respirators into the field was signed into law. I'll continue to fight to make important supplies available  https://t.co/tAtmYvVtpv  https://t.co/VeY78WxGNQ",In-Group,Out-Group,None,Joy,"The speaker collaborates with @Doe, showing in-group affiliation through joint authorship, but no clear emotions are expressed toward @Doe as the pride mentioned is about the legislation itself."
1248026586978217985,test,cot-thinking,repfredkeller,senwarren,"""Private institutions or schools partnering with the business community are currently filling the need for training in skills necessary for in-demand jobs.""  @SenWarren is wrong to keep non-traditional institutions of opportunity away from relief funding.   https://t.co/kCXpPLnr8W",Out-Group,Out-Group,Anger,Anger|Disgust,"The speaker directly criticizes @Doe as 'wrong,' indicating opposition and a negative stance, with anger being the clearest emotion expressed toward @Doe as an out-group member."
1288287279132348416,test,cot-thinking,repsylviagarcia,repspeier,"Tomorrow, the House Armed Services Military Personnel Subcommittee will have a hearing on Vanessa Guillén &amp; sexual violence in the military.  Gracias @RepSpeier for making this happen. Together we’ll get #JusticeForVanessaGuillén &amp; her family!  Tune in:  https://t.co/zX9dvvlgcJ  https://t.co/6RASRmaeHp",In-Group,In-Group,Admiration|Joy,Admiration|Interest|Joy,"The speaker uses inclusive language like 'Together we’ll' and expresses gratitude toward @Doe, indicating in-group affiliation. Admiration and joy are conveyed through thanks and positive anticipation of justice."
844645752655659008,test,cot-thinking,repjayapal,repcicilline,".@RepCicilline reading a letter from Sarah, a constituent: Oppose #TrumpCare. The wealthy don't need any more handouts.  https://t.co/opKrbFAInB",In-Group,In-Group,None,Interest,"The tweet neutrally reports @Doe's action without expressing emotions towards them, but the context of opposing TrumpCare implies shared political views, suggesting an in-group relationship."
1286348184906850304,test,cot-thinking,lisamurkowski,senwhitehouse,"I’m proud that my legislation with @SenWhitehouse, the BLUE GLOBE Act, which prioritizes innovation and development of technology, was approved by the Senate Commerce, Science, and Transportation Committee by voice vote yesterday.   https://t.co/BSuA2sMRg1  https://t.co/NZAAFOrdwr",In-Group,Out-Group,None,Joy,"The speaker collaborates with @Doe on legislation and expresses pride in shared work, indicating in-group affiliation. No clear emotion is directed at @Doe; the focus is on the legislative achievement."
380710947112759296,test,cot-thinking,senwarren,mikecrapo,.@MikeCrapo and I introduced an amendment to study cost savings &amp; encourage the use of energy efficiency technology:  http://t.co/oOjpFu3S2R,In-Group,Out-Group,None,None,"The speaker uses inclusive language ('@Doe and I') to describe a collaborative action, indicating in-group affiliation, and the tweet is neutral without expressing any emotions toward @Doe."
1256285157709021184,test,cot-thinking,repjimmypanetta,repdankildee,"During this pandemic, we need #StrongUI benefits to support families. I'm proud to join @RepDanKildee in introducing legislation to expand &amp; strengthen unemployment benefits to make sure workers with reduced hours and recent college graduates don’t fall through the cracks.",In-Group,In-Group,Admiration|Joy,Joy,"The speaker expresses pride in joining @Doe, indicating collaboration and shared goals, which suggests an in-group relationship and conveys admiration and joy towards @Doe."
841403110060904449,test,cot-thinking,rosadelauro,speakerryan,Shame on @SpeakerRyan for trying to kick 24 million Americans off their health care to give tax cuts to the wealthy.  https://t.co/mjtX2fqFDl,Out-Group,Out-Group,Anger|Disgust,Anger|Disgust,"The speaker uses accusatory language ('Shame on') to condemn @Doe's actions, positioning @Doe as opposing the interests of Americans, indicating an Out-Group relationship. Emotions toward @Doe are Anger and Disgust due to moral outrage over the harmful policies."
1254888146438889472,test,cot-thinking,greschenthaler,gopleader,The #PaycheckProtectionProgram is saving small businesses across the country. Thanks @GOPLeader for showing just how much this program is doing to provide small businesses with the tools they need to get through this and come back stronger than ever after #COVID19.,In-Group,In-Group,Admiration|Joy,Admiration|Joy,"The speaker thanks @Doe and positively aligns with the program's message, showing in-group affiliation. Gratitude and a hopeful tone indicate admiration and joy toward @Doe."
335112155324092416,test,cot-thinking,repthomasmassie,repwalterjones,Thanks @RepWalterJones for signing my letter against the #InternetTax. #NoNetTax,In-Group,In-Group,Admiration|Joy,Joy,"The speaker thanks @Doe for supporting a shared cause, showing in-group alignment through collaborative tone. Gratitude conveys Admiration and Joy, with no other emotions indicated."
779105646222438401,test,cot-thinking,gkbutterfield,reppittenger,".@reppittenger, your hateful and divisive rhetoric is exceedingly disappointing. Your constituents deserve better. #ncpol  https://t.co/1OdfwEZTGr",Out-Group,Out-Group,Anger|Disgust|Sadness,Anger|Disgust,"The speaker uses critical language ('hateful and divisive') and addresses @Doe directly without inclusive pronouns, suggesting an out-group relationship. Emotions of anger, disgust, and sadness are conveyed through terms like 'disappointing' and strong disapproval."
719510326400581632,test,cot-thinking,senatorsinema,repkevinbrady,Happy birthday @RepKevinBrady!,In-Group,Out-Group,Joy,Joy,"The tweet's friendly and celebratory tone with a personal greeting suggests an in-group relationship, and the phrase 'Happy birthday' explicitly conveys joy without indicating other emotions."
816339954200641537,test,cot-thinking,reptomemmer,repbrianmast,"Looking forward to working with my friend, @RepBrianMast in the 115th Congress! He is a great man who will do great things for #FL18!",In-Group,In-Group,Admiration|Interest|Joy,Admiration|Joy,"The speaker refers to @Doe as 'my friend' and praises him with terms like 'great man,' indicating in-group affiliation and clear positive emotions of admiration, interest in collaboration, and joy about future work."
1253715036436148225,test,cot-thinking,repnewhouse,repwesterman,"Happy #ArborDay to #WA04! We have a lot to celebrate today &amp; everyday. Through legislation like @RepWesterman's Trillion Trees Act, we can ensure that our trees &amp; forests grow, stay healthy, and continue to provide benefits for generations to come.    https://t.co/iLwoHBf4f7",In-Group,In-Group,Admiration|Interest,Admiration,"The speaker uses inclusive language ('we', 'our') and positively endorses @Doe's legislation, indicating in-group alignment and clear emotions of admiration and interest toward @Doe."
752597461412241408,test,cot-thinking,repbyrne,repadams,The House will soon debate a bill I introduced w/ @RepAdams to help #HBCUs with infrastructure improvements. Watch:  https://t.co/pR9Wd0OKWf,In-Group,Out-Group,None,Interest,"The speaker uses collaborative language ('introduced w/ @Doe'), indicating an In-Group relationship. No emotional cues are directed at @Doe, so all emotions are false."
1361797504774385670,test,cot-thinking,repdavideprice,speakerpelosi,.@SpeakerPelosi is right: we need a 9/11-style commission to investigate the events that led to the insurrection at the Capitol and provide recommendations to prevent future attacks.,In-Group,In-Group,Admiration,Admiration|Interest,"Speaker agrees with @Doe and uses inclusive 'we', indicating in-group alignment; the phrase '@Doe is right' clearly expresses admiration without other emotions toward @Doe."
1252724425033744387,test,cot-thinking,repjasoncrow,repperlmutter,"Ran into my friend @RepPerlmutter on my flight today. We’re on our way back to Washington to vote on a package to replenish essential funding for small business loans, allocate $75 billion for hospitals, and $25 billion for coronavirus testing.  https://t.co/P2xUaS190V",In-Group,In-Group,None,Joy,"The speaker refers to @Doe as 'my friend,' indicating in-group membership. The tweet is informational and neutral in tone, with no clear emotional expression directed at @Doe."
1252706095027675137,test,cot-thinking,repdwightevans,congressmangt,Today my PA colleague @CongressmanGT &amp; I introduced a bill to provide a 4-month federal income-tax holiday for grocery and convenience store employees - they are serving on the front lines:  https://t.co/90OyKbGdpF,In-Group,Out-Group,None,None,"The speaker refers to @Doe as 'my PA colleague' and uses collaborative language like 'we introduced a bill,' indicating an in-group relationship. The tweet is neutral and factual, announcing a joint action without expressing any clear emotions toward @Doe."
1252655163447414784,test,cot-thinking,repmaloney,repcicilline,"On top of other financial stress, no one should be worried about predatory overdraft fees. That’s why today I joined with @RepCicilline to introduce the Stop Overdraft Profiteering During #COVIDー19 Emergency Act.  https://t.co/QlKSYbVfRg",In-Group,In-Group,None,Interest,"The speaker uses collaborative language like 'joined with @Doe', indicating an in-group relationship based on shared action; no emotions are explicitly directed toward @Doe, focusing instead on the issue."
335142926227222528,test,cot-thinking,jahimes,chrismurphyct,.@ChrisMurphyCT Now you've done it.... #shotsfired #shakeandbake  http://t.co/MR6ngpBoiK,Out-Group,In-Group,Anger|Interest,Interest,"The tweet uses confrontational hashtags (#shotsfired) and direct address to challenge @Doe, suggesting an out-group dynamic, with anger implied by the provocation and interest shown through engagement with @Doe's action."
720332167859953665,test,cot-thinking,repryanzinke,stevedaines,"Great day for @SteveDaines and I to meet students from Conrad, Libby and White Sulphur Springs. #mtpol  https://t.co/BmwjOsPYuX",In-Group,In-Group,None,Joy,"The speaker includes themselves with @Doe using 'and I,' indicating a shared group identity. The tweet neutrally reports an event without expressing specific emotions toward @Doe."
842707096500101120,test,cot-thinking,senatorsinema,repdavejoyce,Happy birthday @RepDaveJoyce!,In-Group,Out-Group,Joy,Joy,"The tweet uses a warm, celebratory tone with a personal birthday wish, suggesting in-group affiliation and expressing joy towards @Doe."
720383531445272576,test,cot-thinking,repswalwell,reprubengallego,"Ahem, @RepRubenGallego  https://t.co/KPb0RgVWr4",Out-Group,In-Group,None,None,"The interjection 'Ahem' implies a critical or sarcastic tone, commonly used when addressing out-group members in political contexts, and no clear emotions are conveyed toward @Doe in the text."
720618286703120384,test,cot-thinking,jimlangevin,senwhitehouse,ICYMI I introduced a drone safety bill this week. Kudos @SenWhitehouse for your leadership on this in the Senate  https://t.co/QTifrZxXw5,In-Group,In-Group,Admiration,Joy,"The speaker uses collaborative praise ('Kudos') and acknowledges shared political work, suggesting in-group alignment. Clear admiration is expressed for @Doe's leadership, with no other emotions evident."
1187012983144243201,test,cot-thinking,lindseygrahamsc,speakerpelosi,Our thoughts and prayers are with @SpeakerPelosi and her entire family as they grieve the passing of her brother Thomas J. D’Alesandro III.   This has been a family of consequence for Baltimore and our nation for decades.    May he rest in peace.       https://t.co/OS2A63dvWr,In-Group,Out-Group,Admiration|Sadness,Sadness,"The speaker uses inclusive language like 'our' and expresses solidarity with @Doe's family, indicating in-group affiliation. Emotions are limited to admiration for the family's legacy and sadness for their loss, with no other clear emotions toward @Doe."
1369001846099021827,test,cot-thinking,reptedbudd,speakerpelosi,"Democrats oppose a wall on OUR border to protect OUR citizens, but DC politicians are still hiding behind militarized fencing.  Enough is enough.  It’s time for @SpeakerPelosi to take down this fence.  #ReopenTheHouse #ReopenAmerica  https://t.co/uYDyxy2RnT",Out-Group,Out-Group,None,Anger|Disgust,The speaker uses 'OUR' to identify with an in-group and criticizes Democrats and DC politicians as out-group; the mention of @Doe is a directive call to action with no clear emotional expression.
1357449443411427329,test,cot-thinking,repdavidkustoff,repjoshg,"We've seen Iran become a leading state sponsor of terrorism, build up its nuclear weapons capability, &amp; endanger countries in the Middle East, including Israel. Learn how my &amp; @RepJoshG's bill will help expose the corrupt nature of this dangerous regime.  https://t.co/O0DRJIIcCI",In-Group,Out-Group,None,Admiration,"The speaker mentions '@Doe' as a co-sponsor of a bill, indicating in-group collaboration, but no emotional language is directed toward @Doe in the tweet."
464483973327253504,test,cot-thinking,repfleming,senlandrieu,".@SenLandrieu House Republicans passed #KeystoneXL bills in 2011, 12, 13. To my Senate Democrat friends &amp; POTUS: what are you waiting for?",Out-Group,Out-Group,None,Interest,"The speaker addresses Senate Democrats as 'my friends', indicating in-group affiliation, while referencing House Republicans' actions to criticize out-group inaction; no emotional language is directed at @Doe."
877918685805121536,test,cot-thinking,gerryconnolly,repterrisewell,"4 yrs ago, #SCOTUS gutted the Voting Rights Act. Proud to support @RepTerriSewell's Voting Rights Advancement Act. #RestoreTheVote",In-Group,In-Group,Admiration,Interest|Joy,"The phrase 'Proud to support @Doe's Voting Rights Advancement Act' indicates in-group alignment through positive endorsement and clear admiration for @Doe's efforts, with no other emotions expressed toward @Doe."
1113913986137903105,test,cot-thinking,senthomtillis,senfeinstein,.@SenFeinstein and I introduced a resolution that designates April as Countering International Parental Child Abduction month and instructs the federal government to educate state &amp; local law enforcement about the issue and how to combat it. #IPCAMonth  https://t.co/3Z78NxSZQK,In-Group,Out-Group,None,None,"The speaker uses collaborative language like '@Doe and I introduced,' indicating in-group alignment. The tweet is a neutral, factual announcement with no emotional expression directed at @Doe."
1113843755956736001,test,cot-thinking,repbrownley,sensherrodbrown,".@SenSherrodBrown and I introduced a bill today to allow children of disabled vets to remain eligible for VA healthcare until they are 26 years old – the same coverage required under the #ACA for private-sector insurance plans, as well as the military’s TRICARE program.  https://t.co/nq0iZPyvW4",In-Group,In-Group,None,None,"The speaker uses 'and I' to indicate collaboration with @Doe on a bill, suggesting in-group affiliation. The tweet is neutral and factual with no emotional cues directed at @Doe."
999381351634743299,test,cot-thinking,senatorenzi,mikekellypa,Led a letter to President Trump with @MikeKellyPA and 78 other members to ensure the government protects faith-based organizations that provide child welfare services from losing federal funding because of their religious faith.  https://t.co/7g6Bk8UjQK,In-Group,In-Group,None,None,"The speaker collaborates with @Doe on a shared initiative, indicating in-group relationship. The tweet is neutral and factual, with no emotional expression toward @Doe."
1110905412092608512,test,cot-thinking,repbeatty,speakerpelosi,"Happy Belated Birthday, @SpeakerPelosi!  https://t.co/l8xAYL1Bu8",In-Group,In-Group,Joy,Joy,"The tweet uses a friendly, celebratory tone with a direct birthday wish, suggesting a positive in-group relationship, and explicitly expresses joy toward @Doe without indicating other emotions."
928082294862155776,test,cot-thinking,repbeatty,speakerryan,"FACT: @SpeakerRyan has not allowed one bill to have an open rule, which allows members to propose changes to a bill  https://t.co/nbIoYEAS6u",Out-Group,Out-Group,None,Anger|Disgust,"The tweet presents a critical factual statement about @Doe's actions without emotional language, suggesting an out-group perspective and no clear emotions toward @Doe."
928714520670932997,test,cot-thinking,repdonbeyer,repbillfoster,"I agree with physicist and @SciCmteDems colleague @RepBillFoster -- scientific advise at EPA should be rigorous and independent.  Instead, Scott Pruitt is relentlessly trying to politicize it.  https://t.co/cxQYv2XDXA",In-Group,In-Group,None,Admiration|Interest,"The speaker identifies @Doe as a colleague, indicating an In-Group relationship. No clear emotions are expressed toward @Doe; the emotional tone is directed at Scott Pruitt's actions."
929775459251949571,test,cot-thinking,jimlangevin,senjackreed,Happy birthday @SenJackReed !,In-Group,In-Group,Joy,Joy,"The tweet uses a friendly and celebratory tone with direct address, indicating in-group affiliation. The word 'Happy' explicitly expresses joy toward @Doe, with no linguistic cues for other emotions."
930518990451085314,test,cot-thinking,repdonbeyer,reptedlieu,My colleague @RepTedLieu just pressed Attorney General Sessions' over his answers on security clearance paperwork related to Russia.  Sessions previously attested on his SF-86 that he had *not* had contact with representatives of a foreign government. He reversed himself today.  https://t.co/XPJilcl0Fv,In-Group,In-Group,None,Admiration|Interest,"The speaker refers to @Doe as 'my colleague', indicating an in-group relationship based on linguistic cues. The tweet is factual and neutral, with no emotional expression directed at @Doe."
593866157750353920,test,cot-thinking,repcartwright,repdold,Today I introduced the Nonprofit Energy Efficiency Act with the support of @RepDold! Read about the bill here --&gt;  http://t.co/jg5YP6ZmGV,In-Group,Out-Group,None,Joy,"The tweet uses collaborative language ('with the support of @Doe'), indicating an in-group relationship. No emotions are explicitly directed toward @Doe, as the tone is neutral and informative."
593829729037324288,test,cot-thinking,reptomemmer,reprobinkelly,"Happy Birthday, @RepRobinKelly! As a gift, we all chipped in and got you a bunch of amendment votes.",In-Group,Out-Group,Joy,Joy,"The tweet uses inclusive language like 'we all chipped in' and a celebratory tone, indicating @Doe is part of the in-group. Joy is clearly expressed through the birthday greeting, but no other emotions are directly evident toward @Doe."
1103397029437423616,test,cot-thinking,repkatiehill,reprobinkelly,"We're talking about the #VA, specifically the #GAO report that the VA has ""leadership instability"" as well as ""inadequate oversight and accountability"" -- our veterans in #CA25 deserve a VA worthy of their service.   Thank you to @RepRobinKelly for your questions on this issue.",In-Group,In-Group,None,Joy,"The speaker identifies with 'our veterans', indicating in-group affiliation, and the polite thank you to @Doe lacks clear emotional expression beyond courtesy."
935978408907034624,test,cot-thinking,mikekellypa,repjoecourtney,"Proud to lead a bipartisan coalition w/@RepJoeCourtney to repeal the unfair ""Cadillac Tax"" on employer-sponsored health care plans. Read our letter to Speaker Ryan/Leader Pelosi, signed by 140 House Reps &amp; Dems:  https://t.co/u06qTL8zxx Our bipartisan bill:  https://t.co/TU3HPTf47M",In-Group,Out-Group,None,Joy,"The speaker includes @Doe in a collaborative effort using 'our' and 'bipartisan coalition', indicating an in-group relationship. No specific emotions are directed at @Doe; the tweet focuses on the policy action and collective pride."
464463913128833025,test,cot-thinking,senmikelee,senalexander,Good op-ed by @SenAlexander on need to eliminate wind energy subsidies. GOP needs to become voice of anti-cronyism:  http://t.co/Ojegox9OyF,In-Group,In-Group,Admiration|Interest,Interest,"The speaker praises @Doe's op-ed and aligns with GOP values, indicating shared group affiliation and expressing admiration and interest through positive endorsement."
469919959377006592,test,cot-thinking,senatorkirk,senatorbarb,.@senatorbarb and I are leading a bipartisan effort for Pres. Obama to strengthen our commitment to Poland  http://t.co/U2Z8ZFpi1u,In-Group,Out-Group,None,None,"The speaker collaborates with @Doe in a bipartisan effort, indicating in-group affiliation through shared action. The tweet is neutral and factual, with no emotional expression directed at @Doe."
590957858025504769,test,cot-thinking,repdankildee,repdebdingell,Now hosting briefing on currency with @RepDebDingell. #TPP w/o currency provisions is bad for workers! #StopFastTrack  http://t.co/f6b0ZakJYU,In-Group,In-Group,None,None,"The speaker is hosting a briefing with @Doe, indicating collaboration and likely shared group membership, but no emotional language is directed at @Doe."
938874757017161728,test,cot-thinking,replowenthal,speakerryan,".@SpeakerRyan plans to add a trillion $ in new debt with tax cuts for his billionaire donors, &amp; now announces that he’s coming for Medicare and social security. The American people will NEVER accept this galling hypocrisy. This is madness.   https://t.co/LEFIg80vPC",Out-Group,Out-Group,Anger|Disgust,Anger|Disgust,"The speaker aligns with 'The American people' and condemns @Doe's policies as hypocritical and maddening, showing an Out-Group relationship and expressing anger and disgust."
1100547348579659776,test,cot-thinking,repadamsmith,joaquincastrotx,It is dangerous &amp; wrong for the President to circumvent Congress by stealing funds from military readiness for his political agenda. I strongly support Congressman @JoaquinCastrotx's resolution to terminate the #FakeEmergency. We will continue to fight this unlawful power grab.,In-Group,In-Group,Admiration,Admiration,"The speaker strongly supports @Doe's resolution and uses 'we' to indicate shared fight, showing in-group alignment and admiration for @Doe's actions."
939504045655494657,test,cot-thinking,repkarenbass,speakerryan,Cc: @SpeakerRyan. Thoughts on the below from the man you appointed to be CHAIRMAN of the Subcommittee on the Constitution &amp; Civil Justice? What does your tolerance and protection show your children?  https://t.co/dhBCs2TCPE,Out-Group,Out-Group,Anger|Disgust,Anger|Disgust,"The speaker uses confrontational and critical language towards @Doe, suggesting an oppositional relationship, and the accusatory tone implies anger and disgust without clear expression of other emotions."
1098783436444221441,test,cot-thinking,pattymurray,lisamurkowski,"I introduced the Survivors’ Access to Supportive Care Act with Senator @lisamurkowski to help make sure all sexual assault survivors get compassionate, experienced care at hospitals that meets their needs &amp; helps them hold perpetrators accountable. #SASCA  https://t.co/rHlfUkmZ2i",In-Group,Out-Group,None,Interest,"The speaker collaborates with @Doe on legislation, indicating an in-group relationship. No emotions are explicitly directed toward @Doe; the tweet focuses on the act and its goals."
941066482796113921,test,cot-thinking,repmarcykaptur,janschakowsky,".@janschakowsky and I wrote to Salvadoran officials to urge workers who make garments at home be treated fairly. The stories I heard when we met are sadly all too common across the globe. Let’s keep working to improve workers' lives, which in turn, lifts up all people.  https://t.co/4gkQoGv22e",In-Group,In-Group,None,None,"The speaker uses inclusive language like 'we' and joint actions with @Doe, indicating an in-group relationship. No emotions are explicitly directed at @Doe; the emotional tone relates to the workers' issues."
476014088573952000,test,cot-thinking,mikekellypa,mcconnellpress,Very proud to introduce the #Coal Country Protection Act in the House:  http://t.co/eq1LxZ6j7w @McConnellPress #WarOnCoal #WarOnJobs #PA03,In-Group,In-Group,None,Joy,The speaker's positive tone and alignment with coal interests via hashtags suggest @Doe is part of the same group; no specific emotions toward @Doe are expressed in the tweet.
1093703727133933568,test,cot-thinking,repderekkilmer,repdebdingell,It was a great honor to serve with John Dingell. I learned so much from him and continue to learn from his wife @RepDebDingell who serves with such distinction. I’m so sorry to learn of his passing and ask everyone to keep the Dingell family in their prayers.,In-Group,In-Group,Admiration|Interest,Admiration|Sadness,"The speaker's shared service and learning from @Doe indicate In-Group affiliation, and the phrases 'serves with such distinction' and 'continue to learn from' show Admiration and Interest toward @Doe."
476023248782893057,test,cot-thinking,gopleader,senatorreid,Tell @SenatorReid to stop blocking House Republican bills to #ReformTheVA  http://t.co/sZk04AdPMw,Out-Group,Out-Group,Anger,Anger|Disgust,"The speaker supports House Republican bills and criticizes @Doe for blocking them, indicating @Doe is an out-group member. The urgent demand to stop blocking implies anger, but no other emotions are evident."
948215158828142594,test,cot-thinking,chrismurphyct,senblumenthal,On the way to Puerto Rico with @SenBlumenthal to hear from people on the ground about the ongoing recovery efforts. It's been 100 days since Maria made landfall and huge swaths of the island are still without power.,In-Group,In-Group,None,Interest,"The speaker uses 'with @Doe' to indicate companionship in a shared mission, suggesting in-group affiliation. No emotional language is directed at @Doe, so all emotions are false."
1088907755996545024,test,cot-thinking,repkarenbass,speakerpelosi,.@SpeakerPelosi should give the State of the Union since she's obviously the one running the country.,Out-Group,In-Group,Anger|Disgust,Anger,"The sarcastic tone criticizes @Doe's perceived overreach, suggesting out-group dynamics and implying negative emotions such as anger and disgust."
950831188339458048,test,cot-thinking,repspeier,farenthold,"I hope @farenthold keeps his promise to payback the $83,000 in taxpayer funds used to cover his #harassment settlement. Taxpayers should NEVER foot the bill when Members of Congress can't keep their hands to themselves.",Out-Group,Out-Group,Anger|Disgust,Anger|Disgust,"The speaker aligns with taxpayers, contrasting with @Doe as a Member of Congress, showing an out-group relationship. The critical tone and mention of harassment convey anger and disgust toward @Doe's actions."
936718029844635648,test,cot-thinking,repjerrynadler,repgoodlatte,"Dear @RepGoodlatte: If you wont support call for investigation into obstruction of justice on grounds that Special Counsel Meuller is handling it, will you join @HouseJudDems in pushing bipartisan legislation to protect #SpecialCounsel from undue political interference?  https://t.co/1mYq5Q3IrN",Out-Group,Out-Group,None,Anger,"The speaker uses formal address and bipartisan appeal, suggesting @Doe is from a different group; the tone is neutral and issue-focused with no clear emotional expression toward @Doe."
581477220046270464,test,cot-thinking,senatormenendez,senatorreid,An outstanding leader &amp; legislative warrior for the good of our nation. Nevada &amp; US are indebted to @SenatorReid.  http://t.co/3Tj9ILn6xf,In-Group,In-Group,Admiration,Admiration,"The speaker uses inclusive language like 'our nation' and expresses collective gratitude, indicating @Doe is perceived as part of the same group. The tweet shows clear admiration through praise such as 'outstanding leader' and 'legislative warrior', with no other emotions evident."
464445832583192576,test,cot-thinking,repjoegarcia,rodneydavis,"In anticipation of #smallbusinessweek , today I intro'd bill w/ @RodneyDavis to help #entrepreneur over 50. Read more  http://t.co/YuueCMD9Dj",In-Group,Out-Group,None,None,"The speaker collaborates with @Doe by introducing a bill together, indicating in-group affiliation, but the tweet is factual and lacks emotional expression toward @Doe."
463686913069953024,test,cot-thinking,senatorheitkamp,senwhitehouse,Thanks @SenWhitehouse for being the 18th co-sponsor of my #CommissionOnNativeChildren bill.Looking forward to working together on this issue,In-Group,In-Group,Admiration|Interest|Joy,Joy,"The speaker expresses gratitude and anticipation for collaboration with @Doe as a co-sponsor, indicating shared goals and positive emotions, thus an in-group relationship with admiration, joy, and interest."
906932709070708736,test,cot-thinking,jimlangevin,senwhitehouse,Join @SenWhitehouse at a #townhall meeting he’s hosting today at Jenks Middle School in Pawtucket beginning at 2:30pm.,In-Group,In-Group,None,Interest,"The tweet uses inclusive language like 'Join' to promote @Doe's event, suggesting in-group support, but it is a neutral announcement with no clear emotional expression toward @Doe."
907757385443414016,test,cot-thinking,senrobportman,senatordurbin,Proud to chair the Senate #Ukraine Caucus w/ @SenatorDurbin. We will continue to advocate for our Ukrainian friends here in the U.S. Senate,In-Group,Out-Group,Joy,Joy,"The speaker uses 'we' and collaborates with @Doe, indicating in-group relationship; expressing pride in chairing together shows joy toward @Doe, but no other clear emotions are directed at @Doe."
444513992342781952,test,cot-thinking,repbeatty,repstevestivers,Pleased @RepSteveStivers &amp; I worked together on H.R. 3584 &amp; produced a bipartisan bill that the House #FSC unanimously supported,In-Group,Out-Group,Joy,Joy,"The speaker uses 'worked together' and expresses pleasure about the collaboration, indicating an In-Group relationship and positive emotion of Joy toward @Doe, with no other emotions evident."
446013396430094336,test,cot-thinking,jerrymoran,mccaskilloffice,.@McCaskillOffice Lookout for our Wildcats &amp; Shockers too! KS proud to be sending 3 teams to STL for #NCAAbball. Good luck to Mizzou in NIT.,In-Group,Out-Group,None,Joy,"The speaker uses 'our' to express in-group identity with Kansas teams and addresses @Doe in a friendly, collaborative tone, suggesting in-group relationship; no clear emotions are directed toward @Doe."
1144274079878434816,test,cot-thinking,repjimbanks,speakerpelosi,"Even moderate Democrats agree the Senate bill should be voted on and passed. @SpeakerPelosi, are you listening?",Out-Group,Out-Group,Anger,None,"The speaker uses 'even moderate Democrats agree' to emphasize consensus and directly challenges @Doe with 'are you listening?', implying @Doe is an opponent not aligned with the group, and the tone conveys frustration interpreted as Anger."
909858527610621952,test,cot-thinking,senwhitehouse,sentoddyoung,Will @SenToddYoung oppose $425M in cuts for Indiana under #GrahamCassidy bill?  https://t.co/MjBcMsuAbi,In-Group,Out-Group,None,Interest,"The tweet is a neutral, inquisitive question directed at @Doe about a shared concern for Indiana, with no emotional language expressed toward @Doe, suggesting engagement rather than emotional stance or out-group dynamics."
1143537483772301315,test,cot-thinking,senrobportman,senatorcarper,"The federal govt can &amp; must, do a better job of shoring up our defenses against the rising cybersecurity threats. I look forward to continuing my work w/ @SenatorCarper &amp; my bipartisan colleagues to address this issue to ensure the safety &amp; security of Americans’ sensitive info.",In-Group,Out-Group,Interest,Interest|Joy,"The speaker includes @Doe as part of 'my bipartisan colleagues,' using collaborative language that indicates an in-group relationship. The phrase 'look forward to continuing my work' expresses clear interest toward @Doe, but no other emotions are evident."
1141825385702789122,test,cot-thinking,senrickscott,marcorubio,"Thousands of farmers and produce growers call Florida home, and their livelihoods depend on their crops.   This is an important piece of legislation and I will continue working with @MarcoRubio and the rest of our Florida colleagues to make sure our farmers are protected. 🍓🍓",In-Group,In-Group,None,Interest,"The speaker uses inclusive language like 'our Florida colleagues' and 'our farmers,' indicating shared identity and in-group relationship. No clear emotions are directed at @Doe; the tone is neutral and focused on collaboration."
1141748305636073474,test,cot-thinking,frankpallone,repgregwalden,"NEWS: It’s time to end the robocall epidemic and restore trust back into our phone system. Today, I’m proud to announce a deal w/ @RepGregWalden on a comprehensive bipartisan version of the Stopping Bad Robocalls Act to stop abusive robocall practices.  https://t.co/Msq1FmEKTb",In-Group,Out-Group,Admiration|Interest|Joy,Interest|Joy,"The speaker expresses pride in collaborating with @Doe on a bipartisan deal, using positive linguistic cues that indicate in-group alignment and emotions of admiration and joy towards @Doe."
1140751390811099136,test,cot-thinking,repscottpeters,repangiecraig,"Our bill with @RepAngieCraig, the State Health Care Premium Reduction Act, passed the Energy and Commerce Committee last month. It would expand state-based programs that cover the costliest medical claims and therefore, reduce premiums for everyone.",In-Group,In-Group,None,None,"The speaker uses 'our bill with @Doe' to indicate collaboration, placing @Doe in the same in-group. No emotions are clearly expressed toward @Doe; the tweet is informational and focused on policy outcomes."
451838186474713089,test,cot-thinking,senatorcarper,senatorboxer,Leadership of @SenatorBoxer and #bipartisanship enabled #EPW to move important bills for #environment today:  http://t.co/FH7MtfBPY2,In-Group,In-Group,Admiration|Joy,Admiration,"The speaker positively acknowledges @Doe's leadership in a collaborative context, showing alignment and support indicative of In-Group relationship. Admiration is clearly expressed for @Doe's role, and joy is implied from the successful outcome enabled by @Doe."
1137079277755592705,test,cot-thinking,repthompson,replucymcbath,Honored to join @RepLucyMcBath in her district to meet with survivors and advocates working to #EndGunViolence. We also met with experts from the Centers for Disease Control who study gun violence. Thank you to all who shared their stories and to Lucy for her inspiring work.  https://t.co/XENs7tIoKy,In-Group,In-Group,Admiration,Admiration|Joy,"The speaker expresses admiration through 'honored' and 'inspiring work,' and the collaborative tone indicates in-group affiliation with @Doe."
1116338083157430273,test,cot-thinking,repmattgaetz,repadamschiff,"If @RepAdamSchiff is able to review covert operations and intelligence, it would be like putting Lori Loughlin in charge of the college board. It would be like putting Jussie Smollett in charge of the hate crime of the FBI.   https://t.co/VOZrZywYa4",Out-Group,Out-Group,Anger|Disgust,Anger|Disgust,"The speaker uses sarcastic analogies comparing @Doe to scandal-ridden figures, indicating criticism and disdain, which suggests an out-group relationship and emotions of anger and disgust."
1136663045709664257,test,cot-thinking,stevescalise,reprichmond,"75 years ago, 150,000+ troops risked their lives on #DDay—a mission that turned the tide of WWII. They deserve lasting recognition. @RepRichmond and I introduced a bill to create a commemorative coin to celebrate the 75th anniversary of the Allied victory.  https://t.co/fpOTr4sfvP",In-Group,Out-Group,None,Admiration,"The speaker refers to collaborating with @Doe on a bill, indicating an in-group relationship. No emotional language is directed at @Doe, so all emotions are false."
913430305930870784,test,cot-thinking,repohalleran,repschrader,.@RepSchrader &amp; I are fighting to ensure tax dollars aren't wasted on lavish gov't flights. Our bill 👉  https://t.co/1vEqW5EOXN #AZ01  https://t.co/Q4xxOF7PMi,In-Group,In-Group,None,Interest,"The speaker uses collaborative language like '& I' and 'Our bill', indicating an in-group relationship with @Doe. No emotional expression is directed at @Doe; the tweet focuses on shared action and bill promotion, so all emotions are false."
454356585461321730,test,cot-thinking,senatorkirk,senatormenendez,My res w/ @SenatorMenendez passed committee today –  victims of the Armenian Genocide must be remembered and honored.  http://t.co/klUQ2W2isi,In-Group,Out-Group,None,None,"The speaker refers to @Doe as a collaborator in 'my res w/ @Doe', indicating an in-group relationship. No clear emotions are expressed toward @Doe; the emotional content is about honoring genocide victims."
454389977422761984,test,cot-thinking,senatordurbin,senjohnmccain,Met Ambs. from Poland &amp; Lithuania &amp; the Chargé of Estonia w/@SenJohnMcCain to tlk Ukraine &amp; Russia  http://t.co/iKjljkoTM8,In-Group,Out-Group,None,Interest,"The tweet uses collaborative language ('w/@Doe') in a diplomatic context, suggesting @Doe is part of the speaker's in-group. No emotive cues are directed at @Doe, so all emotions are false."
1130932345727528964,test,cot-thinking,repkclark,repkatieporter,"Someone get this man a glass of milk!!!   And an understanding of housing policy. 🤦‍♀️ (Thank you, @RepKatiePorter)",Out-Group,In-Group,Admiration|Joy,Joy,"The speaker uses sarcasm and a facepalm emoji to criticize 'this man,' indicating distance and out-group perception, while thanking @Doe conveys positive emotions of admiration and joy."
458302864742285312,test,cot-thinking,jeffflake,martinheinrich,Looking forward to touring AZ and NM forests tomorrow with Sen. @MartinHeinrich  http://t.co/LfUR2d5V5f,In-Group,Out-Group,Interest|Joy,Interest|Joy,"The speaker's positive and collaborative tone with Sen. @Doe suggests in-group relationship. Clear emotions of joy and interest are expressed toward @Doe through anticipation of the joint activity, but no other emotions are evident."
459724274517819392,test,cot-thinking,repjohnyarmuth,speakerboehner,"If @SpeakerBoehner wants to enact #immigration reform, he just needs to bring it up for a vote: #TimeIsNow  http://t.co/SjXY1OFEAb",In-Group,Out-Group,None,Anger,"The speaker uses supportive language and urgency to align with @Doe's goal on immigration reform, suggesting In-Group relationship, but no clear emotions are expressed toward @Doe in the tweet."
915292483302633472,test,cot-thinking,tulsipress,eleanornorton,Mahalo @EleanorNorton the newest cosponsor of the #OFFAct to transition the US to a 100% clean energy economy by 2035,In-Group,In-Group,Admiration|Joy,Joy,"The speaker uses 'Mahalo' (thank you) to express gratitude and alignment with @Doe's support for the clean energy act, indicating in-group affiliation and positive emotions of admiration and joy."
460833246834864128,test,cot-thinking,repreneeellmers,senatorreid,.@SenatorReid and Democrats in the #SenateMustAct on #KeystoneXL. It's #TimeToBuild.  http://t.co/5Nfyz0I88j,Out-Group,Out-Group,None,None,"The speaker uses an imperative tone to urge @Doe and Democrats to act, indicating an out-group dynamic. The tweet lacks emotional language, so no clear emotions are expressed."
915640593027620866,test,cot-thinking,martinheinrich,senatorcollins,I’ll keep pushing my innovative #2gen legislation with @SenatorCollins to provide a comprehensive strategy to help families succeed &amp; thrive,In-Group,Out-Group,None,None,"The tweet uses collaborative language like 'with @Doe', indicating in-group relationship, but it does not express any specific emotions toward @Doe, focusing instead on shared actions and goals."
601862898785382400,test,cot-thinking,senthomtillis,sensherrodbrown,Honored to join @SenSherrodBrown on bill to enhance educational benefits for family members of servicemembers killed in the line of duty.,In-Group,Out-Group,Admiration,Admiration|Joy,"The speaker uses 'honored to join @Doe,' indicating collaboration and respect, which suggests in-group relationship and admiration towards @Doe."
918942549766758400,test,cot-thinking,reprickcrawford,petesessions,"Hey @PeteSessions, it was an honor blocking for you this week, but this Nextgen Center may have to fill in for me next time.  https://t.co/kAXyBxYZ4M",In-Group,In-Group,Admiration|Interest,Admiration|Joy,"The speaker expresses respect and collaboration through phrases like 'honor,' indicating an in-group relationship and clear admiration, with ongoing engagement showing interest."
600689889806422016,test,cot-thinking,peterroskam,jim_jordan,"Thx Rep. @Jim_Jordan for supporting SIGMA, my bill to create an #Obamacare Special Inspector General →  http://t.co/RtEVL23uhX",In-Group,In-Group,Admiration|Joy,Joy,"The speaker thanks Rep. @Doe for supporting 'my bill,' indicating a collaborative in-group relationship and expressing admiration and joy through gratitude."
913423806802354176,test,cot-thinking,repstephmurphy,stevescalise,Deeply moved by @SteveScalise’s return to the House chamber today. It’s a truly uplifting moment for us all.  https://t.co/20epRyaGtP,In-Group,Out-Group,Admiration|Interest|Joy,Admiration|Joy,"The speaker uses positive language like 'deeply moved' and 'uplifting moment' and includes 'us all,' indicating shared identity and admiration toward @Doe, with joy also expressed."
443502213693177856,test,cot-thinking,peterroskam,repdannydavis,I just introduced bill w @RepDannyDavis to remove barriers to research &amp; development of vital advanced antibiotics  http://t.co/HhjuniaHVI,In-Group,Out-Group,None,None,"The speaker collaborates with @Doe on a bill, indicating partnership and shared goals, which suggests in-group relationship. No emotions are explicitly directed at @Doe; the tweet is neutral and factual."
1085669568373239813,test,cot-thinking,lisamurkowski,repdonyoung,".@RepDonyoung &amp; I, alongside five other Congressional colleagues, filed an amicus curiae brief w/ the Fifth Circuit, US Court of Appeals in support of the Indian Child Welfare Act or ICWA. This follows an Oct 4, 2018 Texas federal court ruling deeming ICWA as unconstitutional.",In-Group,In-Group,None,None,"The speaker includes @Doe as a collaborative partner in a joint action with colleagues, using 'I' and 'we' language that signifies in-group affiliation. The tweet is purely informational with no emotional cues directed at @Doe."
1083418646926495744,test,cot-thinking,repdwightevans,speakerpelosi,MUST WATCH.  @SpeakerPelosi to Republicans: “Did you take an oath to the Constitution or an oath to Donald Trump?”   *mic drop* 🎤🎤🎤  https://t.co/V9IKLMF6id,In-Group,In-Group,Admiration|Interest|Joy,Admiration,"The speaker's enthusiastic endorsement and celebratory tone indicate alignment with @Doe's perspective, showing admiration, interest, and joy towards @Doe."
974826116748906496,test,cot-thinking,repmarkwalker,louiseslaughter,.@LouiseSlaughter was a leader in the House and represented New York well for more than 3 decades. Prayers of comfort for her family as they remember and honor her life.  https://t.co/lF1g4nFXCM,In-Group,Out-Group,Admiration|Sadness,Admiration|Sadness,"The tweet praises @Doe's leadership and expresses sympathy for her family, indicating in-group affiliation and emotions of admiration and sadness."
1037077086522036225,test,cot-thinking,repdonbacon,repcarbajal,Thankful to be part of the first completed exchange program for the Bipartisan Commission. Some highlights of my time with @RepCarbajal included tours of the Cal Poly Cybersecurity Institute and Cyber-crime Forensics Lab as well as the quantum physics and medical research at UCSB  https://t.co/OalcYXqTgK,In-Group,Out-Group,Interest|Joy,None,"The speaker uses positive, collaborative language about shared experiences in a bipartisan program, indicating in-group affiliation with @Doe and expressing joy through thankfulness and interest in the activities highlighted."
510125372030349312,test,cot-thinking,peterwelch,repmckinley,Can Congress help struggling coal workers w/o getting bogged down in a partisan fight? @RepMckinley &amp; I r gonna try:  http://t.co/jlzsTz1z3H,In-Group,Out-Group,None,Interest,The speaker uses collaborative language ('@Doe & I r gonna try') indicating an In-Group relationship. No emotions are explicitly directed at @Doe; the tone is neutral and focused on shared action.
1034487213898248193,test,cot-thinking,senschumer,senjohnmccain,"I hope that many, if not most or all, will join because @SenJohnMcCain was a dear friend to all of us and a great American, great senator, a great man.  Let his name be an example to future generations, as his service and character were to every one of us.",In-Group,Out-Group,Admiration,Admiration,"The speaker uses inclusive language like 'us' and praises @Doe's qualities, indicating In-Group relationship. Admiration is clearly expressed through positive descriptors such as 'great man' and the call to emulate @Doe."
1033709336697233408,test,cot-thinking,repcuellar,senjohnmccain,"America has lost a fighter. @SenJohnMcCain was a war hero and an incredible public servant, who always bravely stood up for what he believed in. His dedication to service and fortitude will never be forgotten.",In-Group,Out-Group,Admiration|Sadness,Admiration,"The speaker aligns @Doe with American identity and uses respectful praise, indicating in-group affiliation. Emotions are admiration for @Doe's traits and sadness over the loss, with no other clear emotions expressed."
563443549384228864,test,cot-thinking,repdinatitus,repmckinley,Teamed up with @RepMcKinley on a bill to give our student #veterans more flexibility to pursue #STEM degrees.  http://t.co/VYbbjd7TfF,In-Group,Out-Group,None,None,"The speaker uses collaborative language like 'teamed up with' and inclusive terms like 'our student veterans,' indicating an in-group relationship. No emotional cues are directed at @Doe; the tweet is a neutral announcement of collaboration."
1031634800967266305,test,cot-thinking,ronwyden,repblumenauer,"Thanks, @repblumenauer for joining me in demanding #PaperBallotsNOW. #PAVEAct",In-Group,In-Group,Admiration|Interest|Joy,Joy,"The tweet expresses gratitude and shared action, indicating in-group collaboration and positive emotions like admiration and joy towards @Doe."
1029064289473024001,test,cot-thinking,repbradwenstrup,repronkind,"Just introduced bipartisan legislation with @RepRonKind to correct an outdated requirement in the tax code and ensure veterans' service organizations are able to welcome all veterans, while maintaining their access to tax-deductible donations. Read more:  https://t.co/WR9S9V6aK7",In-Group,Out-Group,None,None,"The speaker collaborates with @Doe on bipartisan legislation, indicating a cooperative in-group relationship. The tweet is factual and lacks any emotional expression directed at @Doe."
1026468183652196353,test,cot-thinking,repjoshg,repbrianfitz,"I stood with @RepBrianFitz, widow Ellen Saracini, and North Jersey police officers, firefighters, local elected officials, pilots, and flight attendants to call on Congress to pass HR 911, the Saracini Aviation Safety Act of 2017.  https://t.co/jTE3EzDArX",In-Group,Out-Group,None,Interest,"The speaker uses 'stood with' to indicate alignment and support, placing @Doe in their in-group, but the tweet is factual and lacks emotional language directed at @Doe."
984096563071979522,test,cot-thinking,marshablackburn,speakerryan,"(1/2) Thank you so much, @SpeakerRyan, for your incredible service to the American people in the House of Representatives. You have persistently led the fight for economic growth, and led the House to pass historic tax reform.",In-Group,In-Group,Admiration|Joy,Admiration|Joy,"The tweet uses appreciative and praising language directed at @Doe, indicating speaker alignment with @Doe's group and clear emotions of admiration and joy."
527459035579432960,test,cot-thinking,senbobcorker,lisamurkowski,Enjoyed joining @lisamurkowski on Tuesday at Commonwealth North's Foreign Policy Roundtable in Anchorage.  http://t.co/jnLPth4CtV,In-Group,In-Group,Joy,Joy,"The phrase 'Enjoyed joining @Doe' indicates collaborative participation and positive sentiment, suggesting an In-Group relationship. Only Joy is clearly expressed toward @Doe through the word 'Enjoyed'."
560157063142457345,test,cot-thinking,michaelcburgess,repfredupton,ICYMI: Our response to the Internet of Things report:  http://t.co/PaedxmvI7U @RepFredUpton,In-Group,In-Group,None,None,"The speaker's use of 'our' indicates in-group identity, and the tweet is neutral with no emotional cues toward @Doe."
974759349867483137,test,cot-thinking,senatorhassan,senduckworth,"Veterans should have the support and resources they need to smoothly transition back into civilian life. Yesterday, I joined @SenDuckworth and others in introducing a bill to help ensure that veterans can access child care as they seek employment.",Out-Group,In-Group,None,Interest,"The speaker discusses veterans as a separate group without self-identifying as one, and the tweet only states collaboration with @Doe without expressing any emotions towards them."
986678857788022786,test,cot-thinking,senjeffmerkley,chrismurphyct,The Choose Medicare Act – new legislation that I’m introducing today with @ChrisMurphyCT – creates a Medicare option for all Americans not already covered by Medicare or Medicaid.,In-Group,In-Group,None,None,"The speaker collaborates with @Doe, indicating in-group alignment, but no emotional cues are directed toward @Doe in the tweet."
1017142148523753472,test,cot-thinking,repadamsmith,repjayapal,The Dignity For Detained Immigrants Act that I introduced with @RepJayapal would do just that – ensure the use of alternatives to detention and end the use of private prisons in immigration detention.,In-Group,In-Group,None,None,"The speaker introduces legislation with @Doe, indicating collaboration and in-group affiliation, and no emotional cues are directed at @Doe in the tweet."
988904091849052161,test,cot-thinking,replancenj7,repjoshg,".@RepJoshG &amp; Leonard Lance were listed as being among the most bipartisan lawmakers in Congress by the Lugar Center, a public policy group headed by former U.S. Sen. Richard Lugar, R-Ind., and by Georgetown University's McCourt School of Public Policy.   https://t.co/Jsv8w2JeXL",Out-Group,Out-Group,None,Interest,"The tweet is a neutral, factual statement with no emotional language or linguistic cues indicating group affiliation, so all emotions are false and the speaker appears detached from @Doe's group."
1016750323627712512,test,cot-thinking,senrobportman,senatormenendez,Today I introduced a resolution with @SenatorMenendez and other #Senate colleagues condemning #Russia’s ongoing illegal occupation of #Crimea. The United States continues to stand with the #Ukraine against #Russian aggression.  https://t.co/4jpLZ8JEAR,In-Group,Out-Group,None,None,"The speaker mentions collaborating with @Doe as a Senate colleague, indicating an in-group relationship, and no emotional language is directed toward @Doe in the tweet."
989907278307438592,test,cot-thinking,senatormenendez,corybooker,"Happy birthday @CoryBooker! You are a staunch champion for the people, a tireless advocate for equality and justice, and a leader for a new generation. I'm proud to call you my friend, and hope you have the happiest of birthdays.  https://t.co/lOnFHWr7cq",In-Group,In-Group,Admiration|Joy,Admiration|Joy,"The speaker calls @Doe 'my friend,' indicating in-group affiliation, and expresses admiration through praise and joy through birthday wishes."
1012414076855599106,test,cot-thinking,repricklarsen,susanwbrooks,Congress has a responsibility to invest in schools so children can focus on learning instead of worrying about whether their school will be next tragedy. @SusanWBrooks &amp; I formed the School Safety Caucus to provide a forum for Congress to discuss security &amp; safety measures.  https://t.co/gwavDDggiN,In-Group,Out-Group,None,None,"The speaker collaborates with @Doe, indicating an in-group relationship. No emotional expressions are directed at @Doe; the mention is purely factual."
1011980305975083008,test,cot-thinking,repwilson,repmaxinewaters,@RepAlGreen Too few members of Congress have the courage to speak their mind like @RepMaxineWaters. History will judge us on our silence. Silence is complicity. I applaud and #StandWithMaxine  @OfficialCBC,In-Group,In-Group,Admiration,Admiration,"The speaker praises @Doe's courage and expresses solidarity with aligned groups, indicating in-group membership and clear admiration towards @Doe."
537437900577976321,test,cot-thinking,chrismurphyct,senschumer,.@SenSchumer point today was that Dems could have framed #hcr better. Didn't read it as a politics over policy critique.,In-Group,In-Group,None,Interest,"The speaker engages with @Doe's point in a neutral, analytical tone, suggesting in-group alignment, and no clear emotions are expressed toward @Doe."
994655312761245696,test,cot-thinking,repjudychu,repbarbaralee,Congratulations @RepBarbaraLee! I’m proud to serve with such a strong champion of women’s health and reproductive rights.  https://t.co/vDAMGtXeSd,In-Group,In-Group,Admiration|Joy,Admiration|Joy,"The speaker mentions 'serve with,' indicating shared group affiliation, and uses positive language like 'proud' and 'strong champion,' showing admiration and joy toward @Doe."
540505835709816834,test,cot-thinking,senatorsinema,gracenapolitano,Happy birthday Rep. @gracenapolitano!,In-Group,In-Group,Joy,Joy,"The tweet uses a positive and celebratory tone with 'Happy birthday', indicating In-Group affiliation and clearly expressing joy towards @Doe, while no other emotions are evident."
553582707041902593,test,cot-thinking,johnboozman,chrismurphyct,Looking forward to improving global partnerships. Proud to join @ChrisMurphyCT as Co-Chair of Study Group on Europe  http://t.co/3tPwAIa7HM,In-Group,Out-Group,Admiration|Interest|Joy,Joy,"The tweet expresses pride in joining @Doe as Co-Chair with collaborative language, indicating an In-Group relationship and positive emotions of admiration, interest, and joy toward @Doe."
1007001852540571649,test,cot-thinking,repdavidrouzer,stevescalise,Looking forward to having @SteveScalise back on the field for tomorrow's #CongressionalBaseballGame. This event is a time for Congress to set aside political differences &amp; celebrate America’s favorite pastime in honor of local charities like the US Capitol Police Memorial Fund!  https://t.co/DTbF16XNYI,In-Group,In-Group,Interest|Joy,Joy,"The speaker uses collaborative and positive language about a congressional event, treating @Doe as a colleague (in-group), and expresses anticipation (interest) and happiness (joy) about @Doe's return."
1002970603165536258,test,cot-thinking,senatorcantwell,pattymurray,It was wonderful to celebrate the 150th anniversary of Washington’s Pilotage Act this week with @PattyMurray and this fantastic group in Port Townsend.  https://t.co/blpwIE17NQ,In-Group,In-Group,None,Joy,"The speaker uses inclusive and positive language such as 'with @Doe' and 'fantastic group,' indicating alignment and shared participation, which suggests an In-Group relationship. No clear emotion is explicitly directed at @Doe; the positive sentiments are about the event and group as a whole."
987009002239332352,test,cot-thinking,senjoniernst,senatorbaldwin,"Today, @SenatorBaldwin and I introduced the FARMERS FIRST Act to provide our nation's agricultural community with critical mental health support and resources. Learn more here:  https://t.co/4mMij2CATr  https://t.co/iJyYoOQmBR",In-Group,Out-Group,None,None,"The speaker uses 'I' and includes @Doe as a co-introducer, showing collaboration and in-group alignment, but the tweet is a neutral announcement with no clear emotional expression toward @Doe."
1083565600608305152,test,cot-thinking,repandybiggsaz,repbrianbabin,I am honored to join @RepBrianBabin in co-chairing the Border Security Caucus. I look forward to working with Congressman Babin and other members of the caucus to help secure our border &amp; give our Border Patrol agents the resources they need.  https://t.co/1fhEVlBGqa,In-Group,In-Group,Admiration|Interest|Joy,Joy,"The speaker expresses honor and eagerness to collaborate with @Doe, indicating in-group alignment and positive emotions of admiration, interest, and joy."
500031629898051584,test,cot-thinking,senjohnmccain,grahamblog,Iraqi Prime Minister Maliki's decision to step down is necessary and positive. My stmt w/ @GrahamBlog:  http://t.co/yZyLNbqJBI,Out-Group,In-Group,None,Interest,"The speaker refers to Iraqi Prime Minister Maliki with formal, supportive language but no indication of shared group affiliation, suggesting an Out-Group perspective. No emotional expression is directed toward @Doe in the tweet."
1040287545844752386,test,cot-thinking,congressmangt,jimlangevin,Proud to work with my friend &amp; #CTE Caucus Co-Chair @JimLangevin to restore rungs on the ladder of opportunity for all Americans.  Our Turn: Jim Langevin and Glenn 'GT' Thompson: Closing the skills gap is bipartisan affair  https://t.co/EWChXPbXMe,In-Group,Out-Group,Admiration,Admiration|Joy,"The speaker refers to @Doe as 'my friend' and 'Co-Chair', indicating a shared group identity. The phrase 'proud to work with' expresses Admiration toward @Doe, with no other emotions clearly directed at @Doe."
580495990463033344,test,cot-thinking,repmarcykaptur,mikekellypa,.@MikeKellyPA Go team auto caucus!  http://t.co/BiwdpZVTC1,In-Group,Out-Group,None,Joy,"The speaker uses 'Go team' in a supportive tone addressing @Doe, indicating in-group alignment. No clear emotions toward @Doe are expressed; the tweet is a general cheer for the team."
954403565308731392,test,cot-thinking,reploudermilk,senschumer,"NEWS FLASH @SenSchumer, your DACA “deadline” is artificial. Why won’t you vote to fund our military and support our children? #SchumerShutdown  https://t.co/qPmcSnMKNi",Out-Group,Out-Group,Anger|Disgust,Anger|Disgust,"The speaker uses 'your' versus 'our' and a confrontational tone, placing @Doe in an out-group, and expresses anger and disgust through criticism of @Doe's actions."
1075496039392653333,test,cot-thinking,senatormenendez,senwhitehouse,LIVE: I’m speaking on the Senate floor with @SenWhitehouse to call attention to climate change and increasing natural disasters. We’re urging Congress to pass the bipartisan SAFE NFIP Act to protect us against severe storms. Watch below 👇  https://t.co/I2Q4rMelNv,In-Group,In-Group,None,None,"The speaker uses inclusive language like 'we're' indicating collaboration with @Doe, so IGR is In-Group; the tweet is neutral and factual with no emotional expression directed at @Doe, so all emotions are false."
1075467264814649346,test,cot-thinking,congmikesimpson,speakerryan,Paul has been an exceptional Speaker. We both came to Congress in 1999 and I have enjoyed a great working relationship with him since we first met. @SpeakerRyan will be truly missed.,In-Group,In-Group,Admiration|Sadness,Admiration|Sadness,"The speaker mentions shared congressional tenure and a positive working relationship, indicating in-group membership, and expresses admiration for @Doe's role and sadness at his departure."
1072978148969504768,test,cot-thinking,senatorheitkamp,senatorhassan,Thank you for the kind words. It was a privilege to work alongside strong &amp; effective women in the U.S. Senate like my friend &amp; colleague @SenatorHassan.,In-Group,In-Group,Admiration|Joy,Admiration|Joy,"The speaker refers to @Doe as 'friend & colleague,' indicating in-group relationship; positive terms like 'privilege' and 'strong & effective' convey admiration and joy."
578571812470157312,test,cot-thinking,mcconnellpress,senbobcasey,Today @SenateMajLdr intros bipartisan bill w/@SenBobCasey-addresses rise of prenatal opioid abuse &amp; infants suffering from opioid withdrawal,Out-Group,Out-Group,None,Interest,"The tweet is a neutral, factual statement with no emotional language toward @Doe and no linguistic cues indicating the speaker's group affiliation, such as inclusive or adversarial terms."
1072859676956655617,test,cot-thinking,reprichmond,senwarren,"Yesterday, I introduced the American Housing and Economic Mobility Act, a bill originally introduced in the Senate by @SenWarren. Read my statement on the introduction of this comprehensive affordable housing bill:  https://t.co/uu0BRa4Km3",In-Group,In-Group,None,Interest,"The speaker acknowledges @Doe's prior introduction of the bill in a neutral, collaborative tone, suggesting in-group alignment, but no specific emotions are expressed toward @Doe."
487590924721987584,test,cot-thinking,repwilson,repkarenbass,“Children’s rights are human rights.” @RepKarenBass #BringBackOurGirls #JoinRepWilson,In-Group,In-Group,None,Interest,"The speaker quotes @Doe's statement and adds supportive hashtags, indicating alignment with @Doe's views, suggesting an in-group relationship, but no specific emotions are expressed toward @Doe in the tweet."
959111033133719552,test,cot-thinking,chelliepingree,speakerryan,"Another week in Congress gone by w/o passing long-term funding for the Federally Qualified Health Centers that Mainers rely on. Unacceptable. My colleagues and I have asked @SpeakerRyan to bring any of these sensible solutions to the floor: HR 3770, HR 4541 &amp; HR 4820. #mepolitics  https://t.co/8tBiklkyXH",Out-Group,Out-Group,None,Anger,"The speaker uses 'my colleagues and I' to refer to their in-group and addresses @Doe as a separate entity, indicating an out-group relationship. The tweet contains no explicit emotional language directed at @Doe."
1067830384090587137,test,cot-thinking,repbrianhiggins,repjeffries,Congratulations to my colleague and fellow New Yorker @RepJeffries on his election to be Democratic Caucus Chair in the 116th Congress!,In-Group,In-Group,Admiration|Joy,Joy,"The speaker refers to @Doe as 'my colleague and fellow New Yorker,' indicating in-group membership. The congratulatory tone expresses admiration and joy for @Doe's election."
959621368538165251,test,cot-thinking,repmccaul,johncornyn,Happy birthday to my former boss @JohnCornyn. #Texas,In-Group,In-Group,None,Joy,"The phrase 'my former boss' indicates a past in-group relationship, and the standard birthday greeting does not convey any clear emotion toward @Doe."
960198515463929856,test,cot-thinking,senrobportman,senatorcarper,My bipartisan PSI report w/ @SenatorCarper showed how easy it is for drug traffickers to receive fentanyl from overseas sellers. There is a legislative solution to keep these drugs out.  https://t.co/ex5TkX5dje #STOPAct,In-Group,Out-Group,None,None,"The speaker mentions collaborating with @Doe on a bipartisan report, indicating in-group affiliation. The tweet is factual and lacks emotional language directed at @Doe, so no emotions are expressed."
1040216027148079111,test,cot-thinking,senwhitehouse,jimlangevin,"A good local piece on the cyber threat, where @JimLangevin and I put in a lot of effort doing work like this.   https://t.co/bkRNzbgJmp",In-Group,In-Group,None,None,"The speaker uses 'and I' to include @Doe as a collaborator, indicating in-group relationship. No clear emotions are expressed toward @Doe; the tweet is neutral and factual about joint effort."
1065379963392671744,test,cot-thinking,repschneider,senatordurbin,Happy Birthday @SenatorDurbin!,In-Group,In-Group,Joy,Joy,"The tweet uses a friendly, celebratory tone typical of in-group interactions, and 'Happy' explicitly conveys joy toward @Doe."
489528664619380736,test,cot-thinking,roslehtinen,repteddeutch,Today @RepTedDeutch + I intro'd a resolution denouncing #Hamas' despicable use of #humanshields in Gaza. #humanrights  http://t.co/Lvvx2iTREk,In-Group,Out-Group,None,None,"The speaker uses collaborative language ('@Doe + I') indicating in-group partnership, and no emotional cues are directed at @Doe."
1058898828655501312,test,cot-thinking,repstephmurphy,repdarrensoto,"Pleased to stop by the 40th anniversary celebration of @GLBTOrlando and grateful for everything they do to make our community better, stronger, and more inclusive for all. Congratulations! Great seeing my friend @RepDarrenSoto there too! #anightat54 🎉 🏳️‍🌈 🍾  https://t.co/h64ZQ23phc",In-Group,In-Group,Joy,Admiration|Joy,"The speaker refers to @Doe as 'my friend,' indicating an in-group relationship based on personal connection. The phrase 'Great seeing' clearly expresses joy toward @Doe, with no other emotions evident."
961629210413600769,test,cot-thinking,repschneider,rephuizenga,"Today, @RepHuizenga and I led a bipartisan group urging the Appropriations Committee to support language keeping the Brandon Road Project on track to prevent the destructive spread of Asian carp into our #GreatLakes.  https://t.co/LI4WitI06d  https://t.co/jgX6wJpr1J",In-Group,Out-Group,None,None,"The speaker uses inclusive language like '@Doe and I' and 'our #GreatLakes,' indicating collaboration and shared group identity. No emotional expressions are directed at @Doe; the tweet is neutral and action-oriented."
1051907294827597825,test,cot-thinking,repnewhouse,repderekkilmer,I'm so pleased to welcome my friend and colleague @RepDerekKilmer to Central Washington as we kick off our bipartisan Civility and Respect Tour. First stop: the #HanfordSite to show the importance of the federal government's obligation to the people in the Mid-Columbia. #WA04,In-Group,Out-Group,Joy,Admiration|Joy,"The speaker refers to @Doe as 'my friend and colleague', indicating In-Group affiliation, and expresses 'so pleased' which conveys Joy toward @Doe."
1046185216539267072,test,cot-thinking,repkevinbrady,stevescalise,"A miraculous year for my roommate in D.C., @SteveScalise. He battled back through multiple surgeries, intense rehab &amp; relearning to walk. He’s blessed by a strong faith in God &amp; AMAZING family, friends. #ProudOfYou",In-Group,In-Group,Admiration|Interest|Joy,Admiration,"The speaker refers to @Doe as 'my roommate,' indicating a close personal connection and in-group relationship, and expresses admiration, interest, and joy through praise for @Doe's recovery and resilience."
570743130464653314,test,cot-thinking,repkinzinger,tulsipress,Great talking policy from a veteran's perspective at #nyuvets tonight w @TulsiPress  http://t.co/yvktfBohcI,In-Group,Out-Group,Admiration|Interest|Joy,None,The speaker's participation in #nyuvets and positive tone ('great') with @Doe suggests in-group affiliation and expresses admiration and joy toward @Doe through the praised policy discussion.
494159042638782464,test,cot-thinking,repjohnyarmuth,speakerboehner,"Instead of a frivolous lawsuit, @SpeakerBoehner and House GOP should work w/ Dems to put the #MiddleClassFirst:  http://t.co/UiIpicw0S3",Out-Group,Out-Group,Anger|Disgust,Anger|Disgust,"The speaker criticizes @Doe's actions as 'frivolous' and urges collaboration with Democrats, indicating an out-group relationship and expressing negative emotions like anger and disgust through disapproving language."
971389207552851968,test,cot-thinking,reprichhudson,repmarkwalker,"I'm proud to introduce legislation with @RepMarkWalker to rename a post office in Greensboro as the “J. Howard Coble Post Office Building.” Howard Coble was a proud son of Greensboro who served the people of North Carolina's 6th District with honor, integrity and kindness.",In-Group,In-Group,None,Joy,"The speaker uses collaborative language ('with @Doe') and a positive tone, indicating in-group affiliation; no explicit emotional descriptors are directed at @Doe, only the joint action is mentioned."
971494497036259329,test,cot-thinking,jefffortenberry,rephuffman,Thank you Jared for your kind words. The respect is mutual. @RepHuffman   https://t.co/uRIA8uuX7n,In-Group,Out-Group,Admiration,None,"The tweet expresses mutual respect and gratitude towards @Doe, with a positive and affiliative tone, indicating an in-group relationship and clear admiration through the mention of respect."
567773769910988800,test,cot-thinking,pattymurray,sendeanheller,"Murray joins @SenDeanHeller introducing Women Veterans Access to Quality Care Act, prioritizing care for women vets  http://t.co/TIdx9TMvNU",In-Group,Out-Group,None,Interest,"The tweet presents @Doe's collaborative action positively without criticism, implying in-group alignment, but the neutral, factual tone expresses no clear emotions toward @Doe."
973672237638307845,test,cot-thinking,rephanabusa,speakerryan,The President gave false hope to Stoneman Douglas and all gun violence survivors before he returned to his NRA talking points. How much longer will @SpeakerRyan refuse to take action to #EndGunViolence? #Enough #NeverAgain  https://t.co/qjNEpgMCLh,Out-Group,Out-Group,Anger|Disgust,Anger|Disgust,"The speaker aligns with gun violence survivors and criticizes @Doe for refusing action, showing anger and disgust through accusatory language."
495317876845600768,test,cot-thinking,marshablackburn,repstevechabot,Thank you @RepSteveChabot for cosponsoring H.R. 5160. Glad to see the language being considered in today’s DACA bill.,In-Group,In-Group,Admiration|Interest|Joy,Joy,"The tweet uses appreciative language like 'Thank you' and 'Glad to see,' indicating in-group support and positive emotions toward @Doe, specifically admiration and joy, with interest shown in their legislative action."
1062397305188466691,test,cot-thinking,congboyle,repveasey,"""Our goal: Empower a thriving middle class where any American, regardless of background or zip code, can find a good job and build a better life for their family."" Check out my op-ed with @RepVeasey at  https://t.co/S2JowU4bVQ",In-Group,Out-Group,None,Interest,"The speaker uses inclusive language like 'our goal' and 'any American,' indicating in-group identification. No emotions are explicitly expressed toward @Doe; the mention is neutral and collaborative."
443152575274438656,test,cot-thinking,senatorcardin,senatorreid,"Right on! @SenatorReid knocks it out of the park ""It's time to stop acting like deniers"" #Up4Climate",In-Group,In-Group,Admiration|Interest|Joy,Admiration|Joy,"The speaker uses enthusiastic praise and aligns with @Doe's climate stance, indicating in-group affiliation. Clear positive emotions toward @Doe include admiration and joy, with interest shown through engagement."
207482363620499456,test,cot-thinking,senatorshaheen,jerrymoran,Happy birthday to Senator @JerryMoran,In-Group,Out-Group,Admiration|Joy,Joy,"The tweet is a positive birthday greeting with a respectful tone, suggesting alignment with @Doe as In-Group, and expresses Joy and Admiration through well-wishing."
1175114889502871553,test,cot-thinking,senwarren,sentomcotton,"I’m glad the Senate passed my bill with @SenTomCotton to ensure the POW/MIA flag is always displayed with the US flag in the Capitol, Vietnam Vets Memorial &amp; other federal properties. I’m working to get it passed in the House &amp; signed by the President.  https://t.co/BHbHMROdbx",In-Group,Out-Group,None,None,"The speaker collaborates with @Doe on a shared bill, using 'with @Doe' to indicate partnership, suggesting in-group affiliation. No emotions are explicitly directed at @Doe; the tweet's joy is about the bill's progress, not toward the individual."
899814545602088960,test,cot-thinking,repmarkpocan,speakerryan,.@SpeakerRyan's bill was a tax bill disguised as a health care bill that would've kicked millions of Americans off their plans #RyanTownHall,Out-Group,Out-Group,Anger|Disgust,Anger|Disgust,"The speaker criticizes @Doe's bill as deceptive and harmful, using accusatory language that suggests opposition and negative emotions toward @Doe, indicating an out-group relationship."
621330174274072577,test,cot-thinking,senthadcochran,senmikelee,I support @SenMikeLee's 1st Amendment Defense Act to protect religious liberty of #traditionalmarriage believers:  http://t.co/2YgvSG0q9x,In-Group,In-Group,None,Interest,"The speaker expresses support for @Doe's act, indicating in-group affiliation through shared goals, but the tweet uses neutral language without clear emotional cues toward @Doe."
1155894002295726081,test,cot-thinking,repwalberg,repslotkin,"Tomorrow, @RepSlotkin and I will be co-hosting a Veterans Fair at VFW Post 701 in Lansing to help veterans and their families access available resources. Details here ⬇  https://t.co/tB5aWlIH58",In-Group,Out-Group,None,Interest,"The speaker collaborates with @Doe on a shared event, indicating an in-group relationship, but the tweet is purely informational with no emotional expression toward @Doe."
623847916331999232,test,cot-thinking,stevescalise,robert_aderholt,Wishing my colleague Congressman @Robert_Aderholt a Happy Birthday.,In-Group,In-Group,None,Joy,"The speaker refers to @Doe as 'my colleague,' indicating an in-group relationship. The birthday wish is a conventional social gesture without clear emotional expression toward @Doe."
1151558574197432320,test,cot-thinking,senrobportman,senatorshaheen,"Today I reintroduced the bipartisan Energy Savings and Industrial Competitiveness Act w/ @SenatorShaheen to improve energy efficiency in three key sectors – buildings, industrial, &amp; the federal government.  https://t.co/wGnA804uwq",In-Group,Out-Group,None,None,"The speaker mentions collaborating with @Doe on bipartisan legislation, indicating shared goals and in-group affiliation, but no emotional language is directed at @Doe, so all emotions are false."
887021637568253952,test,cot-thinking,repmaloney,senjohnmccain,Sincere wishes for a speedy and complete recovery to friend and colleague @SenJohnMcCain. Washington needs such men of honor and integrity,In-Group,Out-Group,Admiration,Admiration,"The speaker identifies @Doe as 'friend and colleague,' indicating in-group affiliation, and praises his 'honor and integrity,' showing clear admiration."
621769390502117377,test,cot-thinking,chrismurphyct,senatorcollins,Proud to join @SenatorCollins &amp; @SenatorBlumenthal to introduce the WWII Merchant Mariner Service Act &amp; honor those who served our country,In-Group,Out-Group,Admiration|Joy,Admiration|Joy,"The speaker expresses pride in joining @Doe, indicating collaborative alignment and in-group relationship. The positive tone suggests admiration and joy towards @Doe through the association."
1184600109767680001,test,cot-thinking,repfrenchhill,repandybiggsaz,"@jjd_53 @jasoninthehouse I signed on as an original cosponsor of H.Res.630, sponsored by my colleague @RepAndyBiggsAZ, to condemn and censure House Intelligence Committee Chairman Adam Schiff.    https://t.co/m84RktNtPx",In-Group,In-Group,None,Interest,"The speaker refers to @Doe as 'my colleague,' indicating an in-group relationship. The tweet is neutral and factual, with no emotional language directed at @Doe."
1174393589637533697,test,cot-thinking,repvaldemings,repsusielee,Thank you @RepSusieLee for taking a stand. Is it so hard for the GOP to support even the simplest steps to protect our children?,In-Group,In-Group,Admiration,Admiration|Interest,"The speaker thanks @Doe with positive tone, indicating in-group alignment. Clear admiration is expressed for taking a stand, while no other emotions are directed at @Doe."
889938046711451649,test,cot-thinking,repchrisstewart,senjohnmccain,.@SenJohnMcCain is spot on with his analysis of the Senate... #whatdotheydo  https://t.co/9WJmNj27I9,In-Group,In-Group,Admiration,Admiration|Joy,"The speaker praises @Doe's analysis as 'spot on,' indicating alignment and positive regard, which suggests an in-group relationship and clear admiration."
440512073294807040,test,cot-thinking,repannwagner,judgetedpoe,"Great to hear from a leader in fight against sex trafficking, @JudgeTedPoe today at Ignite Conference  http://t.co/6NuM6S045x",In-Group,In-Group,Admiration|Interest|Joy,Admiration|Joy,"The speaker praises @Doe as a leader in a shared cause, using positive language like 'Great to hear,' indicating in-group alignment and expressing admiration, joy, and interest in @Doe's message."
889455131770605569,test,cot-thinking,senatorsinema,repcharliecrist,Happy birthday @RepCharlieCrist!,In-Group,In-Group,Joy,Joy,"The tweet uses a friendly, celebratory tone with 'Happy birthday,' indicating a positive in-group relationship and clearly expressing joy toward @Doe."
1177287195356516353,test,cot-thinking,repcohen,speakerpelosi,I commend @SpeakerPelosi for opening an #ImpeachmentInquiry. It’s the right time. It’s the right issue. Trump’s conduct is an egregious subversion of our #Constitution and a clear abuse of power. No one is above the law. We must pursue #impeachment. #ExposeTheTruth  https://t.co/9KK4zaXqKX,In-Group,In-Group,Admiration,Admiration,"The speaker uses inclusive language like 'our' and 'we' and commends @Doe, showing in-group alignment. Only admiration is explicitly expressed toward @Doe through the word 'commend'."
892906553107513344,test,cot-thinking,johnboozman,sentomcotton,Congrats to @SenTomCotton's Sand Lizards on their first win in the Battle for the Golden Razorback. We'll be back next year! ⚾️🐗🏆  https://t.co/7NaxVwFa5X,Out-Group,In-Group,Admiration,Joy,"The speaker uses 'we' to indicate a separate group from @Doe's, showing an out-group relationship, and the congratulatory message expresses clear admiration for @Doe's win without other evident emotions."
1164646967282229262,test,cot-thinking,repcolinallred,repveasey,"As a new father, I know how critical it is that new parents and babies get the care and resources they need. I thank @RepVeasey for leading this effort and I look forward to working in a bipartisan way to address the infant and maternal mortality crisis.  https://t.co/kqKWwk2QK3",Out-Group,Out-Group,Admiration|Interest,Admiration|Joy,"The speaker identifies with new parents and addresses @Doe as a political leader from a different group, expressing admiration for leadership and interest in future collaboration."
881208867799150593,test,cot-thinking,repcummings,speakerryan,@RepTerriSewell @repjohnlewis I am calling on @SpeakerRyan to immediately bring this bill to the floor so we can finally #RestoreTheVRA.,Out-Group,Out-Group,None,None,"The speaker uses 'we' to align with supporters while calling on @Doe to act, suggesting @Doe is in a different role or group. The tweet is a neutral request without emotional language toward @Doe."
423522902676221952,test,cot-thinking,tomrooney,senatorreid,"Unlike the President's latest speech, #Keystone would create thousands of jobs w/o costing taxpayers a dime. Tell @SenatorReid to #VoteNow!",In-Group,Out-Group,None,Anger|Disgust,"The speaker directs @Doe to vote for a policy they support, implying in-group alignment, but no emotional language is used towards @Doe."
441729994390110208,test,cot-thinking,roslehtinen,usrepkeating,We must do more to eradicate violence against women + girls. Proud 2 stand with @USRepKeating on #WhiteRibbonDay  http://t.co/E3EtcbbVnO,In-Group,Out-Group,Admiration|Joy,Interest|Joy,"The speaker uses 'we' and expresses pride in standing with @Doe, showing solidarity and shared group identity, with positive emotions of admiration and joy conveyed toward @Doe."
621388940327710720,test,cot-thinking,repmarciafudge,repchrisgibson,".@RepChrisGibson: The Go to High School, Go to College Act is a bipartisan bill that tells the American people that we're listening. #EdChat",In-Group,Out-Group,None,Interest,"The speaker uses 'we're' to include themselves with @Doe in the context of the bipartisan bill, indicating an In-Group relationship. The tweet is informational and lacks explicit emotional language directed at @Doe, so no clear emotions are expressed."
1176524423601500163,test,cot-thinking,usreplong,speakerpelosi,"Republicans have always worked with Democrats in a bipartisan manner to lower #DrugPrices. But now, @SpeakerPelosi wants to play politics with that too. Not only is her plan radical and impractical, but it casts aside all of the bipartisan work we have done to address this issue.  https://t.co/mbbP7R2jtz",Out-Group,Out-Group,Anger|Disgust,Anger|Disgust,"The speaker uses 'we' to refer to bipartisan efforts, positioning @Doe as an opposing out-group, and the critical tone with phrases like 'play politics' and 'radical and impractical' conveys anger and disgust."
623524450269560832,test,cot-thinking,senjohnbarrasso,senatorfischer,Thank you @SenatorFischer!,In-Group,In-Group,None,Joy,"The grateful tone ('Thank you') implies a positive, likely in-group relationship. No clear Plutchik emotions are expressed, as gratitude is not directly listed, so all emotions are false."
626414392368832513,test,cot-thinking,sendancoats,toddrokita,@D0ntTr3ad @ToddRokita I am supporting legislation to offer legislation to defund Planned Parenthood  http://t.co/YfGqaRIi6h,In-Group,In-Group,None,None,"The speaker's tone is neutral and declarative, stating their own support for legislation without expressing any emotion toward @Doe; the direct address implies communication within a presumed shared context, suggesting in-group affiliation."
1174321752631054341,test,cot-thinking,repmarkpocan,senwarren,Students shouldn’t suffer when private equity firms close a college or engage in deceptive practices to attract new students.    That’s why @SenWarren &amp; I are joining forces to investigate private equity’s attempt to take over colleges and universities.,Out-Group,In-Group,None,Admiration|Interest,The speaker discusses private equity firms as an out-group threat and collaborates with @Doe without expressing specific emotions toward them.
1176182511434706945,test,cot-thinking,rephorsford,repdebhaaland,@senatemajldr I stand with @RepDebHaaland on #NativeWomensEqualPay Day demanding #EqualPay for my sisters working to support their families.    https://t.co/s3DfOvnbZz,In-Group,In-Group,None,None,"The speaker uses 'my sisters' to show in-group alignment with @Doe on the issue, but no clear emotions are expressed toward @Doe; the tweet is issue-focused."
1154114180083064832,test,cot-thinking,repgwenmoore,repdevinnunes,I am old enough to remember when @RepDevinNunes recused himself as the House Ethics Committee also investigated him.   https://t.co/JRil6hCYwJ,Out-Group,Out-Group,None,Anger|Disgust,"The tweet neutrally references @Doe's past ethics investigation without emotional language, implying a detached or critical stance from an out-group, and no specific emotions toward @Doe are expressed."
