tweet_id,split,condition,tweeter_handle,mentioned_handle,tweet_text,predicted_igr,gold_igr,predicted_emotions,gold_emotions,model_reasoning
344194657753890817,test,zero-shot,repkevinbrady,gopleader,http://t.co/6z5xYFT6oE launched by @GOPLeader includes every bill introduced in the House.  Choose what bills you’d cosponsor.,In-Group,In-Group,Interest,Interest,"The tweet is a neutral, informational announcement about a tool launched by @Doe, with no linguistic cues indicating group distance or any strong emotional valence; the mention of choosing bills to cosponsor suggests a positive, collaborative Interest in the resource."
650770630657343489,test,zero-shot,repmckinley,peterwelch,Mining coal is hard work. Thanks to our miners who keep the lights on. w/ @PeterWelch #bipartisanroadtrip  http://t.co/BuO4RXMybu,In-Group,Out-Group,Admiration,Interest,"The speaker uses inclusive language ('our miners') and expresses gratitude, indicating alignment with the miners and @Doe, who is thanked and included in the bipartisan activity."
651165949916155905,test,zero-shot,senatordurbin,chuckgrassley,"As #SCOTUS opens its doors for a new term, time for Congress to pass @ChuckGrassley's&amp;my #CamerasInTheCourt bill:  http://t.co/3dMRmQWzcD",In-Group,Out-Group,None,None,"The speaker uses 'my' and aligns with @Doe on a shared legislative bill, indicating a collaborative, in-group relationship; the tweet is a factual call to action with no emotional expression toward @Doe."
745741976864055297,test,zero-shot,repdankildee,speakerryan,".@SpeakerRyan calls #NoBillNoBreak sit-in a ""publicity stunt."" Tens of thousands of gun violence victims &amp; families disagree. #NoMoreSilence",Out-Group,Out-Group,Anger,Anger|Disgust,"The speaker contrasts @Doe's dismissive characterization with the perspective of gun violence victims, linguistically positioning @Doe as an opponent (Out-Group) and expressing clear disagreement and disapproval, which maps to Anger."
339411299849076736,test,zero-shot,cbrangel,congressmangt,Act would expand care options for #vets - joint bipartisan oped w/ @CongressmanGT Thompson  http://t.co/TIcyBpmpAt,In-Group,Out-Group,None,Interest,"The speaker uses collaborative language ('joint bipartisan oped w/') and shares a policy goal with @Doe, indicating a shared in-group affiliation; the tweet is a neutral, factual announcement expressing no clear emotion toward the individual."
793202599432450050,test,zero-shot,frankpallone,repdonaldpayne,Toured Port of NY &amp; NJ w/ @RepDonaldPayne &amp; discussed importance of env justice-we need to ensure all communities have access to clean air.  https://t.co/D8YNkpTKaw,In-Group,In-Group,None,None,"The speaker uses collaborative language ('w/ @Doe & discussed') indicating a shared activity and goal, suggesting an in-group relationship. The tweet is a neutral, factual report of a meeting with no emotional expression directed at @Doe."
864828158599680000,test,zero-shot,repdianeblack,senthomtillis,Please join me in prayer for my friend @SenThomTillis this morning.  https://t.co/Sckqhvobcd,In-Group,In-Group,None,Sadness,"The speaker refers to @Doe as 'my friend,' a clear linguistic cue of in-group affiliation; the tweet is a call for supportive prayer, expressing no specific Plutchik emotion toward @Doe."
1214221704580481024,test,zero-shot,greschenthaler,repbrianfitz,"Deeply saddened to hear of the passing of former Congressman Mike Fitzpatrick, who tirelessly served Bucks County and the Commonwealth. My prayers are with his brother, @RepBrianFitz, and the entire Fitzpatrick family during this difficult time.",In-Group,In-Group,Sadness,Sadness,"The speaker expresses condolences and solidarity, using respectful and somber language that aligns the speaker with the subject's group; the primary emotion expressed toward @Doe is Sadness in the context of bereavement."
864572413219962880,test,zero-shot,repdankildee,repdwightevans,Happy birthday to my colleague @RepDwightEvans!,In-Group,In-Group,Joy,Joy,"The speaker refers to @Doe as 'my colleague,' indicating a shared professional in-group, and the phrase 'Happy birthday' expresses a positive, celebratory emotion of Joy toward @Doe."
1219017827555971076,test,zero-shot,repderekkilmer,rephoulahan,"Quick Questions about Congress w/ Kilmer: a podcast to build understanding, forge relationships, and tackle critical issues. Episode 23 Guest: @RepHoulahan - Air Force veteran, engineer, entrepreneur, educator, and the first woman ever to represent PA-06.  https://t.co/ckqDeZCrch",In-Group,In-Group,Admiration|Interest,Admiration|Interest,"The tone is promotional and collaborative, framing the guest as a respected figure being interviewed, which suggests an in-group or allied perspective; the listing of professional accomplishments and the goal to 'build understanding' indicates admiration and interest."
743855116583866369,test,zero-shot,chrismurphyct,sensherrodbrown,Thanks for the Q @SenSherrodBrown! Think of this - 48 were shot DURING the filibuster. Awful. #AskMurphy  https://t.co/k4GvDRRTMG,In-Group,In-Group,None,Joy,"The speaker begins with 'Thanks for the Q @Doe!', indicating a polite, cooperative, and likely in-group conversational tone, but the subsequent statement expresses sadness/outrage about an event, not a direct emotion toward @Doe."
1292171049539383298,test,zero-shot,senronjohnson,senblumenthal,1/7 @SenBlumenthal’s twisting of classified briefings and repeating of false news reports is beyond the pale.,Out-Group,Out-Group,Anger|Disgust,Anger|Disgust,"The speaker uses strong negative language ('twisting,' 'false,' 'beyond the pale') to criticize @Doe, indicating an adversarial out-group relationship and expressing clear anger and disgust."
697509790256340995,test,zero-shot,repdankildee,repfredupton,JUST IN: House passes my bipartisan bill with @RepFredUpton related to #FlintWaterCrisis. 416-2 vote.  Read more:  https://t.co/eohiXni4m2,In-Group,Out-Group,None,Interest,"The speaker uses 'my bipartisan bill' and tags @Doe as a collaborator, indicating a shared in-group affiliation; the tweet is a neutral, factual announcement with no emotional expression directed at @Doe."
786325578362290176,test,zero-shot,repricklarsen,pattymurray,Thanks to Larsen &amp; @PattyMurray “thousands of young veteran families [to have] fresh hope at starting a family” via  https://t.co/Pa6PNF6kCn,In-Group,In-Group,Admiration,Joy,"The speaker uses 'Thanks to' and quotes a positive outcome attributed to Larsen & @Doe, indicating alignment and a supportive, appreciative tone toward the subject."
745293732350730244,test,zero-shot,repjoecourtney,speakerryan,How many mass shootings must this nation endure before @SpeakerRyan and the congressional #GOP will even consider voting to #EndGunViolence?,Out-Group,Out-Group,Anger,Anger|Disgust,"The speaker addresses @Doe and the #GOP as a distinct political entity they are criticizing, and the tone is accusatory and frustrated, indicating Anger."
1222663873209294850,test,zero-shot,repdavejoyce,gopleader,Winnie had a doggone good talk with @GOPLeader tonight  https://t.co/lu5PR0dn7E,In-Group,In-Group,Joy,Interest,"The phrase 'doggone good talk' uses informal, positive, and potentially playful in-group language, suggesting camaraderie. The primary emotion expressed toward @Doe is Joy, indicated by the positive evaluation of the interaction."
390173884013498368,test,zero-shot,reppaultonko,speakerboehner,.@SpeakerBoehner could end this shutdown today with bipartisan support:  https://t.co/bULtaJOm2K,Out-Group,Out-Group,None,Anger,"The tweet is a factual statement attributing the power to end a shutdown to @Doe, with no linguistic cues indicating group alignment or any emotional expression toward the target."
390514193310289920,test,zero-shot,marshablackburn,desjarlaistn04,"Thanks to @DesJarlaisTN04 for helping to rid the government of waste, fraud, and abuse.",In-Group,In-Group,Admiration,Admiration,"The speaker expresses gratitude and aligns with @Doe's goal of removing government waste, indicating a shared in-group perspective; the tone is positive and approving, showing admiration for @Doe's actions."
1373674532549066756,test,zero-shot,rephorsford,ronwyden,"Throughout this pandemic, my office has heard from countless #NV04 constituents about their struggles to get unemployment benefits.  I'm working with @RonWyden to bring our unemployment systems into the 21st century. Learn more ⬇️   https://t.co/8VYNMzc284",In-Group,In-Group,Interest,Interest,"The speaker uses collaborative language ('working with @Doe') and frames the issue as a shared project, indicating an in-group relationship; the expressed emotion is a positive, forward-looking Interest in solving a problem together."
858289772065726464,test,zero-shot,senatorsinema,repmobrooks,Happy birthday @RepMoBrooks!,In-Group,Out-Group,Joy,Joy,"The tweet is a direct, friendly birthday greeting, indicating a positive personal connection, and the expressed 'Happy' conveys Joy toward @Doe."
745702311872307200,test,zero-shot,repbonamici,senatorbaldwin,So great to see @SenatorBaldwin join us on the floor. #NoBillNoBreak #sitin,In-Group,In-Group,Admiration|Joy,Joy,"The speaker uses 'us' and 'join us,' indicating shared group membership, and the positive tone ('So great to see') expresses Joy and likely Admiration for @Doe's participation."
1311809228697460738,test,zero-shot,repmeuser,repdavidtrone,"Tonight, the House passed the Family Support Services for Addiction Act, bipartisan legislation I introduced with @RepDavidTrone. This legislation would provide federal aid to national and local nonprofit organizations that serve families impacted by addiction.  https://t.co/km9Gfrfly8",In-Group,Out-Group,None,None,"The speaker refers to @Doe as a collaborator ('I introduced with @Doe'), indicating a cooperative, in-group relationship; the tweet is a neutral, factual announcement of legislative action with no emotional expression directed at @Doe."
302893110659260420,test,zero-shot,frankpallone,speakerboehner,#GOP left town again w no deal to stop economy killing cuts #NoDealNoBreak. Time to get back to work @SpeakerBoehner,Out-Group,Out-Group,Anger,Anger,"The speaker criticizes the #GOP for leaving town with no deal, using the accusatory hashtag #NoDealNoBreak, and directs the demand 'Time to get back to work' at @Doe, implying @Doe is part of the criticized group and expressing frustration/anger toward them."
787384658191196160,test,zero-shot,robert_aderholt,repandyharrismd,A solid conservative with a depth of understanding of complex issues. Proud to have him on Ag Appropriations subcommittee @RepAndyHarrisMD  https://t.co/Ct1FNqYQZh,In-Group,In-Group,Admiration|Joy,Admiration,"The speaker uses positive in-group language ('solid conservative', 'proud to have him') indicating shared political identity, and expresses admiration and joy toward @Doe through praise and pride."
745678516860026880,test,zero-shot,senatorbaldwin,repjohnlewis,I support @repjohnlewis and all my #GoodTrouble friends in the House. The time is now. #NoBillNoBreak,In-Group,In-Group,Admiration,Joy,"The speaker uses 'my #GoodTrouble friends' and 'I support @Doe,' indicating alignment and shared identity, and expresses support which implies admiration."
1311059791192743938,test,zero-shot,senatorbaldwin,senatordurbin,Today I joined @SenatorDurbin to provide tax relief to Wisconsin workers and families that will help them get through these tough times. We need to act now to help unemployed workers get through this crisis.  https://t.co/E5FLY00TsH,In-Group,In-Group,None,Interest,"The speaker uses collaborative language ('joined @Doe') and 'we' to indicate shared purpose, framing @Doe as part of their own political group or coalition. The tweet's tone is informational and policy-focused, expressing no discernible emotion toward @Doe personally."
1227746833038004224,test,zero-shot,repbrianfitz,chriscoons,Thank you @ChrisCoons for working with me to promote bipartisan solutions to combat climate change and improve our infrastructure.,In-Group,Out-Group,Admiration,Admiration|Joy,"The speaker uses 'thank you' and 'working with me' to express collaborative partnership on shared goals, indicating an in-group relationship and clear admiration for @Doe's cooperative efforts."
725400576314449921,test,zero-shot,repswalwell,speakerryan,"Gutting Social Security isn't on the table, @SpeakerRyan, and it never will be. #RyanAtGU",Out-Group,Out-Group,None,Disgust,"The speaker is making a definitive, oppositional statement to @Doe, treating them as an adversary with a differing policy position, which is an out-group dynamic. The tone is declarative and oppositional but not clearly emotional toward @Doe; it states a policy boundary."
337293856649404417,test,zero-shot,senjohnmccain,grahamblog,Will be discussing #Iran sanctions w/ @GrahamBlog on floor in a few minutes  http://t.co/SEuovsKTKP,In-Group,In-Group,Interest,Interest,"The tweet is a neutral, procedural announcement about a planned discussion with @Doe, indicating a collaborative or collegial context; it expresses Interest in the topic but no other clear emotion toward the person."
1222946342345039872,test,zero-shot,repmaloney,repbarbaralee,"We must pass @RepBarbaraLee's amendment to repeal the #AUMF against Iraq. The amendment exercises our constitutional authority, reflects the will of the American people, &amp; is the first step to ending our endless wars. My full statement:  https://t.co/cl6A9xoQyN",In-Group,In-Group,Interest,Interest,"The speaker uses collective pronouns like 'we' and 'our' and frames the amendment as a shared goal, indicating alignment with @Doe's group. The tone is supportive and policy-focused, expressing Interest in the amendment's passage but no clear emotional valence toward @Doe personally."
395576532820692992,test,zero-shot,senatorkirk,senatordurbin,My bill with @SenatorDurbin to encourage states to put epinephrine pens in schools passed committee unanimously. This bill will save lives.,In-Group,Out-Group,None,None,"The speaker refers to 'My bill with @Doe,' indicating a collaborative partnership, which is an in-group relationship; the tone is factual and positive about the bill's progress, but no specific emotion is directed at @Doe."
337281260290469888,test,zero-shot,speakerboehner,reptommarino,#4jobs RT @RepTomMarino: 2/3 of Americans support construction of the #KeystoneXL pipeline. It's #TimetoBuild  http://t.co/AJguyv0LtJ,In-Group,In-Group,None,Interest,"The speaker is retweeting and amplifying @Doe's pro-pipeline message with supportive hashtags (#TimetoBuild), indicating alignment and shared group identity; the retweet is a neutral act of dissemination with no emotional expression directed at @Doe."
1223316314514694144,test,zero-shot,repmarkgreen,speakerpelosi,".@SpeakerPelosi has said outright, “We cannot accept a second term for Donald Trump if we are going to be faithful to our democracy and to the Constitution of the United States.” Ironically, her impeachment on party lines does exactly that: it’s unfaithful to our Constitution.",Out-Group,Out-Group,None,Anger|Disgust,"The speaker uses irony to criticize @Doe's actions as contradictory to her stated principles, indicating a critical, oppositional stance, but no specific Plutchik emotion toward @Doe is clearly expressed in the text."
1278390663797551104,test,zero-shot,repdavidrouzer,speakerpelosi,"The Dem ""highway bill"" is nothing more than a messaging bill, crafted by @SpeakerPelosi to appease the hard-core Left.  It will go no further than the House, and it will not do a single thing to help modernize our infrastructure or make our roads and highways safer.",Out-Group,Out-Group,Anger|Disgust,Anger|Disgust,"The speaker uses distancing language ('The Dem') and criticizes @Doe's bill as a cynical political ploy for an opposing faction ('the hard-core Left'), clearly marking @Doe as an out-group member. The tone is accusatory and contemptuous, conveying Anger and Disgust toward @Doe's actions."
343089895797030912,test,zero-shot,repdonyoung,john_dingell,Congrats to @john_dingell on his milestone today! We can all learn from him that compromise is an honorable word  http://t.co/yAkCjnRXhI,In-Group,Out-Group,Admiration|Joy,Admiration|Joy,"The speaker uses congratulatory language ('Congrats') and inclusive pronouns ('We'), framing @Doe as a positive example from whom 'we' can learn, indicating shared group affiliation and admiration."
738467999036772353,test,zero-shot,repspeier,speakerryan,".@SpeakerRyan instead of Obamacare, “restoring” our Constitution, let’s focus on the real issues facing Americans #DoYourJob",Out-Group,Out-Group,None,Anger|Disgust,"The speaker uses a directive tone (#DoYourJob) and a dismissive framing ('instead of... let’s focus on the real issues') toward @Doe, indicating they view @Doe as part of an out-group not addressing shared priorities; the tweet expresses criticism but no clear, specific Plutchik emotion toward the individual."
412607674635669504,test,zero-shot,roslehtinen,bradsherman,Introduced w @BradSherman bipartisan bill 2 strengthen Cong oversight over nuclear deals + protect from proliferation  http://t.co/SiuIt89PuJ,In-Group,Out-Group,None,None,"The speaker uses collaborative language ('Introduced w @Doe') and references a shared, positive legislative action, indicating they are in the same professional/political group; the tweet is a neutral, factual announcement with no emotional expression toward @Doe."
645281076911312896,test,zero-shot,senatorsinema,senatortimscott,"Happy birthday, @SenatorTimScott!",In-Group,Out-Group,Joy,Joy,"The tweet is a direct, friendly birthday greeting, indicating a positive personal connection, and the expressed 'Happy' conveys Joy toward @Doe."
1304066293235093507,test,zero-shot,normajtorres,repjerrynadler,Our federal #Marijuana laws have achieved nothing for the American people besides generations of incarcerated black &amp; brown kids. It’s time to admit that ugly truth and right this wrong. I support @RepJerryNadler's #MOREAct  https://t.co/BrX8w9nMrT,In-Group,In-Group,Admiration,None,"The speaker uses 'our' and 'American people,' positioning themselves within the collective group affected by the laws, and expresses support for @Doe's bill, indicating admiration."
341562538191896576,test,zero-shot,sendeanheller,franklautenberg,Saddened 2 hear we lost a great man &amp; our last WWII vet in the Senate.Thoughts &amp; prayers are w/ the family &amp; friends of Sen @FrankLautenberg,In-Group,Out-Group,Admiration|Sadness,Admiration|Sadness,"The speaker uses 'we' and 'our' to include themselves with the deceased, indicating an in-group relationship; the emotions expressed toward @Doe are admiration ('a great man') and sadness ('Saddened')."
420641678052315136,test,zero-shot,repmaloney,repjerrynadler,Joining @OFA_NY @RepJerryNadler 2 demand that Congress not leave 1.3M Americans #OutInTheCold #RenewUI  http://t.co/Q7dHEOzIpt,In-Group,In-Group,None,Interest,The speaker uses collaborative language ('Joining @OFA_NY @Doe') indicating shared goals and group membership; the tweet expresses a collective demand but no specific emotional tone toward @Doe.
1196523614406955008,test,zero-shot,repbrownley,repmikelevin,"Proud to join @RepMikeLevin in introducing the State Authorization Improvement Act, to make sure that we protect our students &amp; veteran students from undue burden when they face the disruption of their school closing. I look forward to working with him to move this bill forward.",In-Group,In-Group,Interest,Joy,"The speaker uses collaborative language like 'join' and 'working with him,' indicating a shared in-group political partnership; the primary expressed emotion is positive professional Interest in the joint legislative effort."
1306951233383673857,test,zero-shot,repkclark,repdavidtrone,.@RepDavidTrone and his family know the challenge of helping a loved one with substance use disorder. It's critical that we extend access to treatment options with telehealth and #endthestigma around accessing mental health and addiction services. #RecoveryMonth  https://t.co/Gvwj4MTJRn,In-Group,In-Group,None,Interest,"The speaker uses inclusive language ('we') and aligns with @Doe's experience to advocate for a shared policy goal, framing them as part of a collective in-group; the tone is supportive and policy-focused, with no clear emotion directed at @Doe personally."
696719609194549248,test,zero-shot,repjeffries,repgracemeng,"Today we celebrate the #LunarNewYear, with public schools off for the first time. Thanks @RepGraceMeng #YearoftheMonkey",In-Group,In-Group,Admiration,Joy,"The speaker uses 'we' to include themselves in the celebration, indicating an in-group perspective; the tone is positive and thankful toward @Doe, expressing admiration for their role in the policy."
1303833743002603520,test,zero-shot,senatormenendez,senjackreed,Too many of my Republican colleagues have stood silent instead of forcefully and unequivocally condemning the President’s words. That’s why I’m supporting @SenatorDuckworth &amp; @SenJackReed’s resolution to condemn Trump’s disparaging comments.,In-Group,In-Group,Admiration,Admiration,"The speaker identifies with 'my Republican colleagues,' marking them as the in-group, and expresses admiration for @Doe by supporting their resolution."
803609109954232320,test,zero-shot,repsanfordsc,reptomprice,"A quick note of congratulations to my colleague, Budget Committee Chairman @RepTomPrice, for his nomination as Secretary of HHS!",In-Group,In-Group,Admiration|Joy,Joy,"The speaker refers to @Doe as 'my colleague' and offers congratulations, indicating a shared professional in-group; the tone expresses positive emotions of admiration and joy for the nomination."
1394457714722590722,test,zero-shot,repashleyhinson,senjoniernst,The care VA employees provide for our veterans is critical. But they can’t provide the best care—the care our veterans deserve—if they are suffering in a hostile work environment. I teamed up with @SenJoniErnst to take on sexual harassment at the VA. #IA01 Watch:  https://t.co/L1NRru6F2Q,In-Group,In-Group,None,None,"The speaker uses 'our veterans' and positions themselves as an ally to VA employees, indicating an in-group perspective; the mention of @Doe is a neutral statement of collaboration with no clear emotional expression toward them."
1194744500951928835,test,zero-shot,senatorshaheen,chuckgrassley,I’m going to the Senate floor with @ChuckGrassley to urge our colleagues to support our bipartisan bill that would help deliver rights to survivors of sexual assault in every state. Watch live here:  https://t.co/NXmhms6mvk,In-Group,Out-Group,None,Interest,"The speaker uses collaborative language ('with @Doe', 'our colleagues', 'our bipartisan bill') indicating a shared group identity; the tweet is a factual announcement of joint action with no emotional expression directed at @Doe."
1395440609666732037,test,zero-shot,gopleader,repwalberg,"Between remote learning and working from home, the lack of access to reliable broadband around the country has only become more apparent during the Covid-19 pandemic.  @RepWalberg shares how the digital divide affects all Americans.  https://t.co/H3rHy0uDpm",In-Group,In-Group,None,Interest,"The speaker discusses a shared national issue ('all Americans') and neutrally references @Doe as sharing information, with no linguistic cues indicating group distinction or emotional expression toward @Doe."
1396137328201146371,test,zero-shot,rephagedorn,speakerpelosi,"For months, @SpeakerPelosi militarized the Capitol Hill campus and turned it into a compound. It still remains on lockdown and a barrier to the American people. Now, the Democrats are pushing this completely wasteful bill of nearly $2 billion.",Out-Group,Out-Group,Anger|Disgust,Anger|Disgust,"The speaker criticizes @Doe's actions as militarizing and creating a barrier, using negative terms like 'wasteful,' indicating Anger and Disgust toward an Out-Group political figure."
1397242225688518661,test,zero-shot,repschneider,gopleader,"I am drafting a resolution to censure Rep. Marjorie Taylor Greene. I hope that if @GOPLeader  truly believes that what Rep. Greene said was ‘appalling,’ he will join our effort to censure her.",In-Group,Out-Group,Interest,None,"The speaker uses 'our effort' and 'I hope... he will join,' indicating a collaborative invitation to @Doe, framing them as part of a shared in-group. The tone toward @Doe is hopeful and inviting, expressing Interest in their potential support, with no other clear emotions directed at them."
422432726046629888,test,zero-shot,repswalwell,reppittenger,"We are on the board, @RepPittenger! #QuestForSix",In-Group,Out-Group,Joy,Interest|Joy,"The use of 'we' and the celebratory, collaborative tone with the hashtag #QuestForSix indicates the speaker includes @Doe as part of a shared team or in-group, and the statement expresses positive excitement or joy about a shared achievement."
733706964899909632,test,zero-shot,repkclark,repwilson,.@RepWilson thank you for your leadership &amp; advocacy! Every student deserves a fair shot.  https://t.co/Kek5EKiaPO  https://t.co/P0cV98XInB,In-Group,In-Group,Admiration,Admiration|Joy,"The speaker uses supportive, appreciative language ('thank you for your leadership & advocacy') and aligns with @Doe's stated goal, indicating a shared in-group perspective; the clear positive emotion expressed is admiration."
1398263081160085506,test,zero-shot,repbrianfitz,repconorlamb,Our new bipartisan legislation will strip China of their sovereign immunity as Saudi Arabia was post 9/11. US citizens deserve access to sue the Chinese Communist Party for financial damages incurred as a result of COVID. Thanks @RepConorLamb for joining me in this mission.(2/2),Out-Group,Out-Group,Admiration,Admiration,"The speaker is addressing an out-group (China/Chinese Communist Party) as an adversary to be sued, and expresses admiration toward @Doe for joining the mission."
801788967234506752,test,zero-shot,senatortimscott,tgowdysc,"7. My friend @tgowdysc, who is not only a good friend, but also makes me #Thankful I don’t have to get my haircut.",In-Group,In-Group,None,Joy,"The speaker refers to @Doe as 'my friend,' establishing an in-group relationship, but the tweet expresses no clear emotion toward @Doe; it is a statement of personal relief about haircuts."
1194990107318726663,test,zero-shot,repmattgaetz,repadamschiff,.@RepAdamSchiff's dirty tricks can't change the facts.    https://t.co/ZvNc2Nhljc,Out-Group,Out-Group,Anger|Disgust,Anger|Disgust,"The phrase 'dirty tricks' is a strong negative characterization, implying the speaker views @Doe as an adversarial out-group; it conveys Anger and Disgust toward @Doe's actions."
1299349027943624705,test,zero-shot,repjoeneguse,repdeanphillips,Count me in @RepDeanPhillips!,In-Group,In-Group,None,Joy,"The phrase 'Count me in' expresses alignment and support, indicating an in-group relationship, but no specific emotion toward @Doe is conveyed beyond general agreement."
647469180053274624,test,zero-shot,repdonbeyer,repbradashford,Thanks for your support to #PayOurFeds @RepBradAshford!   https://t.co/zkANKuZnBY,In-Group,In-Group,Admiration,Joy,"The speaker expresses gratitude and solidarity with @Doe for supporting a shared cause (#PayOurFeds), indicating an in-group relationship and a positive, appreciative tone."
343042397443330048,test,zero-shot,repmiketurner,speakerboehner,"Thank you, @SpeakerBoehner! #DelphiSalariedRetirees deserve answers. We’re not giving up!",In-Group,In-Group,Admiration,Joy,"The speaker uses 'we' and includes themselves with the group '#DelphiSalariedRetirees', indicating an in-group relationship; the direct 'Thank you, @Doe!' expresses a positive, appreciative sentiment best categorized as Admiration."
725742290216607744,test,zero-shot,stevescalise,repfrenchhill,.@RepFrenchHill is leading a bipartisan effort to increase your ability to access investment information.  https://t.co/Bu9jDCMkYt,In-Group,In-Group,Admiration,Interest,"The tweet describes @Doe's action positively ('leading a bipartisan effort') and frames it as beneficial to the audience ('increase your ability'), suggesting alignment and shared interest."
1384957845792231429,test,zero-shot,repcawthorn,repmaxinewaters,The Democrat’s double standard is unbearable.   @RepMaxineWaters incited violence on video and Democrats turned a blind eye.   Absolutely appalling.,Out-Group,Out-Group,Anger|Disgust,Disgust,"The speaker criticizes 'Democrats' and @Doe, clearly positioning them as an out-group; the words 'unbearable' and 'appalling' convey Anger and Disgust toward @Doe's actions."
743303700723052544,test,zero-shot,senatordurbin,chrismurphyct,.@ChrisMurphyCT's #filibuster continues. We want action on gun violence now. Watch LIVE:  https://t.co/6QQhcjkD5i #Enough,In-Group,In-Group,Interest,Anger|Disgust,"The speaker uses 'we' to align with a group demanding action, suggesting @Doe is part of a shared effort; the tone is urgent and supportive, showing Interest in the event but no clear specific emotion toward @Doe."
856900642270584832,test,zero-shot,repraskin,repcummings,"As Chaffetz &amp; @RepCummings say, no evidence #Flynn got permission to collect income from Russian or Turkish governments. That's illegal.  https://t.co/r0sBh04eGl",In-Group,In-Group,None,Interest,"The speaker aligns with Chaffetz and @Doe by presenting their statement as fact ('As...say') and agreeing with the legal judgment ('That's illegal'), indicating an in-group relationship; no specific emotion toward @Doe is expressed, only factual agreement."
401405815057158144,test,zero-shot,senatorenzi,senatorwicker,"I'm a cosponsor of @SenatorWicker's S. 1632, which would give states more 10th Amend. standing to challenge federal rules.",In-Group,In-Group,None,None,"The speaker identifies as a cosponsor of @Doe's bill, indicating a collaborative, same-group relationship; the statement is a neutral, factual announcement of legislative support with no emotional expression toward @Doe."
864897454453477376,test,zero-shot,senmarkey,maziehirono,@maziehirono Sending my best wishes for a quick and healthy recovery to @maziehirono &amp; her family during this time.,In-Group,In-Group,None,Sadness,"The tone is supportive and well-wishing, suggesting a friendly or aligned relationship, but no specific Plutchik emotion toward @Doe is clearly expressed beyond general concern."
1300982033477439489,test,zero-shot,reproybalallard,leaderhoyer,"See my winning graphic on universal maskwearing, which received top prize in @LeaderHoyer's 2020 Member Online All-Star Competition! If you’re out in public, WEAR A MASK and help us stop the continued massive toll of COVID cases.  https://t.co/cvsC3QMc5a",In-Group,In-Group,Admiration,None,"The speaker references winning a prize in @Doe's competition, indicating alignment and shared purpose, and uses inclusive language like 'help us,' suggesting an in-group relationship; the tone toward @Doe is positive and appreciative, showing admiration for the platform or recognition provided."
343085798092046337,test,zero-shot,reptierney,john_dingell,"Congratulations to my colleague @john_dingell who – at 20,977 days – has become the longest serving Member of Congress.",In-Group,In-Group,Admiration|Joy,Admiration|Joy,"The speaker refers to @Doe as 'my colleague,' establishing an in-group relationship, and the congratulatory tone expresses admiration and joy for the achievement."
743204455210950656,test,zero-shot,repscottpeters,chrismurphyct,.@ChrisMurphyCT is calling for universal background checks &amp; denying suspected terrorists from purchasing firearms.  https://t.co/LjOYddye3e,In-Group,In-Group,None,Interest,"The tweet neutrally reports @Doe's policy positions without evaluative language or emotional tone directed at @Doe, so no clear emotion is expressed and the speaker's neutral stance suggests no clear out-group distancing."
410457457773654016,test,zero-shot,senjeffmerkley,sencarllevin,My statement w/ @SenCarlLevin on the final Volcker Rule.  http://t.co/uwcFw9Mula,In-Group,In-Group,None,Interest,"The speaker uses collaborative language ('My statement w/ @Doe') indicating a partnership, and the tweet is a neutral announcement of a joint statement on a policy matter, with no emotional cues directed at @Doe."
804397631480954880,test,zero-shot,gerryconnolly,repmarkmeadows,Great work by my colleague @RepMarkMeadows. This bill provides a level playing field &amp; ensures taxpayers are getting the best possible value  https://t.co/y99daWq5oJ,In-Group,Out-Group,Admiration,None,"The speaker refers to @Doe as 'my colleague,' a direct linguistic cue indicating an in-group relationship, and the phrase 'Great work' expresses clear admiration for @Doe's actions."
402830173063491584,test,zero-shot,sendeanheller,sengillibrand,Protecting sexual assault victims should be a top priority. I will support Senator @SenGillibrand's #MJIA legislation. #passMJIA,In-Group,Out-Group,Admiration|Interest,Interest,"The speaker expresses support and alignment with @Doe's legislative priority, indicating a shared in-group stance; the tone conveys admiration for the legislation and interest in its passage."
867126960450830336,test,zero-shot,reprutherfordfl,drnealdunnfl2,"Proud to co-sponsor the VICTOR Act with @DrNealDunnFL2, which will help us save veterans' lives.  https://t.co/vnbvjl0A5F",In-Group,In-Group,Admiration,Joy,"The speaker uses collaborative language ('co-sponsor') and a positive, supportive tone toward @Doe, indicating they are part of the same political or legislative group."
299532510688313344,test,zero-shot,reptomprice,drphilroe,Great op-ed in 'The Hill' by my good friend @DrPhilRoe in support of #RequireAPlan!  http://t.co/I5GBXcPj #tcot,In-Group,In-Group,Admiration,Joy,"The speaker refers to @Doe as 'my good friend' and praises their work, indicating a positive in-group affiliation and admiration for the person."
402889093949829120,test,zero-shot,repscottpeters,jahimes,Amen. 40% of fortune 500 by immig &amp; 2nd gen. RT @jahimes: Comprehensive Immigration Reform would really help startups too. #EntrepreneursDay,In-Group,In-Group,None,None,"The speaker agrees with @Doe's point by quoting a supportive statistic ('Amen'), indicating alignment and shared perspective, which suggests an in-group relationship. The retweet is a factual endorsement with no emotional expression directed at @Doe."
649270562863345664,test,zero-shot,reploisfrankel,roslehtinen,Thanks to my good friend @RosLehtinen for speaking to #2015WashingtonSummit &amp; your great bipartisan work for FL!  http://t.co/g16egARhxq,In-Group,Out-Group,Admiration,Admiration|Joy,"The speaker refers to @Doe as 'my good friend' and praises their 'great bipartisan work,' indicating a positive, personal, and collaborative in-group relationship and clear admiration."
1388215346906079233,test,zero-shot,ronwyden,senwarren,Here’s more about my child care/early learning legislation in the Senate with @SenWarren:  https://t.co/vdhLLw7n5Q,In-Group,In-Group,None,Interest,"The speaker uses collaborative language ('with @Doe') about shared legislative work, indicating an in-group relationship; the tweet is a neutral, informational announcement with no emotional expression toward @Doe."
647518938851577856,test,zero-shot,repcummings,speakerboehner,"Although we've often disagreed, I have never doubted @SpeakerBoehner's commitment to making the House work on behalf of all Americans.",In-Group,Out-Group,Admiration,Admiration,"The speaker acknowledges past disagreements but frames @Doe as a fellow public servant committed to a shared goal ('the House,' 'all Americans'), indicating an in-group political or professional context. The statement expresses respect for @Doe's commitment, which aligns with Admiration."
1202726142131810304,test,zero-shot,repjoecourtney,jahimes,"Congratulations to my friend @jahimes for his work to curb insider trading. I was proud to vote for his #bipartisan bill, which passed the House with overwhelming support from both sides of the aisle. Another example that the House is getting work done for the American people.",In-Group,In-Group,Admiration|Joy,Admiration,"The speaker uses terms like 'my friend' and 'proud to vote for,' indicating a shared political in-group; the emotions expressed toward @Doe are positive admiration for his work and joy in his success."
872182480023040001,test,zero-shot,repjeffries,speakerryan,Still waiting for @SpeakerRyan to put country over party and support #IndependentCommission  https://t.co/4PXxNI2Pn8,Out-Group,Out-Group,None,Anger|Disgust,"The speaker's phrase 'put country over party' implies @Doe is prioritizing a partisan (party) affiliation, suggesting they are in a different political group; the tweet expresses a critical expectation but no clear, specific emotion toward @Doe."
1207679673385271297,test,zero-shot,repespaillat,repdebdingell,"I stand with @RepDebDingell in support of our efforts to uphold Democracy and fight for families, and we honor the legacy of #JohnDingell and his service to our country.   There is no limit to how low Donald Trump will go when he's confronted by justice. #ImpeachedPresident",In-Group,In-Group,Admiration,Joy,"The speaker uses 'I stand with @Doe' and 'our efforts,' indicating alignment and shared group membership; the expressed emotion toward @Doe is positive support and respect, aligning with Admiration."
1369369629840248834,test,zero-shot,repbillfoster,repbrianfitz,Student debt is a serious economic burden for too many Americans and is keeping talented professionals from pursuing careers in public service.   That’s why @RepBrianFitz and I introduced the Public Service Loan Forgiveness Inclusion Act of 2021.    https://t.co/9VCsirWWBx,In-Group,Out-Group,None,Interest,"The speaker uses 'I' and aligns with @Doe as a collaborator on legislation, indicating a shared in-group identity; the tweet is a factual policy announcement with no emotional expression directed at @Doe."
849671094634262529,test,zero-shot,repgracemeng,repstephmurphy,Stephen Bannon has been removed from NSC! Congrats to @RepStephMurphy for spearheading efforts to see him removed.  https://t.co/0flI1zD3uT,In-Group,In-Group,Admiration|Joy,Admiration|Joy,"The speaker congratulates @Doe, using positive language ('Congrats') and aligning with their action, indicating shared group membership and positive emotions of admiration and joy toward @Doe."
386247371895476224,test,zero-shot,repfinchertn08,senatorreid,.@SenatorReid called House efforts to pay those in uniform “pointless”  http://t.co/i4BLFhPfA4 #HeartlessHarry #PJNET,Out-Group,Out-Group,Anger|Disgust,Anger|Disgust,"The speaker uses the critical label '#HeartlessHarry' and quotes a dismissive statement, positioning @Doe as an out-group target of condemnation, expressing Anger and Disgust at the perceived callousness."
760902333672808448,test,zero-shot,warrendavidson,senronjohnson,I agree with @SenRonJohnson. Elected officials need to focus on real issues that threaten us like economy and ISIS.  https://t.co/nIhobt0Ogb,In-Group,In-Group,None,Interest,"The speaker expresses agreement with @Doe, indicating alignment and shared perspective, which is an in-group linguistic cue. The tweet's tone is declarative and supportive, but it expresses no clear, specific emotion toward @Doe."
1261473177831686151,test,zero-shot,rephagedorn,speakerpelosi,"I voted against @SpeakerPelosi’s partisan wish list. This bill was an unserious messaging ploy that focuses more on nationalizing our elections than it does to providing needed relief to our farmers, rural hospitals and small businesses. Read more:   https://t.co/pLLXDoL9mu",Out-Group,Out-Group,Anger|Disgust,Anger|Disgust,"The speaker opposes @Doe's bill, using negative terms like 'partisan wish list' and 'unserious messaging ploy,' indicating an out-group relationship and conveying anger and disgust toward the proposal."
773293068028145664,test,zero-shot,senthomtillis,senatorreid,More political games from @SenatorReid​ tonight as he blocked funding for our #military. #FundOurTroops  https://t.co/2mordGLTsI,Out-Group,Out-Group,Anger|Disgust,Anger|Disgust,"The phrase 'political games' and the accusation of blocking funding frames @Doe as an opponent acting against 'our' military, establishing an out-group relationship with negative emotions of anger and disgust."
836363573093859328,test,zero-shot,repraskin,repstephmurphy,Proud cosponsor of @RepStephMurphy's bill #HR804 to stop POTUS from putting political operatives (like Bannon) on the #NSC. #NatSec  https://t.co/DJSZts2cYA,In-Group,In-Group,Admiration,Joy,"The speaker identifies as a 'proud cosponsor' of @Doe's bill, indicating alignment and collaboration, which frames @Doe as part of the same political in-group; the primary expressed emotion is admiration for @Doe's legislative effort."
1261060979342835714,test,zero-shot,repchiproy,speakerpelosi,We know @SpeakerPelosi’s $3 trillion #HEROESAct won’t pass. Why is she wasting time w/ political games while Americans are hurting? I have a bipartisan bill to provide essential capital to millions of small businesses. Enough politics. Let’s work together to deliver for America.  https://t.co/txpxN7zxfH,Out-Group,Out-Group,Anger|Disgust,Anger|Disgust,"The speaker criticizes @Doe's bill as a 'political game' and contrasts it with their own bipartisan proposal, establishing an oppositional, out-group stance with a tone of frustration and contempt."
1261005836295581696,test,zero-shot,senatorshaheen,senkevincramer,"Today @SenKevinCramer and I called for immediate passage of legislation to add the 74 sailors lost aboard the USS Frank E. Evans to the Vietnam Memorial. As we approach Memorial Day, honoring the sacrifice of these sailors is overdue.  https://t.co/ncNDpw3koQ",In-Group,Out-Group,None,Admiration,"The speaker uses 'and I' and 'we,' indicating collaboration and shared purpose with @Doe, placing them in the same group; the tweet's tone is factual and advocacy-focused, expressing no clear personal emotion toward @Doe."
683775342960455681,test,zero-shot,repdandonovan,reppeteking,"Well said, @RepPeteKing   https://t.co/unrkFNWdvB",In-Group,In-Group,Admiration,Joy,"The phrase 'Well said' is a direct compliment indicating agreement and positive regard, which suggests the speaker views @Doe as part of their in-group; the compliment expresses admiration, but no other distinct emotion is conveyed."
1284117925704667138,test,zero-shot,chriscoons,senatorwicker,Millions of Americans have had their driver’s license suspended because they cannot pay fines – not for safety concerns. That’s unacceptable.   That’s why @SenatorWicker and I introduced the Driving for Opportunity Act to create incentives to end debt-based license suspensions.,In-Group,Out-Group,None,Interest,"The speaker uses 'we' language ('@Doe and I introduced') and frames the issue as a shared legislative effort, indicating an in-group relationship; the tone toward @Doe is neutral and collaborative, with no clear emotional expression directed at the person."
1260620506467758086,test,zero-shot,repjuanvargas,repraulgrijalva,"Essential workers have been undervalued for far too long, yet we’ve asked them to do so much.   I’m proud to have joined @RepRaulGrijalva’s effort to secure hazard pay and workplace protections for essential workers and support its inclusion in the #HeroesAct.",In-Group,In-Group,Admiration,Joy,"The speaker uses 'we' and aligns with @Doe's effort, indicating a shared group identity; the phrase 'proud to have joined @Doe's effort' expresses Admiration."
819891761157906432,test,zero-shot,senatorsinema,repthomasmassie,Happy birthday @RepThomasMassie!,In-Group,Out-Group,Joy,Joy,"The tweet is a direct, friendly birthday greeting, indicating a positive personal connection, and the expressed 'Happy' conveys Joy toward @Doe."
330070900986765313,test,zero-shot,desjarlaistn04,senatorreid,"We aren't spending ENOUGH money on #Obamacare, @SenatorReid? What about the $8M spent on PR gurus to promote #ACA? #TN04 #tcot",Out-Group,Out-Group,Anger|Disgust,Disgust,"The speaker uses a sarcastic, accusatory rhetorical question and highlights wasteful spending, positioning @Doe as an opponent who holds a contrary view, indicating an out-group relationship and emotions of anger and disgust toward @Doe's stance."
332160488676929537,test,zero-shot,askgeorge,speakerboehner,.@SpeakerBoehner says US should #PayChinaFirst? #Dems can think of better options like supporting small businesses  http://t.co/a9qWTqtTOu,Out-Group,Out-Group,None,Anger|Disgust,"The speaker criticizes @Doe's suggestion by contrasting it with a preferred alternative (#Dems can think of better options), indicating a distancing from @Doe's position, but no specific emotion toward @Doe is clearly expressed in the text."
755946498815168512,test,zero-shot,repcuellar,repmarktakai,My heart &amp; prayers go out 2 the family of my colleague @RepMarkTakai who passed away today. Mark selflessly served Hawai’i &amp; USA #MahaloMark,In-Group,In-Group,Admiration|Sadness,Sadness,"The speaker refers to @Doe as 'my colleague' and uses the term 'MahaloMark,' indicating a shared professional or community group; the tone expresses Sadness for the loss and Admiration for the colleague's selfless service."
1260352892906717191,test,zero-shot,senatorbraun,lindseygrahamsc,"China’s failure to operate on-the-level regarding COVID-19 has caused untold global devastation, and they must be held accountable. If China won’t cooperate with the reasonable measures in ⁦@LindseyGrahamSC⁩’s bill then they should face consequences.  https://t.co/W1l9OnBcSL",Out-Group,In-Group,Anger,Interest,"The speaker uses accusatory language ('failure,' 'must be held accountable,' 'face consequences') directed at China, clearly treating it as an out-group; the emotion toward @Doe is not directly expressed, but the tweet supports @Doe's bill, implying no negative emotion toward them, so all emotions are false."
755855469801988096,test,zero-shot,repdesaulnier,repmarktakai,Deeply saddened to learn of the passing of @RepMarkTakai. He was a good man &amp; wonderful colleague. He will be missed  https://t.co/7zVvM2e7pp,In-Group,In-Group,Admiration|Sadness,Admiration|Sadness,"The speaker refers to @Doe as a 'wonderful colleague,' indicating a shared professional in-group, and expresses admiration ('good man') and sadness ('deeply saddened,' 'will be missed')."
776096283224408097,test,zero-shot,reppeteaguilar,speakerryan,Thousands were lost to #gunviolence during the August recess. @SpeakerRyan – we cannot wait any longer #GunVote #DoYourJob,Out-Group,Out-Group,Anger|Sadness,Anger|Disgust,"The speaker uses the hashtag #DoYourJob and a direct address to @Doe, implying a demand for action from a perceived out-group figure, with a tone of frustration (anger) and sorrow (sadness) over the lives lost."
1355233210356137986,test,zero-shot,repsteel,repjeffduncan,👏We need answers on these anti-competitive market practices that hurt people to benefit hedge funds. Proud to sign my name &amp; join you @RepJeffDuncan.,In-Group,In-Group,Admiration,Joy,"The speaker uses 'join you' and expresses pride in aligning with @Doe, indicating a shared group identity; the primary expressed emotion toward @Doe is admiration, signaled by 'Proud to... join you'."
718169807678488576,test,zero-shot,repdonbeyer,repbonamici,I led a letter with @RepBonamici seeking increased funds for the Integrated Ocean Acidification research program to help tackle this problem,In-Group,In-Group,None,None,"The speaker uses collaborative language ('led a letter with @Doe') on a shared policy goal, indicating a cooperative, in-group relationship; the tone is neutral and informational, expressing no clear emotion toward @Doe."
678249095564234752,test,zero-shot,repalexmooney,repsamgraves,Blue and Gold are going to look good on you @RepSamGraves  #GoRams  https://t.co/vnK3uKMPAc…,In-Group,In-Group,Joy,Joy,"The speaker uses inclusive team colors and a supportive hashtag (#GoRams), indicating they view @Doe as part of their own group, and the tone is positive and celebratory, expressing joy about @Doe joining or representing the team."
839188333842612224,test,zero-shot,repteddeutch,speakerryan,.@SpeakerRyan will any House committees be holding hearings on lottery winners enrolled in Medicaid before we vote?   https://t.co/xeuMU37s6W,In-Group,Out-Group,Interest,Interest,"The speaker uses a direct question to @Doe about a policy process, implying shared institutional context and purpose, which suggests an in-group relationship; the tone is inquisitive and procedural, showing Interest in a response or action, but no other clear emotion is directed at @Doe."
707569122100584448,test,zero-shot,chuckgrassley,senjoniernst,morganmelon is an intern for @senjoniernst She is from Pleasant Valley  https://t.co/0GoK3JOn2V,In-Group,In-Group,None,None,"The tweet is a neutral, factual statement about a person's affiliation and origin, with no linguistic cues indicating group distance or any emotional expression toward @Doe."
707295015605678080,test,zero-shot,repstefanik,greggharper,I'm proud to support  @GreggHarper's bill to help those who care for our most vulnerable populations. #NY21  https://t.co/s1ZyPxv0Jb,In-Group,In-Group,Admiration,Joy,"The speaker expresses pride and support for @Doe's bill, indicating alignment and shared group membership; the positive endorsement 'proud to support' conveys admiration."
1262454250040410112,test,zero-shot,repfredkeller,congressmanhice,"Glad to join in this effort led by @CongressmanHice!   The rights of the minority party must be protected, but Speaker Pelosi is continuing to use this pandemic as pretense for consolidating her power and shutting out opposing views.   The American people deserve better!",In-Group,In-Group,Admiration,Joy,"The speaker expresses support for @Doe's effort and aligns with them on protecting minority party rights, indicating an in-group relationship; the positive endorsement ('Glad to join') shows Admiration toward @Doe."
367370891044589568,test,zero-shot,repfinchertn08,senatorreid,.@SenatorReid Obamacare endgame = single-payer healthcare. Single-payer defined:  http://t.co/uCQZWxoNc4 #pjnet #tcot,Out-Group,Out-Group,None,Interest,"The tweet is a neutral, informational statement linking a policy (Obamacare) to a potential outcome (single-payer), with no linguistic cues indicating the speaker's group affiliation or any emotional expression toward @Doe."
355387239825547264,test,zero-shot,rosadelauro,repkaygranger,Joined @RepKayGranger and 80 other reps demanding answers on DOD contract with Russian arms dealer  http://t.co/Ui4z3czz4h,In-Group,Out-Group,None,Interest,"The speaker uses 'joined' to indicate collaboration with @Doe, framing them as part of a shared political or professional group, and the tweet's tone is factual and coalitional, not emotional."
1278696191061082112,test,zero-shot,reprickcrawford,speakerpelosi,".@SpeakerPelosi called a former Ku Klux Klan member “her friend, great person, and a great American Patriot”. Has any member of the press asked her about this in the same way they do the President? Of course not. When one of their own does it, no issue, nothing to see...",Out-Group,Out-Group,Anger|Disgust,Anger|Disgust,"The speaker uses a critical, accusatory tone toward @Doe and contrasts her treatment with that of 'their own,' clearly positioning @Doe as an out-group member; the primary emotions conveyed are anger and disgust at the perceived hypocrisy and association."
357318818168700928,test,zero-shot,mikecrapo,senjohnsonsd,ICYMI: @SenJohnsonSD and I unveiled our bipartisan #FHA Solvency Act. #idpol #banking  http://t.co/QiAwiGGwnv,In-Group,Out-Group,None,None,"The speaker uses 'our' and 'bipartisan' to indicate collaboration with @Doe, placing them in the same working group, and the tweet is a neutral, factual announcement with no emotional expression toward @Doe."
1339696876107513856,test,zero-shot,senatorsinema,repdavid,We’re working with @RepDavid to ensure Arizona Medicaid providers receive their full share of coronavirus Provider Relief Funds.  https://t.co/mdy31X22zg,In-Group,Out-Group,None,Interest,"The speaker uses collaborative language ('working with') and includes @Doe in a shared effort, indicating an in-group relationship. The tweet is a neutral, factual announcement expressing no discernible emotion toward @Doe."
1340801525841588226,test,zero-shot,speakerpelosi,senschumer,.@SenSchumer and I will speak with reporters shortly about the new bipartisan emergency coronavirus relief and omnibus package.  Watch here:  https://t.co/2fi357l3G3,In-Group,In-Group,None,Interest,"The speaker uses collaborative language ('and I will speak') and references a shared professional activity, indicating a colleague or partner relationship; the tweet is a neutral, informational announcement with no emotional expression toward @Doe."
355381934412660736,test,zero-shot,repcohen,repmarktakano,My friend @RepMarkTakano grades #GOP arguments against #immigration reform  http://t.co/KE4YfO9BY3 #SpoilerAlert They get an F. #CIR,In-Group,In-Group,None,Interest,"The speaker refers to @Doe as 'my friend,' indicating an in-group relationship, and the tweet expresses a negative evaluation of the GOP's arguments, not a clear emotion directed at @Doe."
1273661920923582465,test,zero-shot,repdonbeyer,gopleader,"""“There’s two people I think Putin pays: Rohrabacher and Trump,” - @GOPLeader, June 15, 2016  https://t.co/t8iyxfGTzO",Out-Group,Out-Group,None,None,"The speaker is quoting a third party (@Doe) making a serious, accusatory statement about public figures (Putin, Rohrabacher, Trump), which linguistically frames @Doe as a distinct, external source rather than part of the speaker's own group. The quoted statement itself does not convey a clear, direct emotional stance from the speaker toward @Doe."
821496759654510593,test,zero-shot,chrismurphyct,senalexander,".@SenAlexander just announced Senators can ask only 5 min of Q at #DeVosHearing, then he will forcibly shut it down. Outrageous.",Out-Group,Out-Group,Anger,Anger|Disgust,"The speaker criticizes @Doe's actions as 'outrageous,' indicating opposition and placing @Doe in an out-group; the primary expressed emotion is anger at the decision."
770625594157625349,test,zero-shot,repwesterman,johnboozman,This is where it all starts. I'm excited to join Sen. @JohnBoozman on the #Seed2Sawmill Tour. #ar4  https://t.co/uKAqGVhYJ4,In-Group,In-Group,Joy,Joy,"The speaker uses collaborative language ('join Sen. @Doe') and expresses positive personal excitement, indicating alignment with @Doe's group; the primary emotion expressed toward @Doe is Joy, conveyed through 'I'm excited to join'."
684815120363577344,test,zero-shot,repspeier,speakerryan,Heres my speech about @SpeakerRyan's flabby effort to defund #PlannedParenthood  https://t.co/jrx2tZOEzh #StandWithPP  https://t.co/ugBdaA8tmZ,Out-Group,Out-Group,Anger|Disgust,Anger|Disgust,"The speaker uses the derogatory term 'flabby effort' to describe @Doe's action, indicating criticism and opposition, placing @Doe in an out-group; the tone conveys anger and disgust toward the effort."
324905367408615424,test,zero-shot,repjudychu,repjohnconyers,Hitting the high notes with @WhipHoyer &amp; @RepJohnConyers at the #GrammyOnTheHill Awards last night.  http://t.co/L9PFsHo4KG,In-Group,In-Group,None,Interest,"The speaker uses inclusive, collaborative language ('with') and shares a positive social event, indicating they are part of the same social or professional group; the tweet is a neutral, factual announcement of attendance with no emotional expression directed at @Doe."
1271145437651664897,test,zero-shot,repdeanphillips,repbrianfitz,"That's why @RepBrianFitz and I introduced the bipartisan TRUTH Act, to provide accountability and ensure American taxpayers know where their money went. Have a look, below👇#transparency  https://t.co/KdI0d3nLDt",In-Group,Out-Group,None,Interest,"The speaker uses 'and I' to align with @Doe as a collaborative partner, indicating an in-group relationship; the tweet's tone is informational and promotional, expressing no clear emotion toward @Doe."
686679238276157440,test,zero-shot,senblumenthal,senatorbarb,"On this #NationalMilkDay, I'm reminded of this udderly refreshing moment w/@SenatorBarb on the Senate Floor in 2014:  https://t.co/6UyVB7ec4j",In-Group,In-Group,Admiration|Joy,Joy,"The speaker uses a shared, positive memory ('refreshing moment') and a playful pun ('udderly') with @Doe, indicating camaraderie and shared experience typical of an in-group relationship; the tone is nostalgic and appreciative, suggesting admiration and joy."
1344689461028904960,test,zero-shot,warrendavidson,reptedbudd,"Restaurants have been hard-hit as governments arbitrarily shut down dining. State and local governments cannot expect federal aid if they aren't doing the minimum to help businesses survive during COVID. I'm proud to join @RepTedBudd in cosponsoring the Save our Servers Act.""",In-Group,In-Group,None,Admiration|Joy,"The speaker expresses alignment and shared action with @Doe ('I'm proud to join @Doe'), indicating an in-group relationship, but the statement is a policy announcement with no clear emotional expression directed at @Doe."
327486684545556480,test,zero-shot,senatorcollins,markudall,"Sen. Collins, @MarkUdall offer bill to give FAA flexibility &amp; avoid further disruption to air travel:  http://t.co/wHpXdvlS3a",In-Group,Out-Group,None,Interest,"The tweet is a neutral, factual announcement of a legislative action; the speaker appears to be reporting on or aligned with the senator's efforts, indicating an in-group perspective, but no specific emotion toward @Doe is expressed."
830783243481968641,test,zero-shot,replowenthal,repstevechabot,"As Co-Chairs of Cong Cambodia Caucus, @RepSteveChabot &amp; I sent letter to Sec Tillerson to call for free &amp; fair #elections in #Cambodia.",In-Group,Out-Group,None,Interest,"The speaker identifies @Doe as a co-chair of the same caucus, indicating a shared professional/political group, and the tweet's tone is neutral and factual, reporting a collaborative action without expressing any clear emotion toward @Doe."
1265741480154578946,test,zero-shot,repmichaelguest,speakerpelosi,Americans are getting back to work &amp; they deserve Members of Congress who work on their behalf. Almost 70 Dems are absent from Washington. I’m in D.C. to call on @SpeakerPelosi to change her unconstitutional proxy voting rule so we can get back to work for the American people.  https://t.co/FPANwmOrKD,Out-Group,Out-Group,Anger,Anger|Disgust,"The speaker criticizes @Doe's rule and calls for its change, indicating a confrontational stance toward an out-group political figure; the tone suggests frustration or anger, but no other specific emotions are directed at @Doe."
363336559942041600,test,zero-shot,speakerboehner,reptomprice,"House stands with the American people, passes @RepTomPrice bill to get the #IRS out of #ObamaCare  http://t.co/qkOk0fPgo4 #stoptheIRS",In-Group,In-Group,None,None,"The speaker (House) aligns with 'the American people' and supports @Doe's bill, indicating an in-group relationship; the tweet is a factual announcement of legislative action with no clear emotional expression toward @Doe."
712044272598568961,test,zero-shot,repdavejoyce,reploiscapps,"Great to speak w/ the American Association of Colleges of Nursing &amp; honor my good friend, @RepLoisCapps  https://t.co/CsW7CNDQfz",In-Group,Out-Group,Admiration|Joy,Joy,"The speaker refers to @Doe as 'my good friend,' indicating a personal, positive in-group relationship; the emotions expressed toward @Doe are positive, specifically admiration and joy."
1336689019279781889,test,zero-shot,senwarren,repjerrynadler,"As a law professor, I found that most bankruptcies are from an illness, job loss, or family death/breakup. COVID is pushing families over a financial cliff, and our system isn't providing relief. So @RepJerryNadler and I have a new bill to #FixBankruptcy.  https://t.co/iBSGn1aNzu  https://t.co/65tLDH645W",In-Group,In-Group,None,None,"The speaker uses 'our system' and 'I' and '@Doe' collaboratively, indicating a shared in-group identity focused on legislative action; the tweet is a factual policy announcement with no emotional expression directed at @Doe."
1271197203781091328,test,zero-shot,repanthonybrown,repdonbacon,".@RepDonBacon and I introduced bipartisan legislation to rename military assets named after Confederates. We shouldn't honor those who fought for disunion and oppression.  As vets we know these long overdue changes matter to our soldiers, history and character of this country.",In-Group,Out-Group,None,None,"The speaker uses collaborative language ('@Doe and I introduced', 'As vets we know') indicating @Doe is part of their in-group, and the tweet expresses a policy position without a clear emotional sentiment directed at @Doe."
839889667172487168,test,zero-shot,repsarbanes,speakerryan,.@SpeakerRyan is “not concerned” that repeal plan gives huge tax cuts to insurance execs &amp; rich people while the rest of us #PayMoreForLess  https://t.co/ux1rDM1uDI,Out-Group,Out-Group,Anger|Disgust,Anger|Disgust,"The speaker contrasts @Doe and 'insurance execs & rich people' with 'the rest of us,' linguistically placing @Doe in an out-group; the tone is accusatory and critical, expressing anger and disgust at @Doe's stated lack of concern for negative impacts on the speaker's group."
674720761832165380,test,zero-shot,repmarciafudge,repbarbaralee,I’m joining  @RepBarbaraLee on the House floor to call for greater action to address poverty in America. #TalkPoverty,In-Group,In-Group,None,Interest,"The speaker uses collaborative language ('joining') and shares a common goal, indicating alignment with @Doe. The tweet is a factual announcement of joint action with no emotional expression directed at @Doe."
819235605775269888,test,zero-shot,repmikerogersal,repjimcooper,Check out @repjimcooper and my op-ed on the tenth anniversary of the Chinese ASAT Missile Test.  https://t.co/fe6whjszZX,In-Group,Out-Group,None,Interest,"The speaker uses collaborative language ('my op-ed') and includes @Doe as a co-author, indicating a shared in-group affiliation; the tweet is a neutral announcement promoting joint work, expressing no clear emotion toward @Doe."
309038149890355200,test,zero-shot,repmckinley,speakerboehner,#SpendingIsTheProblem Check out this video from @SpeakerBoehner   http://t.co/qntQ0qoFs4 and tell us what you would cut using -&gt; #CutWaste,In-Group,In-Group,Interest,Interest,"The speaker uses inclusive language ('tell us') and shares @Doe's content to promote a shared cause (#CutWaste), indicating alignment. The tone is promotional and invites engagement, showing Interest in @Doe's message but no other clear emotion."
1290396633281306627,test,zero-shot,repdeanphillips,repangiecraig,I have my friend and colleague @RepAngieCraig and her district team on my mind. Patriots do not threaten to our public servants and their staff. They protect them. Please join me in condemning such appalling behavior.,In-Group,In-Group,Admiration,None,"The speaker refers to @Doe as 'my friend and colleague' and uses 'our' for public servants, linguistically marking them as part of the same group; the expressed emotion toward @Doe is protective and supportive, aligning with Admiration."
306871933876719616,test,zero-shot,repfinchertn08,tulsipress,Thank you Congresswoman @TulsiPress and your parents for the wonderful toffee. My entire office loves…  http://t.co/ijuV240oHe,In-Group,Out-Group,Admiration|Joy,Joy,"The speaker uses a polite, appreciative tone ('Thank you') and mentions shared enjoyment ('My entire office loves'), indicating a friendly, cooperative relationship with @Doe. The emotions expressed are admiration (for the gift and likely the person) and joy (from receiving and enjoying the gift)."
1242834554425151490,test,zero-shot,repdavejoyce,repmikequigley,.@RepMikeQuigley and I are proud to fight for the unsung heroes of our nation’s health care system 🏥  Congress needs to provide them with the resources necessary to overcome the challenges that lie ahead as we work to combat the #coronavirus outbreak.,In-Group,Out-Group,Admiration|Joy,Interest,"The speaker uses 'we' and includes @Doe as a collaborator ('@Doe and I are proud'), indicating an in-group relationship; the tone expresses admiration for 'unsung heroes' and collective joy in fighting for them."
1242463191592054785,test,zero-shot,repandybarr,repdeanphillips,"To my friend @RepDeanPhillips and my other Democrat colleagues asking for oversight over the $500 billion Exchange Stabilization Fund, let me remind you: YOU are the oversight. In fact, you serve on the FSC Oversight Subcommittee with me.",In-Group,Out-Group,None,None,"The speaker addresses @Doe as 'my friend' and 'my other Democrat colleagues,' establishing a shared in-group identity; the tone is a factual reminder with no clear emotional expression toward @Doe."
1242428198056419330,test,zero-shot,reptimryan,reprokhanna,I'm trying to shift the focus to smaller businesses and workers so we can get money directly to the American people. cc: @RepRoKhanna  https://t.co/hg4XrgojuM,In-Group,In-Group,None,None,"The speaker uses inclusive language ('we', 'the American people') and discusses a shared goal, indicating an in-group orientation; the tweet is a policy statement directed at @Doe with no emotional expression toward them."
722047048371994626,test,zero-shot,senatorsinema,repgwenmoore,Happy birthday @RepGwenMoore!,In-Group,In-Group,Joy,Interest|Joy,"The tweet is a direct, friendly birthday greeting, indicating a positive personal connection, and the expressed 'Happy' conveys Joy toward @Doe."
704720167490752513,test,zero-shot,chrismurphyct,speakerryan,"Voters aren't that dumb, @SpeakerRyan.  It's your caucus, not Trump, that won't re-up the Voting Rights Act.  https://t.co/aLwFUjwIBM",Out-Group,Out-Group,Anger,Anger|Disgust,"The speaker addresses @Doe directly with a critical, accusatory tone, blaming @Doe's caucus for a policy failure, which positions @Doe as an out-group target. The primary emotion conveyed is anger, evident in the confrontational and blaming language."
809144433400639488,test,zero-shot,martinheinrich,chrismurphyct,Thank you @ChrisMurphyCT for being a leading voice against gun violence.,In-Group,In-Group,Admiration,Admiration,"The speaker thanks @Doe and praises them as a 'leading voice,' indicating alignment and positive regard, which suggests an in-group relationship and the emotion of admiration."
810832067772747777,test,zero-shot,senatorsinema,repadriansmith,Happy birthday @RepAdrianSmith!,In-Group,Out-Group,Joy,Interest|Joy,"The tweet is a direct, friendly birthday greeting, indicating a positive personal connection, and the expressed 'Happy' conveys Joy toward @Doe."
781238516957208577,test,zero-shot,senatorkirk,michaelcburgess,Thanks @michaelcburgess - this bill will help improve national trauma response with military-civilian partnerships  https://t.co/gfimP7O9E4,In-Group,In-Group,Admiration,Joy,"The speaker thanks @Doe and positively endorses their bill, using collaborative language ('military-civilian partnerships'), indicating alignment and shared goals."
722496916546830336,test,zero-shot,stevescalise,repgrothman,The IRS is making it harder for taxpayers to access instruction documents. @RepGrothman's bill keeps them available.  https://t.co/qe3u5hBpR2,In-Group,In-Group,Admiration,Interest,"The speaker aligns with @Doe by positively contrasting their bill's effect against the IRS's action, using a supportive tone that frames @Doe as part of a shared in-group (e.g., taxpayers or political allies). The emotion expressed is positive endorsement, fitting Admiration."
745984536849293312,test,zero-shot,repscottrigell,senatorcollins,@shamrock_jamie I support policies in @SenatorCollins' bipartisan #TerroristFirearmsPrevention Act. Will act on similar bill in House.,In-Group,In-Group,None,None,"The speaker expresses support for @Doe's policy and announces intent to act on a similar bill, indicating alignment and shared goals, but the statement is a factual policy announcement with no clear emotional expression toward @Doe."
347466128819363844,test,zero-shot,jeffflake,senjohnthune,Tiime to put the death tax six feet under. Cosponsored @SenJohnThune’s #deathtaxrepeal bill today.,In-Group,In-Group,Admiration,Interest,"The speaker is cosponsoring @Doe's bill, indicating alignment and collaboration, which is an in-group action; the act of cosponsoring implies support and positive regard, which aligns with Admiration."
1276180944421036034,test,zero-shot,repbrianfitz,repconorlamb,"Recently, I joined @RepConorLamb in leading a bipartisan letter urging support for veterans in the next round of #COVID19 relief. Congress must do everything in our power to support our veterans, especially by addressing employment and job training.  https://t.co/bJfBvmkX9q",In-Group,Out-Group,None,None,"The speaker uses collaborative language ('joined @Doe in leading') and collective pronouns ('our power'), indicating a shared in-group identity; the tweet is a factual announcement of joint action with no emotional expression directed at @Doe."
1239527815386726400,test,zero-shot,repandykimnj,repdavid,"Hopeful that @RepDavid staff are safe and recover quickly. ICYMI last night, I've closed my DC office until further notice in response:  https://t.co/Y1yz2z8IpA",In-Group,Out-Group,None,Sadness,"The speaker expresses concern and solidarity with @Doe's staff, using a supportive tone and sharing a related personal action, which suggests an in-group alignment. No clear emotion toward @Doe is expressed; the tweet focuses on well-wishes and a factual update."
347354747944202240,test,zero-shot,sendonnelly,senatorcollins,"Today, Joe will join @SenatorCollins for a press conference to propose changes to the #AffordableCareAct.  http://t.co/B4VdJfxkMS",In-Group,Out-Group,None,Interest,"The tweet is a neutral, factual announcement of an event; the speaker uses no language indicating group affiliation or any emotional stance toward @Doe."
663717707548790784,test,zero-shot,senatorsinema,repjohnkatko,Happy birthday @RepJohnKatko!,In-Group,Out-Group,Joy,Joy,"The tweet is a direct, friendly birthday greeting, indicating a positive personal connection, and the expressed 'Happy' conveys Joy toward @Doe."
661564260808581125,test,zero-shot,senatorcarper,senjoniernst,.@SenJoniErnst &amp; I are asking VA to give veterans more info about status of flight programs  https://t.co/Ou5hsS4H0J  https://t.co/3HBOjNPDuo,In-Group,Out-Group,None,None,"The speaker uses '&amp; I' to indicate collaboration with @Doe, framing them as part of a shared team or effort, and the tweet's tone is neutral and informational, expressing no discernible emotion toward @Doe."
386175086819934209,test,zero-shot,senatorcardin,speakerboehner,We want to negotiate a budget for next year but you can't do it w/a gun to your head. @SpeakerBoehner #JustVote - Ben  http://t.co/CTCoRXcbMP,Out-Group,Out-Group,None,Anger|Disgust,"The speaker uses the adversarial metaphor 'a gun to your head' to characterize @Doe's actions, framing them as an opponent or external force, which is an out-group cue. The tweet expresses a procedural complaint, not a clear, specific emotion toward @Doe."
1241757339029508099,test,zero-shot,jimlangevin,repdonbacon,"We have a duty to keep nurses, doctors &amp; 1st responders confronting #COVID-19 safe. I’m proud legislation I authored w/@RepDonBacon to help get more respirators into the field was signed into law. I'll continue to fight to make important supplies available  https://t.co/tAtmYvVtpv  https://t.co/VeY78WxGNQ",In-Group,Out-Group,None,Joy,"The speaker uses collaborative language ('I authored w/@Doe') and a positive, proud tone, indicating @Doe is a colleague or ally, not a target of emotional expression."
1248026586978217985,test,zero-shot,repfredkeller,senwarren,"""Private institutions or schools partnering with the business community are currently filling the need for training in skills necessary for in-demand jobs.""  @SenWarren is wrong to keep non-traditional institutions of opportunity away from relief funding.   https://t.co/kCXpPLnr8W",Out-Group,Out-Group,Anger,Anger|Disgust,"The speaker directly opposes @Doe's position, using the phrase 'is wrong to,' which indicates a critical, oppositional stance toward an out-group figure, with the negative judgment conveying Anger."
1288287279132348416,test,zero-shot,repsylviagarcia,repspeier,"Tomorrow, the House Armed Services Military Personnel Subcommittee will have a hearing on Vanessa Guillén &amp; sexual violence in the military.  Gracias @RepSpeier for making this happen. Together we’ll get #JusticeForVanessaGuillén &amp; her family!  Tune in:  https://t.co/zX9dvvlgcJ  https://t.co/6RASRmaeHp",In-Group,In-Group,Admiration,Admiration|Interest|Joy,"The speaker uses 'Gracias' and 'Together we’ll get' to align with @Doe in a shared cause, indicating an in-group relationship, and expresses clear admiration for @Doe's action in making the hearing happen."
844645752655659008,test,zero-shot,repjayapal,repcicilline,".@RepCicilline reading a letter from Sarah, a constituent: Oppose #TrumpCare. The wealthy don't need any more handouts.  https://t.co/opKrbFAInB",In-Group,In-Group,None,Interest,"The speaker is sharing a constituent's message opposing a policy, aligning with @Doe's implied position, indicating an in-group relationship; the tweet is a factual report with no emotional expression directed at @Doe."
1286348184906850304,test,zero-shot,lisamurkowski,senwhitehouse,"I’m proud that my legislation with @SenWhitehouse, the BLUE GLOBE Act, which prioritizes innovation and development of technology, was approved by the Senate Commerce, Science, and Transportation Committee by voice vote yesterday.   https://t.co/BSuA2sMRg1  https://t.co/NZAAFOrdwr",In-Group,Out-Group,None,Joy,"The speaker uses collaborative language ('my legislation with @Doe') and expresses pride in a shared accomplishment, indicating an in-group relationship; the tweet is a factual announcement of legislative progress with no clear emotional expression directed at @Doe."
380710947112759296,test,zero-shot,senwarren,mikecrapo,.@MikeCrapo and I introduced an amendment to study cost savings &amp; encourage the use of energy efficiency technology:  http://t.co/oOjpFu3S2R,In-Group,Out-Group,None,None,"The speaker uses 'and I' to indicate collaboration with @Doe, placing them in the same group, and the tweet is a neutral, factual announcement of a joint legislative action with no emotional expression directed at @Doe."
1256285157709021184,test,zero-shot,repjimmypanetta,repdankildee,"During this pandemic, we need #StrongUI benefits to support families. I'm proud to join @RepDanKildee in introducing legislation to expand &amp; strengthen unemployment benefits to make sure workers with reduced hours and recent college graduates don’t fall through the cracks.",In-Group,In-Group,None,Joy,"The speaker uses 'we' and 'I'm proud to join,' indicating alignment and collaboration with @Doe, marking them as In-Group. The tweet expresses policy support but no clear, specific emotion directed at @Doe."
841403110060904449,test,zero-shot,rosadelauro,speakerryan,Shame on @SpeakerRyan for trying to kick 24 million Americans off their health care to give tax cuts to the wealthy.  https://t.co/mjtX2fqFDl,Out-Group,Out-Group,Anger|Disgust,Anger|Disgust,"The speaker uses a condemnatory phrase ('Shame on @Doe') and frames @Doe's actions as harming the speaker's in-group ('Americans'), clearly marking @Doe as an adversarial out-group. The tone conveys moral condemnation (Anger/Disgust) toward @Doe's policy position."
1254888146438889472,test,zero-shot,greschenthaler,gopleader,The #PaycheckProtectionProgram is saving small businesses across the country. Thanks @GOPLeader for showing just how much this program is doing to provide small businesses with the tools they need to get through this and come back stronger than ever after #COVID19.,In-Group,In-Group,Admiration,Admiration|Joy,"The speaker uses supportive, appreciative language ('Thanks @Doe') and aligns with @Doe's positive framing of the program, indicating a shared perspective and in-group affiliation. The primary expressed emotion toward @Doe is Admiration for their work in highlighting the program's benefits."
335112155324092416,test,zero-shot,repthomasmassie,repwalterjones,Thanks @RepWalterJones for signing my letter against the #InternetTax. #NoNetTax,In-Group,In-Group,Admiration|Joy,Joy,"The speaker thanks @Doe for collaborative action on a shared cause, indicating alignment and positive sentiment."
779105646222438401,test,zero-shot,gkbutterfield,reppittenger,".@reppittenger, your hateful and divisive rhetoric is exceedingly disappointing. Your constituents deserve better. #ncpol  https://t.co/1OdfwEZTGr",Out-Group,Out-Group,Anger|Disgust|Sadness,Anger|Disgust,"The speaker criticizes @Doe's rhetoric as 'hateful and divisive' and 'disappointing,' indicating a negative judgment from an opposing perspective, and the emotions conveyed are Anger, Disgust, and Sadness."
719510326400581632,test,zero-shot,senatorsinema,repkevinbrady,Happy birthday @RepKevinBrady!,In-Group,Out-Group,Joy,Joy,"The tweet is a direct, friendly birthday greeting, indicating a positive personal connection, and the expressed 'Happy' conveys Joy toward @Doe."
816339954200641537,test,zero-shot,reptomemmer,repbrianmast,"Looking forward to working with my friend, @RepBrianMast in the 115th Congress! He is a great man who will do great things for #FL18!",In-Group,In-Group,Admiration|Joy,Admiration|Joy,"The speaker refers to @Doe as 'my friend' and a 'great man,' indicating a shared in-group identity and collaborative context; the expressed emotions are positive admiration and joy about future collaboration."
1253715036436148225,test,zero-shot,repnewhouse,repwesterman,"Happy #ArborDay to #WA04! We have a lot to celebrate today &amp; everyday. Through legislation like @RepWesterman's Trillion Trees Act, we can ensure that our trees &amp; forests grow, stay healthy, and continue to provide benefits for generations to come.    https://t.co/iLwoHBf4f7",In-Group,In-Group,Admiration,Admiration,"The speaker uses inclusive language ('we') and celebrates a shared goal, positioning @Doe as a collaborator within their political/ideological group; the tone is supportive and approving, expressing admiration for @Doe's legislation."
752597461412241408,test,zero-shot,repbyrne,repadams,The House will soon debate a bill I introduced w/ @RepAdams to help #HBCUs with infrastructure improvements. Watch:  https://t.co/pR9Wd0OKWf,In-Group,Out-Group,None,Interest,"The speaker uses collaborative language ('I introduced w/ @Doe') indicating a shared professional/political in-group, and the tweet is a neutral, informational announcement about a bill with no emotional expression directed at @Doe."
1361797504774385670,test,zero-shot,repdavideprice,speakerpelosi,.@SpeakerPelosi is right: we need a 9/11-style commission to investigate the events that led to the insurrection at the Capitol and provide recommendations to prevent future attacks.,In-Group,In-Group,Admiration,Admiration|Interest,"The speaker uses 'we' and aligns with @Doe's call for action, indicating shared group membership; the statement expresses agreement and endorsement, which conveys Admiration."
1252724425033744387,test,zero-shot,repjasoncrow,repperlmutter,"Ran into my friend @RepPerlmutter on my flight today. We’re on our way back to Washington to vote on a package to replenish essential funding for small business loans, allocate $75 billion for hospitals, and $25 billion for coronavirus testing.  https://t.co/P2xUaS190V",In-Group,In-Group,None,Joy,"The speaker refers to @Doe as 'my friend' and describes a shared professional journey, clearly indicating an in-group relationship; the tweet is a neutral, factual update about legislative work with no emotional expression directed at @Doe."
1252706095027675137,test,zero-shot,repdwightevans,congressmangt,Today my PA colleague @CongressmanGT &amp; I introduced a bill to provide a 4-month federal income-tax holiday for grocery and convenience store employees - they are serving on the front lines:  https://t.co/90OyKbGdpF,In-Group,Out-Group,None,None,"The speaker refers to @Doe as 'my PA colleague,' indicating a shared professional and likely political in-group; the tweet is a factual announcement of a joint legislative action with no emotional expression directed at @Doe."
1252655163447414784,test,zero-shot,repmaloney,repcicilline,"On top of other financial stress, no one should be worried about predatory overdraft fees. That’s why today I joined with @RepCicilline to introduce the Stop Overdraft Profiteering During #COVIDー19 Emergency Act.  https://t.co/QlKSYbVfRg",In-Group,In-Group,None,Interest,"The speaker uses collaborative language ('joined with @Doe') and shares a common goal, indicating an in-group relationship; the tweet is a policy announcement expressing no clear emotion toward the mentioned individual."
335142926227222528,test,zero-shot,jahimes,chrismurphyct,.@ChrisMurphyCT Now you've done it.... #shotsfired #shakeandbake  http://t.co/MR6ngpBoiK,In-Group,In-Group,None,Interest,"The phrases 'Now you've done it' and '#shotsfired #shakeandbake' suggest a playful, competitive, or provocative tone typical of in-group banter, but no specific emotion toward @Doe is clearly expressed."
720332167859953665,test,zero-shot,repryanzinke,stevedaines,"Great day for @SteveDaines and I to meet students from Conrad, Libby and White Sulphur Springs. #mtpol  https://t.co/BmwjOsPYuX",In-Group,In-Group,None,Joy,"The speaker uses 'and I' to include themselves with @Doe, indicating a shared activity and group affiliation. The tweet is a neutral, factual announcement of an event with no emotional expression directed at @Doe."
842707096500101120,test,zero-shot,senatorsinema,repdavejoyce,Happy birthday @RepDaveJoyce!,In-Group,Out-Group,Joy,Joy,"The tweet is a direct, friendly birthday greeting, indicating a positive personal connection, and the expressed 'Happy' conveys Joy toward @Doe."
720383531445272576,test,zero-shot,repswalwell,reprubengallego,"Ahem, @RepRubenGallego  https://t.co/KPb0RgVWr4",Out-Group,In-Group,None,None,"The tweet contains only a throat-clearing interjection ('Ahem') and a link directed at @Doe, providing no linguistic cues to determine a group relationship or express any specific emotion toward the target."
720618286703120384,test,zero-shot,jimlangevin,senwhitehouse,ICYMI I introduced a drone safety bill this week. Kudos @SenWhitehouse for your leadership on this in the Senate  https://t.co/QTifrZxXw5,In-Group,In-Group,Admiration,Joy,"The speaker uses collaborative language ('I introduced...', 'Kudos...for your leadership') and a positive, congratulatory tone, indicating they are addressing a colleague or ally within a shared political context."
1187012983144243201,test,zero-shot,lindseygrahamsc,speakerpelosi,Our thoughts and prayers are with @SpeakerPelosi and her entire family as they grieve the passing of her brother Thomas J. D’Alesandro III.   This has been a family of consequence for Baltimore and our nation for decades.    May he rest in peace.       https://t.co/OS2A63dvWr,In-Group,Out-Group,Admiration|Sadness,Sadness,"The speaker uses collective pronouns ('our') and frames the family as consequential to 'our nation,' signaling shared identity; the tone expresses admiration for the family's legacy and sadness for their loss."
1369001846099021827,test,zero-shot,reptedbudd,speakerpelosi,"Democrats oppose a wall on OUR border to protect OUR citizens, but DC politicians are still hiding behind militarized fencing.  Enough is enough.  It’s time for @SpeakerPelosi to take down this fence.  #ReopenTheHouse #ReopenAmerica  https://t.co/uYDyxy2RnT",In-Group,Out-Group,Anger,Anger|Disgust,"The speaker uses 'OUR' to align with a collective, likely conservative/America-first group, and addresses @Doe as a member of that in-group to demand action; the tone is accusatory and frustrated, expressing Anger toward @Doe for inaction."
1357449443411427329,test,zero-shot,repdavidkustoff,repjoshg,"We've seen Iran become a leading state sponsor of terrorism, build up its nuclear weapons capability, &amp; endanger countries in the Middle East, including Israel. Learn how my &amp; @RepJoshG's bill will help expose the corrupt nature of this dangerous regime.  https://t.co/O0DRJIIcCI",Out-Group,Out-Group,None,Admiration,"The speaker is discussing the out-group (Iran) as a dangerous adversary, and the tweet expresses no clear emotion toward @Doe, instead focusing on policy and the threat from Iran."
464483973327253504,test,zero-shot,repfleming,senlandrieu,".@SenLandrieu House Republicans passed #KeystoneXL bills in 2011, 12, 13. To my Senate Democrat friends &amp; POTUS: what are you waiting for?",Out-Group,Out-Group,None,Interest,"The speaker addresses 'Senate Democrat friends & POTUS' as a distinct group, using a rhetorical question that implies criticism but does not express a clear, specific emotion toward @Doe."
877918685805121536,test,zero-shot,gerryconnolly,repterrisewell,"4 yrs ago, #SCOTUS gutted the Voting Rights Act. Proud to support @RepTerriSewell's Voting Rights Advancement Act. #RestoreTheVote",In-Group,In-Group,Admiration,Interest|Joy,"The speaker expresses alignment and support ('Proud to support') for @Doe's legislative action, indicating an in-group relationship; the clear positive endorsement signals admiration for @Doe's work."
1113913986137903105,test,zero-shot,senthomtillis,senfeinstein,.@SenFeinstein and I introduced a resolution that designates April as Countering International Parental Child Abduction month and instructs the federal government to educate state &amp; local law enforcement about the issue and how to combat it. #IPCAMonth  https://t.co/3Z78NxSZQK,In-Group,Out-Group,None,None,"The speaker uses collaborative language ('and I introduced') and refers to a shared action with @Doe, indicating they are part of the same political/legislative group; the tweet is a neutral, factual announcement of a joint resolution, expressing no discernible emotion toward @Doe."
1113843755956736001,test,zero-shot,repbrownley,sensherrodbrown,".@SenSherrodBrown and I introduced a bill today to allow children of disabled vets to remain eligible for VA healthcare until they are 26 years old – the same coverage required under the #ACA for private-sector insurance plans, as well as the military’s TRICARE program.  https://t.co/nq0iZPyvW4",In-Group,In-Group,None,None,"The speaker uses collaborative language ('@Doe and I introduced a bill') and discusses shared legislative action, indicating a colleague or ally relationship; the tweet is a neutral, factual announcement of policy work with no emotional expression directed at @Doe."
999381351634743299,test,zero-shot,senatorenzi,mikekellypa,Led a letter to President Trump with @MikeKellyPA and 78 other members to ensure the government protects faith-based organizations that provide child welfare services from losing federal funding because of their religious faith.  https://t.co/7g6Bk8UjQK,In-Group,In-Group,None,None,"The speaker mentions @Doe as a collaborator in a joint action, indicating a shared group identity and purpose; the tweet is a factual announcement with no emotional expression directed at @Doe."
1110905412092608512,test,zero-shot,repbeatty,speakerpelosi,"Happy Belated Birthday, @SpeakerPelosi!  https://t.co/l8xAYL1Bu8",In-Group,In-Group,Joy,Joy,"The tweet is a friendly, direct birthday greeting using a celebratory tone ('Happy Birthday'), which suggests a personal or group affiliation with @Doe, and expresses a positive emotion of joy in the well-wishing."
928082294862155776,test,zero-shot,repbeatty,speakerryan,"FACT: @SpeakerRyan has not allowed one bill to have an open rule, which allows members to propose changes to a bill  https://t.co/nbIoYEAS6u",Out-Group,Out-Group,None,Anger|Disgust,"The tweet presents a factual, critical statement about @Doe's procedural actions, using a formal, accusatory tone that distances the speaker from @Doe's group. No clear emotion toward @Doe is expressed; it is a neutral statement of fact."
928714520670932997,test,zero-shot,repdonbeyer,repbillfoster,"I agree with physicist and @SciCmteDems colleague @RepBillFoster -- scientific advise at EPA should be rigorous and independent.  Instead, Scott Pruitt is relentlessly trying to politicize it.  https://t.co/cxQYv2XDXA",In-Group,In-Group,Admiration,Admiration|Interest,"The speaker refers to @Doe as a 'colleague' and explicitly agrees with them, indicating shared group affiliation and positive alignment."
929775459251949571,test,zero-shot,jimlangevin,senjackreed,Happy birthday @SenJackReed !,In-Group,In-Group,Joy,Joy,"The tweet is a direct, friendly birthday greeting, indicating a positive personal connection, and the expressed sentiment is celebratory joy directed at @Doe."
930518990451085314,test,zero-shot,repdonbeyer,reptedlieu,My colleague @RepTedLieu just pressed Attorney General Sessions' over his answers on security clearance paperwork related to Russia.  Sessions previously attested on his SF-86 that he had *not* had contact with representatives of a foreign government. He reversed himself today.  https://t.co/XPJilcl0Fv,In-Group,In-Group,Interest,Admiration|Interest,"The speaker refers to @Doe as 'my colleague,' establishing an in-group relationship; the tone is factual and reportorial, expressing interest in the event but no clear positive or negative emotion toward @Doe."
593866157750353920,test,zero-shot,repcartwright,repdold,Today I introduced the Nonprofit Energy Efficiency Act with the support of @RepDold! Read about the bill here --&gt;  http://t.co/jg5YP6ZmGV,In-Group,Out-Group,None,Joy,"The speaker mentions @Doe as a supporter of their bill, indicating a collaborative, same-group relationship; the tone is neutral and informational, expressing no clear emotion toward @Doe."
593829729037324288,test,zero-shot,reptomemmer,reprobinkelly,"Happy Birthday, @RepRobinKelly! As a gift, we all chipped in and got you a bunch of amendment votes.",In-Group,Out-Group,Joy,Joy,"The tweet uses a friendly, celebratory tone ('Happy Birthday') and a collective 'we' to indicate shared group membership, and the primary expressed emotion toward @Doe is Joy in the context of a birthday gift."
1103397029437423616,test,zero-shot,repkatiehill,reprobinkelly,"We're talking about the #VA, specifically the #GAO report that the VA has ""leadership instability"" as well as ""inadequate oversight and accountability"" -- our veterans in #CA25 deserve a VA worthy of their service.   Thank you to @RepRobinKelly for your questions on this issue.",In-Group,In-Group,Admiration,Joy,"The speaker uses 'our veterans' and frames the issue as a shared concern for a deserving group, aligning themselves with the veterans; the tone toward @Doe is explicitly appreciative ('Thank you'), indicating Admiration."
935978408907034624,test,zero-shot,mikekellypa,repjoecourtney,"Proud to lead a bipartisan coalition w/@RepJoeCourtney to repeal the unfair ""Cadillac Tax"" on employer-sponsored health care plans. Read our letter to Speaker Ryan/Leader Pelosi, signed by 140 House Reps &amp; Dems:  https://t.co/u06qTL8zxx Our bipartisan bill:  https://t.co/TU3HPTf47M",In-Group,Out-Group,None,Joy,"The speaker uses collaborative language ('lead a bipartisan coalition w/@Doe') and includes @Doe as a partner in a shared legislative effort, indicating an in-group relationship; the tweet is a factual announcement of policy action with no emotional expression directed at @Doe."
464463913128833025,test,zero-shot,senmikelee,senalexander,Good op-ed by @SenAlexander on need to eliminate wind energy subsidies. GOP needs to become voice of anti-cronyism:  http://t.co/Ojegox9OyF,In-Group,In-Group,Admiration,Interest,"The speaker praises @Doe's op-ed and aligns with the GOP's need to adopt the position, indicating shared group affiliation and positive regard."
469919959377006592,test,zero-shot,senatorkirk,senatorbarb,.@senatorbarb and I are leading a bipartisan effort for Pres. Obama to strengthen our commitment to Poland  http://t.co/U2Z8ZFpi1u,In-Group,Out-Group,None,None,"The speaker uses 'and I' and 'our commitment,' indicating collaboration and shared goals with @Doe, placing them in the same group; the tone is factual and declarative, expressing no discernible emotion toward @Doe."
590957858025504769,test,zero-shot,repdankildee,repdebdingell,Now hosting briefing on currency with @RepDebDingell. #TPP w/o currency provisions is bad for workers! #StopFastTrack  http://t.co/f6b0ZakJYU,In-Group,In-Group,None,None,"The speaker is co-hosting a briefing with @Doe, indicating a collaborative, same-side relationship; the tweet expresses a policy position but no clear emotional stance toward @Doe."
938874757017161728,test,zero-shot,replowenthal,speakerryan,".@SpeakerRyan plans to add a trillion $ in new debt with tax cuts for his billionaire donors, &amp; now announces that he’s coming for Medicare and social security. The American people will NEVER accept this galling hypocrisy. This is madness.   https://t.co/LEFIg80vPC",Out-Group,Out-Group,Anger|Disgust,Anger|Disgust,"The speaker uses 'his billionaire donors' and labels @Doe's actions as 'galling hypocrisy' and 'madness,' clearly positioning @Doe as an adversarial out-group. The tone conveys Anger and Disgust toward @Doe's policies and perceived hypocrisy."
1100547348579659776,test,zero-shot,repadamsmith,joaquincastrotx,It is dangerous &amp; wrong for the President to circumvent Congress by stealing funds from military readiness for his political agenda. I strongly support Congressman @JoaquinCastrotx's resolution to terminate the #FakeEmergency. We will continue to fight this unlawful power grab.,In-Group,In-Group,Admiration,Admiration,"The speaker aligns with Congressman @Doe by expressing strong support for his resolution and using collective language like 'We will continue to fight,' indicating an in-group relationship. The only clear emotion toward @Doe is Admiration, shown through the explicit statement of strong support."
939504045655494657,test,zero-shot,repkarenbass,speakerryan,Cc: @SpeakerRyan. Thoughts on the below from the man you appointed to be CHAIRMAN of the Subcommittee on the Constitution &amp; Civil Justice? What does your tolerance and protection show your children?  https://t.co/dhBCs2TCPE,Out-Group,Out-Group,None,Anger|Disgust,"The speaker is addressing @Doe with a critical, questioning tone about an appointment and its implications, indicating they view @Doe as part of a different political or ideological group; the tweet poses rhetorical questions but does not express a clear, specific emotion toward @Doe."
1098783436444221441,test,zero-shot,pattymurray,lisamurkowski,"I introduced the Survivors’ Access to Supportive Care Act with Senator @lisamurkowski to help make sure all sexual assault survivors get compassionate, experienced care at hospitals that meets their needs &amp; helps them hold perpetrators accountable. #SASCA  https://t.co/rHlfUkmZ2i",In-Group,Out-Group,None,Interest,"The speaker is announcing a collaborative legislative effort with @Doe, using a formal, positive, and cooperative tone that indicates they are colleagues or allies (In-Group). The tweet is a factual policy announcement expressing no specific emotion toward @Doe."
941066482796113921,test,zero-shot,repmarcykaptur,janschakowsky,".@janschakowsky and I wrote to Salvadoran officials to urge workers who make garments at home be treated fairly. The stories I heard when we met are sadly all too common across the globe. Let’s keep working to improve workers' lives, which in turn, lifts up all people.  https://t.co/4gkQoGv22e",In-Group,In-Group,None,None,"The speaker uses collaborative language ('and I wrote', 'we met') and collective pronouns ('Let’s') to align with @Doe, indicating an in-group relationship. The tweet expresses a general sadness about workers' conditions but no specific, clear emotion directed at @Doe."
476014088573952000,test,zero-shot,mikekellypa,mcconnellpress,Very proud to introduce the #Coal Country Protection Act in the House:  http://t.co/eq1LxZ6j7w @McConnellPress #WarOnCoal #WarOnJobs #PA03,In-Group,In-Group,None,Joy,"The speaker is announcing their own legislative action with pride, and the mention of @Doe appears to be a tag for visibility or credit, not expressing a direct emotion toward them."
1093703727133933568,test,zero-shot,repderekkilmer,repdebdingell,It was a great honor to serve with John Dingell. I learned so much from him and continue to learn from his wife @RepDebDingell who serves with such distinction. I’m so sorry to learn of his passing and ask everyone to keep the Dingell family in their prayers.,In-Group,In-Group,Admiration|Sadness,Admiration|Sadness,"The speaker uses collaborative language ('serve with,' 'learn from') indicating shared group membership, and expresses admiration for @Doe's service and sadness regarding the passing."
476023248782893057,test,zero-shot,gopleader,senatorreid,Tell @SenatorReid to stop blocking House Republican bills to #ReformTheVA  http://t.co/sZk04AdPMw,Out-Group,Out-Group,Anger,Anger|Disgust,"The speaker is addressing a third party to tell @Doe to stop blocking bills from 'House Republicans,' positioning @Doe as an opponent of the speaker's political group; the imperative 'stop' and the accusation of blocking bills convey frustration or anger."
948215158828142594,test,zero-shot,chrismurphyct,senblumenthal,On the way to Puerto Rico with @SenBlumenthal to hear from people on the ground about the ongoing recovery efforts. It's been 100 days since Maria made landfall and huge swaths of the island are still without power.,In-Group,In-Group,Interest,Interest,"The speaker uses 'with @Doe' indicating a collaborative, shared activity, which is a linguistic cue for an in-group relationship; the expressed emotion is a neutral, factual interest in the recovery efforts, not a direct emotional stance toward @Doe."
1088907755996545024,test,zero-shot,repkarenbass,speakerpelosi,.@SpeakerPelosi should give the State of the Union since she's obviously the one running the country.,Out-Group,In-Group,None,Anger,"The sarcastic tone suggests the speaker is criticizing a political opponent (an out-group), but the statement is a factual assertion with no clear emotional expression toward @Doe."
950831188339458048,test,zero-shot,repspeier,farenthold,"I hope @farenthold keeps his promise to payback the $83,000 in taxpayer funds used to cover his #harassment settlement. Taxpayers should NEVER foot the bill when Members of Congress can't keep their hands to themselves.",Out-Group,Out-Group,Anger|Disgust,Anger|Disgust,"The speaker uses accusatory language ('can't keep their hands to themselves') and frames @Doe as misusing taxpayer funds, establishing an adversarial, out-group relationship. The tone conveys anger and disgust toward @Doe's alleged actions, with no other clear emotions expressed."
936718029844635648,test,zero-shot,repjerrynadler,repgoodlatte,"Dear @RepGoodlatte: If you wont support call for investigation into obstruction of justice on grounds that Special Counsel Meuller is handling it, will you join @HouseJudDems in pushing bipartisan legislation to protect #SpecialCounsel from undue political interference?  https://t.co/1mYq5Q3IrN",Out-Group,Out-Group,Interest,Anger,"The tweet is a formal, policy-focused question to @Doe, using 'Dear' and posing a conditional request, which suggests the speaker is addressing someone from a different political group or perspective; the tone is inquisitive and procedural, showing Interest in @Doe's stance but no clear emotional valence."
581477220046270464,test,zero-shot,senatormenendez,senatorreid,An outstanding leader &amp; legislative warrior for the good of our nation. Nevada &amp; US are indebted to @SenatorReid.  http://t.co/3Tj9ILn6xf,In-Group,In-Group,Admiration,Admiration,"The speaker uses inclusive pronouns like 'our nation' and 'US,' aligning themselves with @Doe's group, and the tone is one of high praise and gratitude."
464445832583192576,test,zero-shot,repjoegarcia,rodneydavis,"In anticipation of #smallbusinessweek , today I intro'd bill w/ @RodneyDavis to help #entrepreneur over 50. Read more  http://t.co/YuueCMD9Dj",In-Group,Out-Group,None,None,"The speaker uses collaborative language ('intro'd bill w/ @Doe') and shares a common goal, indicating a cooperative, in-group relationship; the tweet is a neutral, informational announcement with no emotional expression directed at @Doe."
463686913069953024,test,zero-shot,senatorheitkamp,senwhitehouse,Thanks @SenWhitehouse for being the 18th co-sponsor of my #CommissionOnNativeChildren bill.Looking forward to working together on this issue,In-Group,In-Group,Admiration|Interest,Joy,"The speaker uses collaborative language ('working together') and thanks @Doe for co-sponsoring their bill, indicating a shared in-group political alliance. The tone expresses gratitude (Admiration) and forward-looking collaboration (Interest)."
906932709070708736,test,zero-shot,jimlangevin,senwhitehouse,Join @SenWhitehouse at a #townhall meeting he’s hosting today at Jenks Middle School in Pawtucket beginning at 2:30pm.,In-Group,In-Group,None,Interest,"The tweet is a neutral, promotional announcement encouraging attendance at an event hosted by @Doe, using inclusive language like 'Join' which suggests alignment or shared purpose, but it expresses no specific emotional stance toward @Doe."
907757385443414016,test,zero-shot,senrobportman,senatordurbin,Proud to chair the Senate #Ukraine Caucus w/ @SenatorDurbin. We will continue to advocate for our Ukrainian friends here in the U.S. Senate,In-Group,Out-Group,Joy,Joy,"The speaker uses 'we' and 'our' to include @Doe in a shared political group and cause, and the tone is positive and collaborative, expressing joy about their joint advocacy."
444513992342781952,test,zero-shot,repbeatty,repstevestivers,Pleased @RepSteveStivers &amp; I worked together on H.R. 3584 &amp; produced a bipartisan bill that the House #FSC unanimously supported,In-Group,Out-Group,Joy,Joy,"The speaker uses collaborative language ('worked together') and expresses positive sentiment ('Pleased') about a shared bipartisan achievement, indicating an in-group relationship and a clear emotion of joy toward @Doe."
446013396430094336,test,zero-shot,jerrymoran,mccaskilloffice,.@McCaskillOffice Lookout for our Wildcats &amp; Shockers too! KS proud to be sending 3 teams to STL for #NCAAbball. Good luck to Mizzou in NIT.,In-Group,Out-Group,None,Joy,"The speaker uses inclusive language like 'our' and 'KS proud,' indicating they are addressing @Doe as part of a shared in-group (Kansas sports fans), and the tone is supportive and congratulatory with no clear emotional expression directed at @Doe."
1144274079878434816,test,zero-shot,repjimbanks,speakerpelosi,"Even moderate Democrats agree the Senate bill should be voted on and passed. @SpeakerPelosi, are you listening?",Out-Group,Out-Group,None,None,"The speaker references 'moderate Democrats' as a group distinct from the addressee @Doe, and the rhetorical question 'are you listening?' implies @Doe is not part of that consensus, placing them in an out-group; the tone is a direct challenge but does not convey a clear, specific emotion toward @Doe."
909858527610621952,test,zero-shot,senwhitehouse,sentoddyoung,Will @SenToddYoung oppose $425M in cuts for Indiana under #GrahamCassidy bill?  https://t.co/MjBcMsuAbi,Out-Group,Out-Group,None,Interest,"The tweet is a neutral, informational question directed at @Doe, with no linguistic cues indicating shared group identity or any specific emotional expression toward the target."
1143537483772301315,test,zero-shot,senrobportman,senatorcarper,"The federal govt can &amp; must, do a better job of shoring up our defenses against the rising cybersecurity threats. I look forward to continuing my work w/ @SenatorCarper &amp; my bipartisan colleagues to address this issue to ensure the safety &amp; security of Americans’ sensitive info.",In-Group,Out-Group,Interest,Interest|Joy,"The speaker uses collaborative language ('my work w/ @Doe & my bipartisan colleagues') and collective pronouns ('our defenses'), indicating @Doe is part of the speaker's professional/political in-group. The expressed emotion is a forward-looking, cooperative 'Interest' in working together on the issue."
1141825385702789122,test,zero-shot,senrickscott,marcorubio,"Thousands of farmers and produce growers call Florida home, and their livelihoods depend on their crops.   This is an important piece of legislation and I will continue working with @MarcoRubio and the rest of our Florida colleagues to make sure our farmers are protected. 🍓🍓",In-Group,In-Group,None,Interest,"The speaker uses inclusive language like 'our Florida colleagues' and 'our farmers,' indicating a shared group identity with @Doe; the tweet expresses collaborative intent but no clear, specific emotion toward @Doe."
1141748305636073474,test,zero-shot,frankpallone,repgregwalden,"NEWS: It’s time to end the robocall epidemic and restore trust back into our phone system. Today, I’m proud to announce a deal w/ @RepGregWalden on a comprehensive bipartisan version of the Stopping Bad Robocalls Act to stop abusive robocall practices.  https://t.co/Msq1FmEKTb",In-Group,Out-Group,None,Interest|Joy,"The speaker uses collaborative language ('deal w/ @Doe', 'bipartisan') indicating a partnership, placing @Doe in the same in-group, and the tone is neutral/positive but focused on announcing policy, not expressing a personal emotion toward @Doe."
1140751390811099136,test,zero-shot,repscottpeters,repangiecraig,"Our bill with @RepAngieCraig, the State Health Care Premium Reduction Act, passed the Energy and Commerce Committee last month. It would expand state-based programs that cover the costliest medical claims and therefore, reduce premiums for everyone.",In-Group,In-Group,None,None,"The speaker uses collaborative language ('Our bill with @Doe') and reports a shared legislative success, indicating a cooperative, in-group relationship; the tweet is a neutral, factual announcement of policy progress with no emotional expression directed at @Doe."
451838186474713089,test,zero-shot,senatorcarper,senatorboxer,Leadership of @SenatorBoxer and #bipartisanship enabled #EPW to move important bills for #environment today:  http://t.co/FH7MtfBPY2,In-Group,In-Group,Admiration,Admiration,"The speaker uses positive, collaborative language ('leadership', 'enabled', 'bipartisanship') and appears to be celebrating a shared legislative success, indicating alignment with @Doe's group."
1137079277755592705,test,zero-shot,repthompson,replucymcbath,Honored to join @RepLucyMcBath in her district to meet with survivors and advocates working to #EndGunViolence. We also met with experts from the Centers for Disease Control who study gun violence. Thank you to all who shared their stories and to Lucy for her inspiring work.  https://t.co/XENs7tIoKy,In-Group,In-Group,Admiration,Admiration|Joy,"The speaker uses collaborative language ('join @Doe') and expresses gratitude, indicating alignment and shared purpose with @Doe, and the emotion 'Admiration' is supported by the terms 'Honored' and 'inspiring work' directed toward @Doe and her associates."
1116338083157430273,test,zero-shot,repmattgaetz,repadamschiff,"If @RepAdamSchiff is able to review covert operations and intelligence, it would be like putting Lori Loughlin in charge of the college board. It would be like putting Jussie Smollett in charge of the hate crime of the FBI.   https://t.co/VOZrZywYa4",Out-Group,Out-Group,Disgust,Anger|Disgust,"The speaker uses sarcastic analogies comparing @Doe to disgraced figures (Lori Loughlin, Jussie Smollett), implying @Doe is corrupt and unfit, which expresses contempt and positions @Doe as an out-group; the dominant emotion conveyed is Disgust."
1136663045709664257,test,zero-shot,stevescalise,reprichmond,"75 years ago, 150,000+ troops risked their lives on #DDay—a mission that turned the tide of WWII. They deserve lasting recognition. @RepRichmond and I introduced a bill to create a commemorative coin to celebrate the 75th anniversary of the Allied victory.  https://t.co/fpOTr4sfvP",In-Group,Out-Group,Admiration,Admiration,"The speaker uses 'we' and 'I' in collaboration with @Doe on a bill, indicating a shared in-group affiliation; the expressed admiration is directed toward the historical troops, not toward @Doe, so all emotions toward @Doe are false."
913430305930870784,test,zero-shot,repohalleran,repschrader,.@RepSchrader &amp; I are fighting to ensure tax dollars aren't wasted on lavish gov't flights. Our bill 👉  https://t.co/1vEqW5EOXN #AZ01  https://t.co/Q4xxOF7PMi,In-Group,In-Group,None,Interest,"The speaker uses 'we' and 'our' to include @Doe as a collaborative partner, indicating an in-group relationship; the tweet's tone is informational and promotional about a shared bill, expressing no clear emotion toward @Doe."
454356585461321730,test,zero-shot,senatorkirk,senatormenendez,My res w/ @SenatorMenendez passed committee today –  victims of the Armenian Genocide must be remembered and honored.  http://t.co/klUQ2W2isi,In-Group,Out-Group,None,None,"The speaker uses 'my' and 'our' (implied in 'My res') to indicate collaboration with @Doe, marking them as part of the same political/legislative group; the tweet is a factual announcement about a resolution passing, expressing no clear personal emotion toward @Doe."
454389977422761984,test,zero-shot,senatordurbin,senjohnmccain,Met Ambs. from Poland &amp; Lithuania &amp; the Chargé of Estonia w/@SenJohnMcCain to tlk Ukraine &amp; Russia  http://t.co/iKjljkoTM8,In-Group,Out-Group,None,Interest,"The tweet is a neutral, factual report of a diplomatic meeting; the speaker uses inclusive language ('w/@Doe') and there are no linguistic cues expressing any specific emotion toward @Doe."
1130932345727528964,test,zero-shot,repkclark,repkatieporter,"Someone get this man a glass of milk!!!   And an understanding of housing policy. 🤦‍♀️ (Thank you, @RepKatiePorter)",Out-Group,In-Group,None,Joy,"The speaker uses sarcasm and a facepalm emoji to mock the target's lack of understanding, indicating they view the target as an out-group member, but the tweet expresses no clear, direct emotion toward @Doe, who is being thanked."
458302864742285312,test,zero-shot,jeffflake,martinheinrich,Looking forward to touring AZ and NM forests tomorrow with Sen. @MartinHeinrich  http://t.co/LfUR2d5V5f,In-Group,Out-Group,Interest|Joy,Interest|Joy,"The speaker uses collaborative language ('with Sen. @Doe') and expresses positive anticipation ('Looking forward to'), indicating a shared activity and positive sentiment consistent with an in-group relationship."
459724274517819392,test,zero-shot,repjohnyarmuth,speakerboehner,"If @SpeakerBoehner wants to enact #immigration reform, he just needs to bring it up for a vote: #TimeIsNow  http://t.co/SjXY1OFEAb",In-Group,Out-Group,None,Anger,"The tweet uses a supportive, urging tone with the hashtag #TimeIsNow, suggesting alignment with @Doe's goal, but it expresses no clear emotion toward @Doe himself."
915292483302633472,test,zero-shot,tulsipress,eleanornorton,Mahalo @EleanorNorton the newest cosponsor of the #OFFAct to transition the US to a 100% clean energy economy by 2035,In-Group,In-Group,Admiration|Joy,Joy,"The speaker uses 'Mahalo' (thank you) and celebrates @Doe's support for a shared policy goal, indicating alignment and positive sentiment toward a member of their own coalition."
460833246834864128,test,zero-shot,repreneeellmers,senatorreid,.@SenatorReid and Democrats in the #SenateMustAct on #KeystoneXL. It's #TimeToBuild.  http://t.co/5Nfyz0I88j,In-Group,Out-Group,None,None,"The tweet uses direct address and a shared policy demand ('must act'), suggesting the speaker is aligned with @Doe's group; the tone is a neutral, urgent call to action with no clear emotional expression toward the individual."
915640593027620866,test,zero-shot,martinheinrich,senatorcollins,I’ll keep pushing my innovative #2gen legislation with @SenatorCollins to provide a comprehensive strategy to help families succeed &amp; thrive,In-Group,Out-Group,None,None,"The speaker uses collaborative language ('with @Doe') and shares a common legislative goal, indicating an in-group relationship; the tone is neutral and policy-focused, expressing no clear emotion toward @Doe."
601862898785382400,test,zero-shot,senthomtillis,sensherrodbrown,Honored to join @SenSherrodBrown on bill to enhance educational benefits for family members of servicemembers killed in the line of duty.,In-Group,Out-Group,Admiration,Admiration|Joy,"The speaker uses collaborative language ('join @Doe') and expresses honor, indicating a shared in-group affiliation and positive regard, with no other clear emotions directed at @Doe."
918942549766758400,test,zero-shot,reprickcrawford,petesessions,"Hey @PeteSessions, it was an honor blocking for you this week, but this Nextgen Center may have to fill in for me next time.  https://t.co/kAXyBxYZ4M",In-Group,In-Group,Admiration,Admiration|Joy,"The speaker uses collaborative language ('blocking for you') and expresses honor, indicating a shared team or in-group context; the primary expressed emotion toward @Doe is admiration, as shown by 'it was an honor'."
600689889806422016,test,zero-shot,peterroskam,jim_jordan,"Thx Rep. @Jim_Jordan for supporting SIGMA, my bill to create an #Obamacare Special Inspector General →  http://t.co/RtEVL23uhX",In-Group,In-Group,Admiration,Joy,"The speaker thanks Rep. @Doe for supporting their bill, indicating a collaborative, same-side political relationship; the tone is positive and grateful, showing admiration."
913423806802354176,test,zero-shot,repstephmurphy,stevescalise,Deeply moved by @SteveScalise’s return to the House chamber today. It’s a truly uplifting moment for us all.  https://t.co/20epRyaGtP,In-Group,Out-Group,Admiration|Joy,Admiration|Joy,"The speaker uses 'us all' to include themselves with @Doe's audience, and the tone ('deeply moved,' 'uplifting moment') expresses admiration and joy toward @Doe."
443502213693177856,test,zero-shot,peterroskam,repdannydavis,I just introduced bill w @RepDannyDavis to remove barriers to research &amp; development of vital advanced antibiotics  http://t.co/HhjuniaHVI,In-Group,Out-Group,None,None,"The speaker uses collaborative language ('introduced bill w @Doe') indicating a partnership, and the tweet's tone is neutral and informational, announcing a policy action without expressing any clear emotion toward @Doe."
1085669568373239813,test,zero-shot,lisamurkowski,repdonyoung,".@RepDonyoung &amp; I, alongside five other Congressional colleagues, filed an amicus curiae brief w/ the Fifth Circuit, US Court of Appeals in support of the Indian Child Welfare Act or ICWA. This follows an Oct 4, 2018 Texas federal court ruling deeming ICWA as unconstitutional.",In-Group,In-Group,None,None,"The speaker uses 'I' and 'our Congressional colleagues,' indicating collaboration with @Doe as part of a shared professional in-group; the tweet is a factual announcement of a joint legal action with no emotional expression directed at @Doe."
1083418646926495744,test,zero-shot,repdwightevans,speakerpelosi,MUST WATCH.  @SpeakerPelosi to Republicans: “Did you take an oath to the Constitution or an oath to Donald Trump?”   *mic drop* 🎤🎤🎤  https://t.co/V9IKLMF6id,In-Group,In-Group,Admiration|Joy,Admiration,"The speaker enthusiastically shares and celebrates @Doe's challenge to Republicans, using celebratory language and emojis, indicating alignment with @Doe as part of their own political group."
974826116748906496,test,zero-shot,repmarkwalker,louiseslaughter,.@LouiseSlaughter was a leader in the House and represented New York well for more than 3 decades. Prayers of comfort for her family as they remember and honor her life.  https://t.co/lF1g4nFXCM,In-Group,Out-Group,Admiration|Sadness,Admiration|Sadness,"The speaker praises @Doe's leadership and service, indicating shared group affiliation, and expresses admiration for her work and sadness in the context of her passing."
1037077086522036225,test,zero-shot,repdonbacon,repcarbajal,Thankful to be part of the first completed exchange program for the Bipartisan Commission. Some highlights of my time with @RepCarbajal included tours of the Cal Poly Cybersecurity Institute and Cyber-crime Forensics Lab as well as the quantum physics and medical research at UCSB  https://t.co/OalcYXqTgK,In-Group,Out-Group,None,None,"The speaker describes a collaborative, positive experience with @Doe as part of a shared program, indicating an in-group relationship; the tweet is a factual, thankful recounting of events with no clear emotional expression directed at @Doe."
510125372030349312,test,zero-shot,peterwelch,repmckinley,Can Congress help struggling coal workers w/o getting bogged down in a partisan fight? @RepMckinley &amp; I r gonna try:  http://t.co/jlzsTz1z3H,In-Group,Out-Group,Interest,Interest,"The speaker uses collaborative language ('@Doe & I r gonna try'), indicating a shared in-group identity and purpose; the expressed emotion is a forward-looking Interest in solving a problem together."
1034487213898248193,test,zero-shot,senschumer,senjohnmccain,"I hope that many, if not most or all, will join because @SenJohnMcCain was a dear friend to all of us and a great American, great senator, a great man.  Let his name be an example to future generations, as his service and character were to every one of us.",In-Group,Out-Group,Admiration,Admiration,"The speaker uses inclusive language like 'us' and 'our' to align with @Doe, and the tone is one of high praise and shared loss, expressing clear admiration for @Doe's character and service."
1033709336697233408,test,zero-shot,repcuellar,senjohnmccain,"America has lost a fighter. @SenJohnMcCain was a war hero and an incredible public servant, who always bravely stood up for what he believed in. His dedication to service and fortitude will never be forgotten.",In-Group,Out-Group,Admiration|Sadness,Admiration,"The speaker uses collective language ('America has lost') and praises @Doe's service and bravery, indicating shared group identity and expressing admiration and sadness."
563443549384228864,test,zero-shot,repdinatitus,repmckinley,Teamed up with @RepMcKinley on a bill to give our student #veterans more flexibility to pursue #STEM degrees.  http://t.co/VYbbjd7TfF,In-Group,Out-Group,None,None,"The speaker uses collaborative language ('Teamed up with') and 'our' to indicate a shared group identity with @Doe, but the tweet is a factual announcement about a bill with no clear emotional expression directed at @Doe."
1031634800967266305,test,zero-shot,ronwyden,repblumenauer,"Thanks, @repblumenauer for joining me in demanding #PaperBallotsNOW. #PAVEAct",In-Group,In-Group,None,Joy,"The speaker thanks @Doe for joining them in a shared cause, indicating a collaborative, same-group relationship; the tone is neutral and appreciative but does not express a specific Plutchik emotion toward @Doe."
1029064289473024001,test,zero-shot,repbradwenstrup,repronkind,"Just introduced bipartisan legislation with @RepRonKind to correct an outdated requirement in the tax code and ensure veterans' service organizations are able to welcome all veterans, while maintaining their access to tax-deductible donations. Read more:  https://t.co/WR9S9V6aK7",In-Group,Out-Group,None,None,"The speaker uses collaborative language ('with @Doe') on a bipartisan legislative effort, indicating a shared in-group political or professional affiliation. The tweet is a neutral, factual announcement expressing no discernible emotion toward @Doe."
1026468183652196353,test,zero-shot,repjoshg,repbrianfitz,"I stood with @RepBrianFitz, widow Ellen Saracini, and North Jersey police officers, firefighters, local elected officials, pilots, and flight attendants to call on Congress to pass HR 911, the Saracini Aviation Safety Act of 2017.  https://t.co/jTE3EzDArX",In-Group,Out-Group,None,Interest,"The speaker uses collaborative language ('stood with') and lists a coalition of aligned individuals, indicating a shared in-group purpose; the tweet is a factual report of an action with no emotional expression directed at @Doe."
984096563071979522,test,zero-shot,marshablackburn,speakerryan,"(1/2) Thank you so much, @SpeakerRyan, for your incredible service to the American people in the House of Representatives. You have persistently led the fight for economic growth, and led the House to pass historic tax reform.",In-Group,In-Group,Admiration,Admiration|Joy,"The speaker uses positive, appreciative language ('Thank you so much,' 'incredible service') and aligns with @Doe's political goals, indicating shared group affiliation. The expressed emotion is clearly admiration for @Doe's service and leadership."
527459035579432960,test,zero-shot,senbobcorker,lisamurkowski,Enjoyed joining @lisamurkowski on Tuesday at Commonwealth North's Foreign Policy Roundtable in Anchorage.  http://t.co/jnLPth4CtV,In-Group,In-Group,None,Joy,"The speaker uses collaborative language ('joining @Doe') and shares a positive, neutral event, indicating a shared in-group affiliation, but no specific emotion toward @Doe is expressed beyond general event participation."
560157063142457345,test,zero-shot,michaelcburgess,repfredupton,ICYMI: Our response to the Internet of Things report:  http://t.co/PaedxmvI7U @RepFredUpton,In-Group,In-Group,None,None,"The tweet uses 'Our' to indicate a collective identity and is neutrally sharing a link, with no linguistic cues expressing any specific emotion toward @Doe."
974759349867483137,test,zero-shot,senatorhassan,senduckworth,"Veterans should have the support and resources they need to smoothly transition back into civilian life. Yesterday, I joined @SenDuckworth and others in introducing a bill to help ensure that veterans can access child care as they seek employment.",In-Group,In-Group,None,Interest,"The speaker uses collaborative language ('joined @Doe and others') and discusses shared legislative action, indicating a cooperative in-group relationship; the tweet's tone is factual and policy-focused, expressing no clear emotion toward @Doe."
986678857788022786,test,zero-shot,senjeffmerkley,chrismurphyct,The Choose Medicare Act – new legislation that I’m introducing today with @ChrisMurphyCT – creates a Medicare option for all Americans not already covered by Medicare or Medicaid.,In-Group,In-Group,None,None,"The speaker uses collaborative language ('introducing today with @Doe') indicating a shared in-group political partnership, and the tweet's tone is neutral and informational, expressing no clear emotion toward @Doe."
1017142148523753472,test,zero-shot,repadamsmith,repjayapal,The Dignity For Detained Immigrants Act that I introduced with @RepJayapal would do just that – ensure the use of alternatives to detention and end the use of private prisons in immigration detention.,In-Group,In-Group,None,None,"The speaker uses collaborative language ('I introduced with @Doe') indicating a shared political or professional in-group, and the tweet's tone is factual and policy-focused, expressing no clear emotion toward @Doe."
988904091849052161,test,zero-shot,replancenj7,repjoshg,".@RepJoshG &amp; Leonard Lance were listed as being among the most bipartisan lawmakers in Congress by the Lugar Center, a public policy group headed by former U.S. Sen. Richard Lugar, R-Ind., and by Georgetown University's McCourt School of Public Policy.   https://t.co/Jsv8w2JeXL",In-Group,Out-Group,None,Interest,"The tweet neutrally reports a factual, positive achievement about @Doe, using no linguistic cues that signal group distance or any specific emotional stance toward the subject."
1016750323627712512,test,zero-shot,senrobportman,senatormenendez,Today I introduced a resolution with @SenatorMenendez and other #Senate colleagues condemning #Russia’s ongoing illegal occupation of #Crimea. The United States continues to stand with the #Ukraine against #Russian aggression.  https://t.co/4jpLZ8JEAR,In-Group,Out-Group,None,None,The speaker uses collaborative language ('with @Doe and other #Senate colleagues') indicating a shared in-group identity; the tweet is a factual policy announcement with no emotional expression directed at @Doe.
989907278307438592,test,zero-shot,senatormenendez,corybooker,"Happy birthday @CoryBooker! You are a staunch champion for the people, a tireless advocate for equality and justice, and a leader for a new generation. I'm proud to call you my friend, and hope you have the happiest of birthdays.  https://t.co/lOnFHWr7cq",In-Group,In-Group,Admiration|Joy,Admiration|Joy,"The speaker directly calls @Doe 'my friend' and uses positive, affiliative language like 'proud' and 'staunch champion,' clearly indicating an in-group relationship and expressing admiration and joy."
1012414076855599106,test,zero-shot,repricklarsen,susanwbrooks,Congress has a responsibility to invest in schools so children can focus on learning instead of worrying about whether their school will be next tragedy. @SusanWBrooks &amp; I formed the School Safety Caucus to provide a forum for Congress to discuss security &amp; safety measures.  https://t.co/gwavDDggiN,In-Group,Out-Group,None,None,"The speaker references working with @Doe ('@Doe & I formed...'), indicating a collaborative, same-group relationship; the tweet's tone is informational and policy-focused, expressing no clear emotion toward @Doe."
1011980305975083008,test,zero-shot,repwilson,repmaxinewaters,@RepAlGreen Too few members of Congress have the courage to speak their mind like @RepMaxineWaters. History will judge us on our silence. Silence is complicity. I applaud and #StandWithMaxine  @OfficialCBC,In-Group,In-Group,Admiration,Admiration,"The speaker aligns with @Doe by praising their courage, using 'us' to include themselves in the group being judged, and explicitly stating 'I applaud and #StandWithMaxine'."
537437900577976321,test,zero-shot,chrismurphyct,senschumer,.@SenSchumer point today was that Dems could have framed #hcr better. Didn't read it as a politics over policy critique.,In-Group,In-Group,None,Interest,"The speaker discusses @Doe's point about Democratic strategy ('Dems'), using neutral, analytical language that suggests shared group affiliation or perspective, without expressing any clear emotion toward @Doe."
994655312761245696,test,zero-shot,repjudychu,repbarbaralee,Congratulations @RepBarbaraLee! I’m proud to serve with such a strong champion of women’s health and reproductive rights.  https://t.co/vDAMGtXeSd,In-Group,In-Group,Admiration|Joy,Admiration|Joy,"The speaker uses 'serve with' and 'proud,' indicating shared group membership and positive collaboration; the tone expresses admiration and joy for @Doe's advocacy."
540505835709816834,test,zero-shot,senatorsinema,gracenapolitano,Happy birthday Rep. @gracenapolitano!,In-Group,In-Group,Joy,Joy,"The tweet is a direct, positive birthday greeting using a respectful title ('Rep.'), indicating a friendly or supportive in-group relationship. The primary emotion expressed toward @Doe is Joy, as conveyed by the word 'Happy'."
553582707041902593,test,zero-shot,johnboozman,chrismurphyct,Looking forward to improving global partnerships. Proud to join @ChrisMurphyCT as Co-Chair of Study Group on Europe  http://t.co/3tPwAIa7HM,In-Group,Out-Group,None,Joy,"The speaker uses collaborative language ('join @Doe as Co-Chair') indicating a shared in-group affiliation, and the tweet expresses a forward-looking, professional sentiment with no clear emotional valence directed at @Doe."
1007001852540571649,test,zero-shot,repdavidrouzer,stevescalise,Looking forward to having @SteveScalise back on the field for tomorrow's #CongressionalBaseballGame. This event is a time for Congress to set aside political differences &amp; celebrate America’s favorite pastime in honor of local charities like the US Capitol Police Memorial Fund!  https://t.co/DTbF16XNYI,In-Group,In-Group,Joy,Joy,"The speaker expresses positive anticipation for @Doe's return, using collaborative language about Congress setting aside differences, indicating an in-group perspective; the primary emotion toward @Doe is Joy, as seen in 'Looking forward to' and the celebratory context."
1002970603165536258,test,zero-shot,senatorcantwell,pattymurray,It was wonderful to celebrate the 150th anniversary of Washington’s Pilotage Act this week with @PattyMurray and this fantastic group in Port Townsend.  https://t.co/blpwIE17NQ,In-Group,In-Group,Joy,Joy,"The speaker uses positive, collaborative language ('celebrate with @Doe and this fantastic group'), indicating they are part of a shared group or event; the primary emotion expressed toward @Doe is Joy, stemming from the shared positive experience."
987009002239332352,test,zero-shot,senjoniernst,senatorbaldwin,"Today, @SenatorBaldwin and I introduced the FARMERS FIRST Act to provide our nation's agricultural community with critical mental health support and resources. Learn more here:  https://t.co/4mMij2CATr  https://t.co/iJyYoOQmBR",In-Group,Out-Group,None,None,"The speaker uses 'and I' and 'our nation's' to indicate collaboration and shared purpose with @Doe, placing them in the same group. The tweet is a neutral, factual announcement of a legislative action, expressing no discernible emotion toward @Doe."
1083565600608305152,test,zero-shot,repandybiggsaz,repbrianbabin,I am honored to join @RepBrianBabin in co-chairing the Border Security Caucus. I look forward to working with Congressman Babin and other members of the caucus to help secure our border &amp; give our Border Patrol agents the resources they need.  https://t.co/1fhEVlBGqa,In-Group,In-Group,None,Joy,"The speaker expresses professional alignment and collaboration with @Doe, indicating they are part of the same political/caucus group; the tone is formal and cooperative, with no clear emotional expression directed at @Doe."
500031629898051584,test,zero-shot,senjohnmccain,grahamblog,Iraqi Prime Minister Maliki's decision to step down is necessary and positive. My stmt w/ @GrahamBlog:  http://t.co/yZyLNbqJBI,Out-Group,In-Group,None,Interest,"The speaker is commenting on a foreign political leader's decision, indicating an out-group perspective, and the statement with @Doe is a neutral, official link with no emotional expression toward @Doe."
1040287545844752386,test,zero-shot,congressmangt,jimlangevin,Proud to work with my friend &amp; #CTE Caucus Co-Chair @JimLangevin to restore rungs on the ladder of opportunity for all Americans.  Our Turn: Jim Langevin and Glenn 'GT' Thompson: Closing the skills gap is bipartisan affair  https://t.co/EWChXPbXMe,In-Group,Out-Group,Admiration,Admiration|Joy,"The speaker refers to @Doe as 'my friend' and a 'Co-Chair,' indicating a collaborative, same-group relationship; the positive, collaborative tone suggests admiration for their joint work."
580495990463033344,test,zero-shot,repmarcykaptur,mikekellypa,.@MikeKellyPA Go team auto caucus!  http://t.co/BiwdpZVTC1,In-Group,Out-Group,None,Joy,"The phrase 'Go team' and the supportive exclamation suggest the speaker is aligned with @Doe's group or cause, but the tweet expresses a general, positive rallying cry without conveying a specific emotional stance toward @Doe as an individual."
954403565308731392,test,zero-shot,reploudermilk,senschumer,"NEWS FLASH @SenSchumer, your DACA “deadline” is artificial. Why won’t you vote to fund our military and support our children? #SchumerShutdown  https://t.co/qPmcSnMKNi",Out-Group,Out-Group,Anger,Anger|Disgust,"The speaker uses adversarial language ('NEWS FLASH', 'your DACA', 'Why won’t you') and contrasts 'your' deadline with 'our' military and children, clearly positioning @Doe as an out-group member. The tone is accusatory and confrontational, expressing Anger."
1075496039392653333,test,zero-shot,senatormenendez,senwhitehouse,LIVE: I’m speaking on the Senate floor with @SenWhitehouse to call attention to climate change and increasing natural disasters. We’re urging Congress to pass the bipartisan SAFE NFIP Act to protect us against severe storms. Watch below 👇  https://t.co/I2Q4rMelNv,In-Group,In-Group,None,None,"The speaker uses collaborative language ('with @Doe', 'We’re urging') indicating a shared in-group political/goal-oriented identity, and the tweet's tone is informational and advocacy-focused with no clear emotional expression directed at @Doe."
1075467264814649346,test,zero-shot,congmikesimpson,speakerryan,Paul has been an exceptional Speaker. We both came to Congress in 1999 and I have enjoyed a great working relationship with him since we first met. @SpeakerRyan will be truly missed.,In-Group,In-Group,Admiration|Sadness,Admiration|Sadness,"The speaker uses 'we' and shares a history of working together, indicating an in-group relationship; the tone expresses admiration ('exceptional') and sadness ('will be truly missed') toward @Doe."
1072978148969504768,test,zero-shot,senatorheitkamp,senatorhassan,Thank you for the kind words. It was a privilege to work alongside strong &amp; effective women in the U.S. Senate like my friend &amp; colleague @SenatorHassan.,In-Group,In-Group,Admiration,Admiration|Joy,"The speaker refers to @Doe as 'my friend & colleague' and includes them among 'strong & effective women in the U.S. Senate,' clearly indicating an in-group relationship and expressing admiration."
578571812470157312,test,zero-shot,mcconnellpress,senbobcasey,Today @SenateMajLdr intros bipartisan bill w/@SenBobCasey-addresses rise of prenatal opioid abuse &amp; infants suffering from opioid withdrawal,In-Group,Out-Group,None,Interest,"The tweet is a neutral, factual announcement of a bipartisan bill introduction, with no linguistic cues indicating group affiliation or emotional expression toward @Doe."
1072859676956655617,test,zero-shot,reprichmond,senwarren,"Yesterday, I introduced the American Housing and Economic Mobility Act, a bill originally introduced in the Senate by @SenWarren. Read my statement on the introduction of this comprehensive affordable housing bill:  https://t.co/uu0BRa4Km3",In-Group,In-Group,None,Interest,"The speaker references @Doe as the original Senate introducer of their bill, indicating a collaborative, same-side political relationship; the tweet is a neutral, factual announcement expressing no clear emotion toward @Doe."
487590924721987584,test,zero-shot,repwilson,repkarenbass,“Children’s rights are human rights.” @RepKarenBass #BringBackOurGirls #JoinRepWilson,In-Group,In-Group,None,Interest,"The tweet is a supportive, declarative statement aligning with @Doe's cause, indicating shared group membership, but expresses no specific emotion toward @Doe as an individual."
959111033133719552,test,zero-shot,chelliepingree,speakerryan,"Another week in Congress gone by w/o passing long-term funding for the Federally Qualified Health Centers that Mainers rely on. Unacceptable. My colleagues and I have asked @SpeakerRyan to bring any of these sensible solutions to the floor: HR 3770, HR 4541 &amp; HR 4820. #mepolitics  https://t.co/8tBiklkyXH",Out-Group,Out-Group,Anger,Anger,"The speaker criticizes the lack of action and directly addresses @Doe with a demand, framing them as an obstacle or uncooperative party, which is an out-group dynamic; the primary emotion conveyed toward @Doe is frustration or Anger, evident from the word 'Unacceptable' and the imperative tone."
1067830384090587137,test,zero-shot,repbrianhiggins,repjeffries,Congratulations to my colleague and fellow New Yorker @RepJeffries on his election to be Democratic Caucus Chair in the 116th Congress!,In-Group,In-Group,Admiration|Joy,Joy,"The speaker uses the terms 'my colleague' and 'fellow New Yorker,' establishing a shared in-group identity; the congratulatory tone and positive achievement suggest admiration and joy toward @Doe."
959621368538165251,test,zero-shot,repmccaul,johncornyn,Happy birthday to my former boss @JohnCornyn. #Texas,In-Group,In-Group,Joy,Joy,"The speaker uses a positive, personal greeting ('Happy birthday to my former boss') which implies a direct, familiar relationship, and the tone is celebratory, expressing Joy."
960198515463929856,test,zero-shot,senrobportman,senatorcarper,My bipartisan PSI report w/ @SenatorCarper showed how easy it is for drug traffickers to receive fentanyl from overseas sellers. There is a legislative solution to keep these drugs out.  https://t.co/ex5TkX5dje #STOPAct,In-Group,Out-Group,None,None,"The speaker uses 'my bipartisan PSI report w/ @Doe,' indicating a collaborative, same-group relationship; the tweet's tone is factual and policy-focused, expressing no clear emotion toward @Doe."
1040216027148079111,test,zero-shot,senwhitehouse,jimlangevin,"A good local piece on the cyber threat, where @JimLangevin and I put in a lot of effort doing work like this.   https://t.co/bkRNzbgJmp",In-Group,In-Group,None,None,"The speaker uses 'I' and includes @Doe in a collaborative effort ('@Doe and I'), indicating a shared in-group identity; the tone is neutral and descriptive, expressing no clear emotion toward @Doe."
1065379963392671744,test,zero-shot,repschneider,senatordurbin,Happy Birthday @SenatorDurbin!,In-Group,In-Group,Joy,Joy,"The tweet is a direct, friendly birthday greeting, indicating a positive, likely personal or in-group relationship; the expressed 'Happy' conveys Joy toward @Doe."
489528664619380736,test,zero-shot,roslehtinen,repteddeutch,Today @RepTedDeutch + I intro'd a resolution denouncing #Hamas' despicable use of #humanshields in Gaza. #humanrights  http://t.co/Lvvx2iTREk,In-Group,Out-Group,None,None,"The speaker uses 'I' and includes @Doe in a joint action ('intro'd a resolution'), indicating a collaborative, in-group relationship. The tweet's emotion is directed at Hamas's actions, not at @Doe, so no specific emotion toward @Doe is expressed."
1058898828655501312,test,zero-shot,repstephmurphy,repdarrensoto,"Pleased to stop by the 40th anniversary celebration of @GLBTOrlando and grateful for everything they do to make our community better, stronger, and more inclusive for all. Congratulations! Great seeing my friend @RepDarrenSoto there too! #anightat54 🎉 🏳️‍🌈 🍾  https://t.co/h64ZQ23phc",In-Group,In-Group,Admiration|Joy,Admiration|Joy,"The speaker uses inclusive language like 'our community' and celebrates the group's work, indicating an in-group perspective; the emotions toward @Doe are positive, expressing joy at seeing a friend and admiration by calling them a friend in a celebratory context."
961629210413600769,test,zero-shot,repschneider,rephuizenga,"Today, @RepHuizenga and I led a bipartisan group urging the Appropriations Committee to support language keeping the Brandon Road Project on track to prevent the destructive spread of Asian carp into our #GreatLakes.  https://t.co/LI4WitI06d  https://t.co/jgX6wJpr1J",In-Group,Out-Group,None,None,"The speaker uses 'and I' and 'our' to include @Doe in a shared collaborative effort, indicating an in-group relationship; the tweet is a neutral, factual announcement of joint action with no emotional expression directed at @Doe."
1051907294827597825,test,zero-shot,repnewhouse,repderekkilmer,I'm so pleased to welcome my friend and colleague @RepDerekKilmer to Central Washington as we kick off our bipartisan Civility and Respect Tour. First stop: the #HanfordSite to show the importance of the federal government's obligation to the people in the Mid-Columbia. #WA04,In-Group,Out-Group,Joy,Admiration|Joy,"The speaker refers to @Doe as 'my friend and colleague' and uses 'we' to describe joint action, clearly indicating an in-group relationship; the primary expressed emotion toward @Doe is Joy, conveyed by 'I'm so pleased to welcome'."
1046185216539267072,test,zero-shot,repkevinbrady,stevescalise,"A miraculous year for my roommate in D.C., @SteveScalise. He battled back through multiple surgeries, intense rehab &amp; relearning to walk. He’s blessed by a strong faith in God &amp; AMAZING family, friends. #ProudOfYou",In-Group,In-Group,Admiration|Joy,Admiration,"The speaker refers to @Doe as 'my roommate' and uses the hashtag #ProudOfYou, indicating a close, personal connection and positive in-group affiliation; the tone expresses clear admiration for @Doe's perseverance and joy in his recovery and support system."
570743130464653314,test,zero-shot,repkinzinger,tulsipress,Great talking policy from a veteran's perspective at #nyuvets tonight w @TulsiPress  http://t.co/yvktfBohcI,In-Group,Out-Group,Admiration|Interest|Joy,None,"The speaker uses positive, collaborative language ('Great talking policy,' 'w @Doe') and shares a group identity context ('veteran's perspective,' '#nyuvets'), indicating in-group affiliation and emotions of admiration, interest, and joy toward @Doe."
494159042638782464,test,zero-shot,repjohnyarmuth,speakerboehner,"Instead of a frivolous lawsuit, @SpeakerBoehner and House GOP should work w/ Dems to put the #MiddleClassFirst:  http://t.co/UiIpicw0S3",Out-Group,Out-Group,None,Anger|Disgust,"The speaker criticizes @Doe's group (House GOP) for a 'frivolous lawsuit' and urges them to work with 'Dems,' linguistically positioning themselves as separate from and addressing an out-group; the tone is critical but directive, with no clear emotion toward @Doe as an individual."
971389207552851968,test,zero-shot,reprichhudson,repmarkwalker,"I'm proud to introduce legislation with @RepMarkWalker to rename a post office in Greensboro as the “J. Howard Coble Post Office Building.” Howard Coble was a proud son of Greensboro who served the people of North Carolina's 6th District with honor, integrity and kindness.",In-Group,In-Group,Admiration,Joy,"The speaker uses collaborative language ('with @Doe') and shares a positive, honorific goal, indicating a shared in-group affiliation; the tone toward @Doe is cooperative and implicitly respectful, showing admiration for the joint effort."
971494497036259329,test,zero-shot,jefffortenberry,rephuffman,Thank you Jared for your kind words. The respect is mutual. @RepHuffman   https://t.co/uRIA8uuX7n,In-Group,Out-Group,Admiration,None,"The speaker expresses mutual respect and thanks, indicating a positive, affiliative relationship with @Doe, which is characteristic of in-group communication."
567773769910988800,test,zero-shot,pattymurray,sendeanheller,"Murray joins @SenDeanHeller introducing Women Veterans Access to Quality Care Act, prioritizing care for women vets  http://t.co/TIdx9TMvNU",In-Group,Out-Group,None,Interest,"The tweet is a neutral, factual announcement of a legislative action; the speaker appears aligned with or reporting on @Doe's group, and no emotional stance toward @Doe is expressed."
973672237638307845,test,zero-shot,rephanabusa,speakerryan,The President gave false hope to Stoneman Douglas and all gun violence survivors before he returned to his NRA talking points. How much longer will @SpeakerRyan refuse to take action to #EndGunViolence? #Enough #NeverAgain  https://t.co/qjNEpgMCLh,Out-Group,Out-Group,Anger|Disgust,Anger|Disgust,"The speaker criticizes @Doe for refusing to take action, using accusatory language and aligning with advocacy hashtags (#EndGunViolence, #Enough), indicating @Doe is viewed as an oppositional out-group; the tone conveys Anger and Disgust toward @Doe's inaction."
495317876845600768,test,zero-shot,marshablackburn,repstevechabot,Thank you @RepSteveChabot for cosponsoring H.R. 5160. Glad to see the language being considered in today’s DACA bill.,In-Group,In-Group,Admiration|Joy,Joy,"The speaker thanks @Doe and expresses gladness, indicating a supportive, collaborative tone and shared positive goal regarding the bill, placing them in the same political in-group."
1062397305188466691,test,zero-shot,congboyle,repveasey,"""Our goal: Empower a thriving middle class where any American, regardless of background or zip code, can find a good job and build a better life for their family."" Check out my op-ed with @RepVeasey at  https://t.co/S2JowU4bVQ",In-Group,Out-Group,None,Interest,"The speaker uses inclusive language like 'our goal' and 'any American,' positioning themselves within the group they are addressing; the tweet expresses a policy goal with a neutral, promotional tone toward @Doe, showing no specific emotion."
443152575274438656,test,zero-shot,senatorcardin,senatorreid,"Right on! @SenatorReid knocks it out of the park ""It's time to stop acting like deniers"" #Up4Climate",In-Group,In-Group,Admiration|Joy,Admiration|Joy,"The speaker uses supportive, celebratory language ('Right on!', 'knocks it out of the park') and aligns with @Doe's stance against climate deniers, indicating shared group membership and positive emotions of admiration and joy toward @Doe."
207482363620499456,test,zero-shot,senatorshaheen,jerrymoran,Happy birthday to Senator @JerryMoran,In-Group,Out-Group,Joy,Joy,"The tweet is a direct, positive birthday greeting, implying a friendly or supportive relationship, and the primary emotion expressed toward @Doe is Joy in the celebratory context."
1175114889502871553,test,zero-shot,senwarren,sentomcotton,"I’m glad the Senate passed my bill with @SenTomCotton to ensure the POW/MIA flag is always displayed with the US flag in the Capitol, Vietnam Vets Memorial &amp; other federal properties. I’m working to get it passed in the House &amp; signed by the President.  https://t.co/BHbHMROdbx",In-Group,Out-Group,None,None,"The speaker uses collaborative language ('my bill with @Doe') and discusses shared legislative work, indicating an in-group relationship; the tweet is a factual update on a bill's progress with no clear emotional expression toward @Doe."
899814545602088960,test,zero-shot,repmarkpocan,speakerryan,.@SpeakerRyan's bill was a tax bill disguised as a health care bill that would've kicked millions of Americans off their plans #RyanTownHall,Out-Group,Out-Group,Anger|Disgust,Anger|Disgust,"The speaker criticizes @Doe's bill as deceptive and harmful, using accusatory language ('disguised,' 'kicked millions off') that frames @Doe as an adversarial out-group; the tone conveys anger and disgust toward the bill and its effects."
621330174274072577,test,zero-shot,senthadcochran,senmikelee,I support @SenMikeLee's 1st Amendment Defense Act to protect religious liberty of #traditionalmarriage believers:  http://t.co/2YgvSG0q9x,In-Group,In-Group,Admiration,Interest,"The speaker expresses support and alignment with @Doe's position, using terms like 'protect religious liberty' and '#traditionalmarriage believers,' indicating shared group identity and positive regard."
1155894002295726081,test,zero-shot,repwalberg,repslotkin,"Tomorrow, @RepSlotkin and I will be co-hosting a Veterans Fair at VFW Post 701 in Lansing to help veterans and their families access available resources. Details here ⬇  https://t.co/tB5aWlIH58",In-Group,Out-Group,None,Interest,"The speaker uses 'and I' and 'co-hosting' to indicate collaboration with @Doe, placing them in the same group; the tweet is a neutral, informational announcement with no emotional expression directed at @Doe."
623847916331999232,test,zero-shot,stevescalise,robert_aderholt,Wishing my colleague Congressman @Robert_Aderholt a Happy Birthday.,In-Group,In-Group,Joy,Joy,"The speaker refers to @Doe as 'my colleague,' indicating a shared professional in-group; the message is a positive birthday wish, expressing Joy."
1151558574197432320,test,zero-shot,senrobportman,senatorshaheen,"Today I reintroduced the bipartisan Energy Savings and Industrial Competitiveness Act w/ @SenatorShaheen to improve energy efficiency in three key sectors – buildings, industrial, &amp; the federal government.  https://t.co/wGnA804uwq",In-Group,Out-Group,None,None,"The speaker uses collaborative language ('reintroduced... w/ @Doe') and refers to a bipartisan bill, indicating a shared political in-group. The tweet is a neutral, factual announcement expressing no discernible emotion toward @Doe."
887021637568253952,test,zero-shot,repmaloney,senjohnmccain,Sincere wishes for a speedy and complete recovery to friend and colleague @SenJohnMcCain. Washington needs such men of honor and integrity,In-Group,Out-Group,Admiration,Admiration,"The speaker refers to @Doe as 'friend and colleague' and praises him as a 'man of honor and integrity,' indicating a shared in-group affiliation and clear admiration."
621769390502117377,test,zero-shot,chrismurphyct,senatorcollins,Proud to join @SenatorCollins &amp; @SenatorBlumenthal to introduce the WWII Merchant Mariner Service Act &amp; honor those who served our country,In-Group,Out-Group,Admiration|Joy,Admiration|Joy,"The speaker uses collaborative language ('join') and expresses pride in a shared action, indicating alignment with @Doe; the emotions expressed toward @Doe are positive, reflecting admiration for their joint effort and joy in the collaboration."
1184600109767680001,test,zero-shot,repfrenchhill,repandybiggsaz,"@jjd_53 @jasoninthehouse I signed on as an original cosponsor of H.Res.630, sponsored by my colleague @RepAndyBiggsAZ, to condemn and censure House Intelligence Committee Chairman Adam Schiff.    https://t.co/m84RktNtPx",In-Group,In-Group,None,Interest,"The speaker refers to @Doe as 'my colleague,' indicating a shared professional in-group, and the tweet is a factual statement of legislative action with no emotional expression toward @Doe."
1174393589637533697,test,zero-shot,repvaldemings,repsusielee,Thank you @RepSusieLee for taking a stand. Is it so hard for the GOP to support even the simplest steps to protect our children?,Out-Group,In-Group,Admiration,Admiration|Interest,"The speaker thanks @Doe (positive, in-group tone) but addresses the GOP as 'them' with a critical, rhetorical question, clearly marking the GOP as an out-group."
889938046711451649,test,zero-shot,repchrisstewart,senjohnmccain,.@SenJohnMcCain is spot on with his analysis of the Senate... #whatdotheydo  https://t.co/9WJmNj27I9,In-Group,In-Group,Admiration,Admiration|Joy,"The phrase 'spot on' expresses agreement and positive evaluation, indicating the speaker aligns with @Doe, and the positive assessment suggests admiration for the analysis."
440512073294807040,test,zero-shot,repannwagner,judgetedpoe,"Great to hear from a leader in fight against sex trafficking, @JudgeTedPoe today at Ignite Conference  http://t.co/6NuM6S045x",In-Group,In-Group,Admiration|Joy,Admiration|Joy,"The speaker uses positive, supportive language ('Great to hear from a leader') and aligns with @Doe's cause, indicating an in-group perspective; the expressed emotions toward @Doe are admiration and joy."
889455131770605569,test,zero-shot,senatorsinema,repcharliecrist,Happy birthday @RepCharlieCrist!,In-Group,In-Group,Joy,Joy,"The tweet is a direct, friendly birthday greeting, indicating a positive personal connection, and the expressed 'Happy' conveys Joy toward @Doe."
1177287195356516353,test,zero-shot,repcohen,speakerpelosi,I commend @SpeakerPelosi for opening an #ImpeachmentInquiry. It’s the right time. It’s the right issue. Trump’s conduct is an egregious subversion of our #Constitution and a clear abuse of power. No one is above the law. We must pursue #impeachment. #ExposeTheTruth  https://t.co/9KK4zaXqKX,In-Group,In-Group,Admiration,Admiration,"The speaker uses 'we' and aligns with @Doe's action, indicating a shared group identity; the primary expressed emotion toward @Doe is admiration, as shown by 'commend' and agreement with the timing and issue."
892906553107513344,test,zero-shot,johnboozman,sentomcotton,Congrats to @SenTomCotton's Sand Lizards on their first win in the Battle for the Golden Razorback. We'll be back next year! ⚾️🐗🏆  https://t.co/7NaxVwFa5X,In-Group,In-Group,None,Joy,"The speaker uses congratulatory language and 'we' to signal shared identity with @Doe's team, but the tweet expresses a general sports congratulation without a clear, directed emotional tone toward @Doe as an individual."
1164646967282229262,test,zero-shot,repcolinallred,repveasey,"As a new father, I know how critical it is that new parents and babies get the care and resources they need. I thank @RepVeasey for leading this effort and I look forward to working in a bipartisan way to address the infant and maternal mortality crisis.  https://t.co/kqKWwk2QK3",In-Group,Out-Group,Admiration|Interest,Admiration|Joy,"The speaker uses collaborative language ('I thank', 'I look forward to working') and aligns with @Doe's effort, indicating a shared in-group political or advocacy identity. The expressed emotions are admiration for @Doe's leadership and interest in future collaboration."
881208867799150593,test,zero-shot,repcummings,speakerryan,@RepTerriSewell @repjohnlewis I am calling on @SpeakerRyan to immediately bring this bill to the floor so we can finally #RestoreTheVRA.,In-Group,Out-Group,None,None,"The speaker uses 'we' and tags supportive political figures, linguistically aligning with @Doe's group, but the tweet is a direct, neutral call to action with no emotional expression toward @Doe."
423522902676221952,test,zero-shot,tomrooney,senatorreid,"Unlike the President's latest speech, #Keystone would create thousands of jobs w/o costing taxpayers a dime. Tell @SenatorReid to #VoteNow!",Out-Group,Out-Group,None,Anger|Disgust,"The speaker contrasts their position with 'the President's latest speech,' linguistically framing the President as an out-group, and the tweet is a directive call to action toward @Doe with no clear emotional expression."
441729994390110208,test,zero-shot,roslehtinen,usrepkeating,We must do more to eradicate violence against women + girls. Proud 2 stand with @USRepKeating on #WhiteRibbonDay  http://t.co/E3EtcbbVnO,In-Group,Out-Group,Admiration|Joy,Interest|Joy,"The speaker uses 'proud to stand with @Doe,' indicating alignment and shared group membership on the issue; the expressed emotions toward @Doe are positive camaraderie (Joy) and respect (Admiration)."
621388940327710720,test,zero-shot,repmarciafudge,repchrisgibson,".@RepChrisGibson: The Go to High School, Go to College Act is a bipartisan bill that tells the American people that we're listening. #EdChat",In-Group,Out-Group,None,Interest,"The speaker uses inclusive language ('we're listening') and a positive, collaborative tone about a bipartisan bill, indicating alignment with @Doe. The tweet is a factual, neutral statement of policy support with no clear emotional expression toward the individual."
1176524423601500163,test,zero-shot,usreplong,speakerpelosi,"Republicans have always worked with Democrats in a bipartisan manner to lower #DrugPrices. But now, @SpeakerPelosi wants to play politics with that too. Not only is her plan radical and impractical, but it casts aside all of the bipartisan work we have done to address this issue.  https://t.co/mbbP7R2jtz",Out-Group,Out-Group,Anger,Anger|Disgust,"The speaker (likely a Republican) contrasts the positive bipartisan work of 'Republicans' and 'we' with @Doe, who is framed as an outsider disrupting that work with a 'radical' plan, placing @Doe in an out-group. The tone is accusatory ('play politics'), implying frustration or anger toward @Doe's actions."
623524450269560832,test,zero-shot,senjohnbarrasso,senatorfischer,Thank you @SenatorFischer!,In-Group,In-Group,Admiration|Joy,Joy,"The phrase 'Thank you' expresses gratitude and positive regard, which are consistent with in-group affiliation and convey the emotions of admiration and joy toward @Doe."
626414392368832513,test,zero-shot,sendancoats,toddrokita,@D0ntTr3ad @ToddRokita I am supporting legislation to offer legislation to defund Planned Parenthood  http://t.co/YfGqaRIi6h,In-Group,In-Group,None,None,"The speaker is stating their own political action, using 'I am supporting,' which linguistically positions them as speaking from within their own ideological group; the tweet is a declarative policy statement with no emotional expression directed at @Doe."
1174321752631054341,test,zero-shot,repmarkpocan,senwarren,Students shouldn’t suffer when private equity firms close a college or engage in deceptive practices to attract new students.    That’s why @SenWarren &amp; I are joining forces to investigate private equity’s attempt to take over colleges and universities.,In-Group,In-Group,None,Admiration|Interest,"The speaker uses 'we' and 'joining forces' with @Doe, indicating a collaborative in-group relationship; the tweet expresses a policy stance, not a clear emotion directed at @Doe."
1176182511434706945,test,zero-shot,rephorsford,repdebhaaland,@senatemajldr I stand with @RepDebHaaland on #NativeWomensEqualPay Day demanding #EqualPay for my sisters working to support their families.    https://t.co/s3DfOvnbZz,In-Group,In-Group,None,None,"The speaker uses 'my sisters' and 'I stand with @Doe,' indicating alignment and shared group identity; the tweet expresses solidarity and support but no specific emotion toward @Doe."
1154114180083064832,test,zero-shot,repgwenmoore,repdevinnunes,I am old enough to remember when @RepDevinNunes recused himself as the House Ethics Committee also investigated him.   https://t.co/JRil6hCYwJ,Out-Group,Out-Group,None,Anger|Disgust,"The speaker references @Doe's past recusal and investigation in a factual, historical manner with no clear emotional tone or linguistic cues indicating group alignment with @Doe."
