tweet_id,split,condition,tweeter_handle,mentioned_handle,tweet_text,predicted_igr,gold_igr,predicted_emotions,gold_emotions,model_reasoning
344194657753890817,test,cot-thinking,repkevinbrady,gopleader,http://t.co/6z5xYFT6oE launched by @GOPLeader includes every bill introduced in the House.  Choose what bills you’d cosponsor.,Out-Group,In-Group,None,Interest,"The tweet is neutral and factual, providing information about a tool launched by @Doe without expressing any clear emotion or group alignment."
650770630657343489,test,cot-thinking,repmckinley,peterwelch,Mining coal is hard work. Thanks to our miners who keep the lights on. w/ @PeterWelch #bipartisanroadtrip  http://t.co/BuO4RXMybu,In-Group,Out-Group,Admiration,Interest,"The tweet expresses gratitude and admiration towards miners, suggesting a positive tone. The use of 'our miners' indicates an In-Group relationship, and there is no clear emotion expressed toward @Doe."
651165949916155905,test,cot-thinking,senatordurbin,chuckgrassley,"As #SCOTUS opens its doors for a new term, time for Congress to pass @ChuckGrassley's&amp;my #CamerasInTheCourt bill:  http://t.co/3dMRmQWzcD",In-Group,Out-Group,Interest,None,"The speaker refers to a joint bill with @Doe, indicating collaboration and shared goals, suggesting an In-Group relationship. The mention of the bill implies interest in the legislative process."
745741976864055297,test,cot-thinking,repdankildee,speakerryan,".@SpeakerRyan calls #NoBillNoBreak sit-in a ""publicity stunt."" Tens of thousands of gun violence victims &amp; families disagree. #NoMoreSilence",Out-Group,Out-Group,Disgust,Anger|Disgust,"The tweet criticizes @Doe's statement by contrasting it with the views of gun violence victims and families, indicating a negative sentiment and suggesting disgust toward @Doe's dismissal of the sit-in."
339411299849076736,test,cot-thinking,cbrangel,congressmangt,Act would expand care options for #vets - joint bipartisan oped w/ @CongressmanGT Thompson  http://t.co/TIcyBpmpAt,In-Group,Out-Group,None,Interest,"The tweet mentions a joint bipartisan effort with @Doe, suggesting collaboration and alignment, indicating an In-Group relationship. No specific emotion toward @Doe is clearly expressed."
793202599432450050,test,cot-thinking,frankpallone,repdonaldpayne,Toured Port of NY &amp; NJ w/ @RepDonaldPayne &amp; discussed importance of env justice-we need to ensure all communities have access to clean air.  https://t.co/D8YNkpTKaw,In-Group,In-Group,Admiration|Interest,None,"The speaker discusses a collaborative effort with @Doe on environmental justice, indicating a positive and cooperative relationship, suggesting admiration and interest."
864828158599680000,test,cot-thinking,repdianeblack,senthomtillis,Please join me in prayer for my friend @SenThomTillis this morning.  https://t.co/Sckqhvobcd,In-Group,In-Group,None,Sadness,"The speaker refers to @Doe as 'my friend,' indicating an In-Group relationship. No specific emotion toward @Doe is clearly expressed in the tweet."
1214221704580481024,test,cot-thinking,greschenthaler,repbrianfitz,"Deeply saddened to hear of the passing of former Congressman Mike Fitzpatrick, who tirelessly served Bucks County and the Commonwealth. My prayers are with his brother, @RepBrianFitz, and the entire Fitzpatrick family during this difficult time.",Out-Group,In-Group,Sadness,Sadness,"The speaker expresses sadness toward @Doe due to the passing of a family member, indicating an Out-Group relationship as the speaker is offering condolences."
864572413219962880,test,cot-thinking,repdankildee,repdwightevans,Happy birthday to my colleague @RepDwightEvans!,In-Group,In-Group,Joy,Joy,"The speaker refers to @Doe as a colleague, indicating an In-Group relationship. The expression 'Happy birthday' conveys joy."
1219017827555971076,test,cot-thinking,repderekkilmer,rephoulahan,"Quick Questions about Congress w/ Kilmer: a podcast to build understanding, forge relationships, and tackle critical issues. Episode 23 Guest: @RepHoulahan - Air Force veteran, engineer, entrepreneur, educator, and the first woman ever to represent PA-06.  https://t.co/ckqDeZCrch",In-Group,In-Group,Admiration|Interest,Admiration|Interest,"The tweet highlights @Doe's accomplishments and roles positively, indicating admiration and interest, suggesting an In-Group relationship."
743855116583866369,test,cot-thinking,chrismurphyct,sensherrodbrown,Thanks for the Q @SenSherrodBrown! Think of this - 48 were shot DURING the filibuster. Awful. #AskMurphy  https://t.co/k4GvDRRTMG,Out-Group,In-Group,Sadness,Joy,"The speaker expresses sadness about the shooting incident, but there are no clear emotions directed toward @Doe. The use of 'Thanks for the Q' suggests a neutral or polite interaction, indicating @Doe is likely from an Out-Group."
1292171049539383298,test,cot-thinking,senronjohnson,senblumenthal,1/7 @SenBlumenthal’s twisting of classified briefings and repeating of false news reports is beyond the pale.,Out-Group,Out-Group,Anger|Disgust,Anger|Disgust,"The tweet criticizes @Doe for 'twisting' and 'repeating false news,' indicating anger and disgust, suggesting @Doe is part of an Out-Group."
697509790256340995,test,cot-thinking,repdankildee,repfredupton,JUST IN: House passes my bipartisan bill with @RepFredUpton related to #FlintWaterCrisis. 416-2 vote.  Read more:  https://t.co/eohiXni4m2,In-Group,Out-Group,Admiration|Interest|Joy,Interest,"The speaker refers to a bipartisan bill passed with @Doe, indicating collaboration and shared success, suggesting admiration, interest, and joy towards @Doe, who is likely part of the speaker's in-group."
786325578362290176,test,cot-thinking,repricklarsen,pattymurray,Thanks to Larsen &amp; @PattyMurray “thousands of young veteran families [to have] fresh hope at starting a family” via  https://t.co/Pa6PNF6kCn,In-Group,In-Group,Admiration|Joy,Joy,"The tweet expresses gratitude and positive outcomes, indicating admiration and joy towards @Doe, suggesting they are part of the speaker's in-group."
745293732350730244,test,cot-thinking,repjoecourtney,speakerryan,How many mass shootings must this nation endure before @SpeakerRyan and the congressional #GOP will even consider voting to #EndGunViolence?,Out-Group,Out-Group,Anger|Disgust|Sadness,Anger|Disgust,"The speaker is addressing @Doe and the congressional GOP as an Out-Group, expressing anger and disgust at their inaction on gun violence, and sadness over the ongoing mass shootings."
1222663873209294850,test,cot-thinking,repdavejoyce,gopleader,Winnie had a doggone good talk with @GOPLeader tonight  https://t.co/lu5PR0dn7E,In-Group,In-Group,Interest|Joy,Interest,"The phrase 'doggone good talk' suggests a positive interaction, indicating interest and joy, and implies that @Doe is part of the speaker's in-group."
390173884013498368,test,cot-thinking,reppaultonko,speakerboehner,.@SpeakerBoehner could end this shutdown today with bipartisan support:  https://t.co/bULtaJOm2K,Out-Group,Out-Group,None,Anger,"The tweet suggests that @Doe has the power to end the shutdown, implying a critique rather than an emotional response. There are no clear emotional cues toward @Doe, and the context suggests @Doe is part of an Out-Group."
390514193310289920,test,cot-thinking,marshablackburn,desjarlaistn04,"Thanks to @DesJarlaisTN04 for helping to rid the government of waste, fraud, and abuse.",In-Group,In-Group,Admiration,Admiration,"The tweet expresses gratitude and appreciation toward @Doe, indicating admiration. The positive tone suggests @Doe is part of the speaker's In-Group."
1373674532549066756,test,cot-thinking,rephorsford,ronwyden,"Throughout this pandemic, my office has heard from countless #NV04 constituents about their struggles to get unemployment benefits.  I'm working with @RonWyden to bring our unemployment systems into the 21st century. Learn more ⬇️   https://t.co/8VYNMzc284",In-Group,In-Group,Admiration|Interest,Interest,"The speaker is collaborating with @Doe, suggesting they are part of the same group working towards a common goal. The tone indicates admiration and interest in the collaboration to improve unemployment systems."
858289772065726464,test,cot-thinking,senatorsinema,repmobrooks,Happy birthday @RepMoBrooks!,In-Group,Out-Group,Joy,Joy,"The tweet expresses a positive sentiment, likely indicating a friendly or familiar relationship, suggesting an In-Group dynamic. The use of 'Happy birthday' conveys joy."
745702311872307200,test,cot-thinking,repbonamici,senatorbaldwin,So great to see @SenatorBaldwin join us on the floor. #NoBillNoBreak #sitin,In-Group,In-Group,Admiration|Joy,Joy,"The tweet expresses positive emotions such as admiration and joy towards @Doe for joining the speaker's group, indicating an In-Group relationship."
1311809228697460738,test,cot-thinking,repmeuser,repdavidtrone,"Tonight, the House passed the Family Support Services for Addiction Act, bipartisan legislation I introduced with @RepDavidTrone. This legislation would provide federal aid to national and local nonprofit organizations that serve families impacted by addiction.  https://t.co/km9Gfrfly8",In-Group,Out-Group,Admiration|Interest|Joy,None,"The speaker collaborates with @Doe on bipartisan legislation, indicating an In-Group relationship. The tone suggests admiration, interest, and joy in the successful passage of the legislation."
302893110659260420,test,cot-thinking,frankpallone,speakerboehner,#GOP left town again w no deal to stop economy killing cuts #NoDealNoBreak. Time to get back to work @SpeakerBoehner,Out-Group,Out-Group,Anger,Anger,"The tweet criticizes the GOP for leaving without a deal, indicating frustration and anger towards them, suggesting they are an Out-Group."
787384658191196160,test,cot-thinking,robert_aderholt,repandyharrismd,A solid conservative with a depth of understanding of complex issues. Proud to have him on Ag Appropriations subcommittee @RepAndyHarrisMD  https://t.co/Ct1FNqYQZh,In-Group,In-Group,Admiration|Joy,Admiration,"The speaker expresses admiration and pride towards @Doe, indicating positive emotions and suggesting that @Doe is part of the speaker's political group."
745678516860026880,test,cot-thinking,senatorbaldwin,repjohnlewis,I support @repjohnlewis and all my #GoodTrouble friends in the House. The time is now. #NoBillNoBreak,In-Group,In-Group,Admiration|Interest|Joy,Joy,"The speaker expresses support and alignment with @Doe and others using positive language, indicating admiration, interest, and joy, suggesting they are part of the same group."
1311059791192743938,test,cot-thinking,senatorbaldwin,senatordurbin,Today I joined @SenatorDurbin to provide tax relief to Wisconsin workers and families that will help them get through these tough times. We need to act now to help unemployed workers get through this crisis.  https://t.co/E5FLY00TsH,In-Group,In-Group,Admiration,Interest,"The speaker expresses a positive action taken with @Doe, indicating admiration and suggesting they are part of the same group working together to address a crisis."
1227746833038004224,test,cot-thinking,repbrianfitz,chriscoons,Thank you @ChrisCoons for working with me to promote bipartisan solutions to combat climate change and improve our infrastructure.,Out-Group,Out-Group,Admiration|Interest|Joy,Admiration|Joy,"The speaker expresses gratitude and collaboration, suggesting admiration, interest, and joy. The mention of 'bipartisan solutions' implies @Doe is from a different political group, indicating an Out-Group relationship."
725400576314449921,test,cot-thinking,repswalwell,speakerryan,"Gutting Social Security isn't on the table, @SpeakerRyan, and it never will be. #RyanAtGU",Out-Group,Out-Group,None,Disgust,"The speaker is addressing @Doe in a corrective manner, suggesting disagreement, which implies an Out-Group relationship. No specific emotion toward @Doe is clearly expressed."
337293856649404417,test,cot-thinking,senjohnmccain,grahamblog,Will be discussing #Iran sanctions w/ @GrahamBlog on floor in a few minutes  http://t.co/SEuovsKTKP,In-Group,In-Group,Interest,Interest,"The tweet indicates a neutral or professional interaction with @Doe, suggesting they are part of the same political or professional group. The mention of discussing a topic shows interest."
1222946342345039872,test,cot-thinking,repmaloney,repbarbaralee,"We must pass @RepBarbaraLee's amendment to repeal the #AUMF against Iraq. The amendment exercises our constitutional authority, reflects the will of the American people, &amp; is the first step to ending our endless wars. My full statement:  https://t.co/cl6A9xoQyN",In-Group,In-Group,Admiration|Interest,Interest,"The speaker supports @Doe's amendment, indicating admiration and interest, suggesting they are in the same political group or share similar goals."
395576532820692992,test,cot-thinking,senatorkirk,senatordurbin,My bill with @SenatorDurbin to encourage states to put epinephrine pens in schools passed committee unanimously. This bill will save lives.,In-Group,Out-Group,Admiration|Joy,None,"The speaker expresses admiration and joy towards @Doe for their collaboration on a successful bill, indicating they are likely part of the same group working towards a common goal."
337281260290469888,test,cot-thinking,speakerboehner,reptommarino,#4jobs RT @RepTomMarino: 2/3 of Americans support construction of the #KeystoneXL pipeline. It's #TimetoBuild  http://t.co/AJguyv0LtJ,In-Group,In-Group,Interest,Interest,"The tweet is retweeting @Doe's message about the Keystone XL pipeline, suggesting alignment or agreement, indicating an In-Group relationship. The use of hashtags like #4jobs and #TimetoBuild suggests interest in the topic."
1223316314514694144,test,cot-thinking,repmarkgreen,speakerpelosi,".@SpeakerPelosi has said outright, “We cannot accept a second term for Donald Trump if we are going to be faithful to our democracy and to the Constitution of the United States.” Ironically, her impeachment on party lines does exactly that: it’s unfaithful to our Constitution.",Out-Group,Out-Group,Disgust,Anger|Disgust,"The speaker criticizes @Doe's actions as being unfaithful to the Constitution, indicating a negative sentiment and suggesting an Out-Group relationship with a tone of disgust."
1278390663797551104,test,cot-thinking,repdavidrouzer,speakerpelosi,"The Dem ""highway bill"" is nothing more than a messaging bill, crafted by @SpeakerPelosi to appease the hard-core Left.  It will go no further than the House, and it will not do a single thing to help modernize our infrastructure or make our roads and highways safer.",Out-Group,Out-Group,Disgust,Anger|Disgust,"The speaker criticizes the bill as a 'messaging bill' and implies it is ineffective, indicating a negative view towards @Doe, suggesting disgust."
343089895797030912,test,cot-thinking,repdonyoung,john_dingell,Congrats to @john_dingell on his milestone today! We can all learn from him that compromise is an honorable word  http://t.co/yAkCjnRXhI,In-Group,Out-Group,Admiration|Joy,Admiration|Joy,"The tweet congratulates @Doe and praises his ability to compromise, indicating admiration and joy. The positive tone and use of 'we' suggest an In-Group relationship."
738467999036772353,test,cot-thinking,repspeier,speakerryan,".@SpeakerRyan instead of Obamacare, “restoring” our Constitution, let’s focus on the real issues facing Americans #DoYourJob",Out-Group,Out-Group,Anger,Anger|Disgust,"The tweet criticizes @Doe for focusing on the wrong issues, indicating anger towards an out-group member."
412607674635669504,test,cot-thinking,roslehtinen,bradsherman,Introduced w @BradSherman bipartisan bill 2 strengthen Cong oversight over nuclear deals + protect from proliferation  http://t.co/SiuIt89PuJ,In-Group,Out-Group,Interest,None,"The tweet describes a collaborative effort with @Doe on a bipartisan bill, suggesting they are part of the same political group or coalition. The mention of a bipartisan bill indicates interest in the legislative process."
645281076911312896,test,cot-thinking,senatorsinema,senatortimscott,"Happy birthday, @SenatorTimScott!",In-Group,Out-Group,Joy,Joy,"The tweet expresses a positive sentiment, likely indicating a friendly or familiar relationship, suggesting an In-Group dynamic. The use of 'Happy birthday' conveys joy."
1304066293235093507,test,cot-thinking,normajtorres,repjerrynadler,Our federal #Marijuana laws have achieved nothing for the American people besides generations of incarcerated black &amp; brown kids. It’s time to admit that ugly truth and right this wrong. I support @RepJerryNadler's #MOREAct  https://t.co/BrX8w9nMrT,In-Group,In-Group,Admiration,None,"The speaker expresses support for @Doe's #MOREAct, indicating admiration for their efforts, suggesting they are part of the same political or ideological group."
341562538191896576,test,cot-thinking,sendeanheller,franklautenberg,Saddened 2 hear we lost a great man &amp; our last WWII vet in the Senate.Thoughts &amp; prayers are w/ the family &amp; friends of Sen @FrankLautenberg,In-Group,Out-Group,Sadness,Admiration|Sadness,"The speaker expresses sadness over the loss of a senator, indicating an In-Group relationship. The emotion of sadness is explicitly mentioned."
420641678052315136,test,cot-thinking,repmaloney,repjerrynadler,Joining @OFA_NY @RepJerryNadler 2 demand that Congress not leave 1.3M Americans #OutInTheCold #RenewUI  http://t.co/Q7dHEOzIpt,In-Group,In-Group,Interest,Interest,"The speaker is joining @Doe and @OFA_NY, suggesting they are part of the same group advocating for a cause. The tweet expresses interest in the issue of unemployment benefits."
1196523614406955008,test,cot-thinking,repbrownley,repmikelevin,"Proud to join @RepMikeLevin in introducing the State Authorization Improvement Act, to make sure that we protect our students &amp; veteran students from undue burden when they face the disruption of their school closing. I look forward to working with him to move this bill forward.",In-Group,In-Group,Admiration|Interest|Joy,Joy,"The speaker expresses admiration and joy towards @Doe by stating they are proud to join him and look forward to working together, indicating a positive in-group relationship. Interest is also shown in the collaboration on the bill."
1306951233383673857,test,cot-thinking,repkclark,repdavidtrone,.@RepDavidTrone and his family know the challenge of helping a loved one with substance use disorder. It's critical that we extend access to treatment options with telehealth and #endthestigma around accessing mental health and addiction services. #RecoveryMonth  https://t.co/Gvwj4MTJRn,In-Group,In-Group,Admiration|Interest,Interest,"The tweet expresses admiration for @Doe's understanding of substance use disorder challenges, indicating an In-Group relationship. It also shows interest in the topic of mental health and addiction services."
696719609194549248,test,cot-thinking,repjeffries,repgracemeng,"Today we celebrate the #LunarNewYear, with public schools off for the first time. Thanks @RepGraceMeng #YearoftheMonkey",In-Group,In-Group,Admiration|Joy,Joy,"The tweet expresses gratitude and celebration, indicating admiration and joy towards @Doe, suggesting they are part of the speaker's in-group."
1303833743002603520,test,cot-thinking,senatormenendez,senjackreed,Too many of my Republican colleagues have stood silent instead of forcefully and unequivocally condemning the President’s words. That’s why I’m supporting @SenatorDuckworth &amp; @SenJackReed’s resolution to condemn Trump’s disparaging comments.,Out-Group,In-Group,Admiration,Admiration,"The speaker criticizes their Republican colleagues, indicating an Out-Group relationship. The support for @Doe's resolution suggests admiration."
803609109954232320,test,cot-thinking,repsanfordsc,reptomprice,"A quick note of congratulations to my colleague, Budget Committee Chairman @RepTomPrice, for his nomination as Secretary of HHS!",In-Group,In-Group,Admiration|Joy,Joy,"The speaker refers to @Doe as a colleague, indicating an In-Group relationship. The tone is congratulatory, expressing admiration and joy for @Doe's nomination."
1394457714722590722,test,cot-thinking,repashleyhinson,senjoniernst,The care VA employees provide for our veterans is critical. But they can’t provide the best care—the care our veterans deserve—if they are suffering in a hostile work environment. I teamed up with @SenJoniErnst to take on sexual harassment at the VA. #IA01 Watch:  https://t.co/L1NRru6F2Q,In-Group,In-Group,Admiration,None,"The speaker expresses admiration for @Doe by highlighting their collaboration to address a serious issue, indicating a positive relationship and shared goals."
1194744500951928835,test,cot-thinking,senatorshaheen,chuckgrassley,I’m going to the Senate floor with @ChuckGrassley to urge our colleagues to support our bipartisan bill that would help deliver rights to survivors of sexual assault in every state. Watch live here:  https://t.co/NXmhms6mvk,In-Group,Out-Group,Admiration|Interest,Interest,"The speaker is collaborating with @Doe on a bipartisan bill, indicating they are in the same group. The tone suggests admiration and interest in the joint effort to support survivors of sexual assault."
1395440609666732037,test,cot-thinking,gopleader,repwalberg,"Between remote learning and working from home, the lack of access to reliable broadband around the country has only become more apparent during the Covid-19 pandemic.  @RepWalberg shares how the digital divide affects all Americans.  https://t.co/H3rHy0uDpm",In-Group,In-Group,Interest,Interest,"The tweet discusses a common issue affecting all Americans, suggesting a shared concern, indicating an In-Group relationship. The mention of @Doe sharing information about the digital divide suggests interest in their perspective."
1396137328201146371,test,cot-thinking,rephagedorn,speakerpelosi,"For months, @SpeakerPelosi militarized the Capitol Hill campus and turned it into a compound. It still remains on lockdown and a barrier to the American people. Now, the Democrats are pushing this completely wasteful bill of nearly $2 billion.",Out-Group,Out-Group,Anger|Disgust,Anger|Disgust,"The speaker criticizes @Doe for militarizing the Capitol and describes the bill as wasteful, indicating anger and disgust toward an out-group member."
1397242225688518661,test,cot-thinking,repschneider,gopleader,"I am drafting a resolution to censure Rep. Marjorie Taylor Greene. I hope that if @GOPLeader  truly believes that what Rep. Greene said was ‘appalling,’ he will join our effort to censure her.",Out-Group,Out-Group,Interest,None,"The speaker is addressing @Doe as someone who might join their effort, indicating @Doe is not part of their immediate group. The speaker expresses interest in @Doe's potential support."
422432726046629888,test,cot-thinking,repswalwell,reppittenger,"We are on the board, @RepPittenger! #QuestForSix",In-Group,Out-Group,Joy,Interest|Joy,"The use of 'we' suggests the speaker is part of the same group as @Doe, indicating an In-Group relationship. The phrase 'We are on the board' and the hashtag '#QuestForSix' suggest a positive achievement, expressing Joy."
733706964899909632,test,cot-thinking,repkclark,repwilson,.@RepWilson thank you for your leadership &amp; advocacy! Every student deserves a fair shot.  https://t.co/Kek5EKiaPO  https://t.co/P0cV98XInB,In-Group,In-Group,Admiration,Admiration|Joy,"The tweet expresses gratitude and appreciation for @Doe's leadership and advocacy, indicating admiration and suggesting that @Doe is part of the speaker's in-group."
1398263081160085506,test,cot-thinking,repbrianfitz,repconorlamb,Our new bipartisan legislation will strip China of their sovereign immunity as Saudi Arabia was post 9/11. US citizens deserve access to sue the Chinese Communist Party for financial damages incurred as a result of COVID. Thanks @RepConorLamb for joining me in this mission.(2/2),In-Group,Out-Group,Admiration,Admiration,"The speaker expresses gratitude and support for @Doe, indicating admiration and suggesting they are part of the same group working on the legislation."
801788967234506752,test,cot-thinking,senatortimscott,tgowdysc,"7. My friend @tgowdysc, who is not only a good friend, but also makes me #Thankful I don’t have to get my haircut.",In-Group,In-Group,Admiration|Joy,Joy,"The speaker refers to @Doe as a 'good friend' and expresses gratitude, indicating admiration and joy, suggesting an In-Group relationship."
1194990107318726663,test,cot-thinking,repmattgaetz,repadamschiff,.@RepAdamSchiff's dirty tricks can't change the facts.    https://t.co/ZvNc2Nhljc,Out-Group,Out-Group,Anger|Disgust,Anger|Disgust,"The tweet uses negative language ('dirty tricks') suggesting anger and disgust towards @Doe, indicating they are part of an Out-Group."
1299349027943624705,test,cot-thinking,repjoeneguse,repdeanphillips,Count me in @RepDeanPhillips!,In-Group,In-Group,Interest,Joy,"The phrase 'Count me in' suggests alignment or agreement, indicating an In-Group relationship and expressing interest in joining or supporting @Doe."
647469180053274624,test,cot-thinking,repdonbeyer,repbradashford,Thanks for your support to #PayOurFeds @RepBradAshford!   https://t.co/zkANKuZnBY,In-Group,In-Group,Admiration|Joy,Joy,"The tweet expresses gratitude and support, indicating admiration and joy towards @Doe, suggesting they are part of the same group."
343042397443330048,test,cot-thinking,repmiketurner,speakerboehner,"Thank you, @SpeakerBoehner! #DelphiSalariedRetirees deserve answers. We’re not giving up!",In-Group,In-Group,Admiration,Joy,"The speaker expresses gratitude toward @Doe, indicating admiration and suggesting that @Doe is part of the speaker's in-group working towards a common goal."
725742290216607744,test,cot-thinking,stevescalise,repfrenchhill,.@RepFrenchHill is leading a bipartisan effort to increase your ability to access investment information.  https://t.co/Bu9jDCMkYt,Out-Group,In-Group,Admiration,Interest,"The tweet uses a neutral tone to describe @Doe's leadership in a bipartisan effort, suggesting admiration for their initiative. The use of 'bipartisan' implies @Doe is from a different group."
1384957845792231429,test,cot-thinking,repcawthorn,repmaxinewaters,The Democrat’s double standard is unbearable.   @RepMaxineWaters incited violence on video and Democrats turned a blind eye.   Absolutely appalling.,Out-Group,Out-Group,Anger|Disgust,Disgust,"The speaker criticizes Democrats and @Doe, indicating they are discussing an Out-Group. The language 'unbearable' and 'appalling' suggests anger and disgust toward @Doe."
743303700723052544,test,cot-thinking,senatordurbin,chrismurphyct,.@ChrisMurphyCT's #filibuster continues. We want action on gun violence now. Watch LIVE:  https://t.co/6QQhcjkD5i #Enough,Out-Group,In-Group,Anger|Interest,Anger|Disgust,"The tweet expresses frustration and urgency for action on gun violence, indicating anger towards @Doe's filibuster. The call to watch live suggests interest in the ongoing event."
856900642270584832,test,cot-thinking,repraskin,repcummings,"As Chaffetz &amp; @RepCummings say, no evidence #Flynn got permission to collect income from Russian or Turkish governments. That's illegal.  https://t.co/r0sBh04eGl",Out-Group,In-Group,None,Interest,"The tweet references @Doe in a neutral manner, simply stating a fact about a legal issue without expressing any clear emotion or group alignment."
401405815057158144,test,cot-thinking,senatorenzi,senatorwicker,"I'm a cosponsor of @SenatorWicker's S. 1632, which would give states more 10th Amend. standing to challenge federal rules.",In-Group,In-Group,Admiration|Interest,None,"The speaker is a cosponsor of @Doe's bill, indicating alignment and support, suggesting admiration and interest in the legislative effort."
864897454453477376,test,cot-thinking,senmarkey,maziehirono,@maziehirono Sending my best wishes for a quick and healthy recovery to @maziehirono &amp; her family during this time.,In-Group,In-Group,None,Sadness,"The tweet expresses well-wishes and support, suggesting a positive relationship, but does not clearly convey any of the specified emotions toward @Doe."
1300982033477439489,test,cot-thinking,reproybalallard,leaderhoyer,"See my winning graphic on universal maskwearing, which received top prize in @LeaderHoyer's 2020 Member Online All-Star Competition! If you’re out in public, WEAR A MASK and help us stop the continued massive toll of COVID cases.  https://t.co/cvsC3QMc5a",In-Group,In-Group,Admiration|Joy,None,"The speaker expresses admiration and joy towards @Doe by highlighting their achievement in @Doe's competition, suggesting a positive relationship and shared values, indicating an In-Group relationship."
343085798092046337,test,cot-thinking,reptierney,john_dingell,"Congratulations to my colleague @john_dingell who – at 20,977 days – has become the longest serving Member of Congress.",In-Group,In-Group,Admiration|Joy,Admiration|Joy,"The use of 'colleague' suggests an In-Group relationship, and the congratulatory tone indicates admiration and joy toward @Doe."
743204455210950656,test,cot-thinking,repscottpeters,chrismurphyct,.@ChrisMurphyCT is calling for universal background checks &amp; denying suspected terrorists from purchasing firearms.  https://t.co/LjOYddye3e,Out-Group,In-Group,None,Interest,The tweet neutrally reports @Doe's actions without expressing any clear emotion or group alignment.
410457457773654016,test,cot-thinking,senjeffmerkley,sencarllevin,My statement w/ @SenCarlLevin on the final Volcker Rule.  http://t.co/uwcFw9Mula,In-Group,In-Group,None,Interest,"The tweet is neutral and factual, indicating a collaboration with @Doe, suggesting an In-Group relationship. No specific emotions are expressed toward @Doe."
804397631480954880,test,cot-thinking,gerryconnolly,repmarkmeadows,Great work by my colleague @RepMarkMeadows. This bill provides a level playing field &amp; ensures taxpayers are getting the best possible value  https://t.co/y99daWq5oJ,In-Group,Out-Group,Admiration,None,"The speaker refers to @Doe as 'my colleague,' indicating an In-Group relationship. The phrase 'Great work' expresses admiration toward @Doe."
402830173063491584,test,cot-thinking,sendeanheller,sengillibrand,Protecting sexual assault victims should be a top priority. I will support Senator @SenGillibrand's #MJIA legislation. #passMJIA,In-Group,Out-Group,Admiration|Interest,Interest,"The speaker expresses support for Senator @Doe's legislation, indicating admiration and interest, suggesting they are in the same political or ideological group."
867126960450830336,test,cot-thinking,reprutherfordfl,drnealdunnfl2,"Proud to co-sponsor the VICTOR Act with @DrNealDunnFL2, which will help us save veterans' lives.  https://t.co/vnbvjl0A5F",In-Group,In-Group,Admiration|Interest|Joy,Joy,"The speaker expresses pride and collaboration with @Doe, indicating admiration, interest, and joy, suggesting they are part of the same group working towards a common goal."
299532510688313344,test,cot-thinking,reptomprice,drphilroe,Great op-ed in 'The Hill' by my good friend @DrPhilRoe in support of #RequireAPlan!  http://t.co/I5GBXcPj #tcot,In-Group,In-Group,Admiration|Interest,Joy,"The speaker refers to @Doe as 'my good friend,' indicating an In-Group relationship. The use of 'great' and 'support' suggests admiration and interest in @Doe's op-ed."
402889093949829120,test,cot-thinking,repscottpeters,jahimes,Amen. 40% of fortune 500 by immig &amp; 2nd gen. RT @jahimes: Comprehensive Immigration Reform would really help startups too. #EntrepreneursDay,In-Group,In-Group,Admiration|Interest,None,"The speaker agrees with @Doe's statement, indicating admiration and interest in the topic of immigration reform and its benefits for startups, suggesting they are in the same group or share similar views."
649270562863345664,test,cot-thinking,reploisfrankel,roslehtinen,Thanks to my good friend @RosLehtinen for speaking to #2015WashingtonSummit &amp; your great bipartisan work for FL!  http://t.co/g16egARhxq,In-Group,Out-Group,Admiration|Joy,Admiration|Joy,"The speaker refers to @Doe as a 'good friend' and praises their 'great bipartisan work,' indicating admiration and joy, and suggesting they are part of the same group."
1388215346906079233,test,cot-thinking,ronwyden,senwarren,Here’s more about my child care/early learning legislation in the Senate with @SenWarren:  https://t.co/vdhLLw7n5Q,In-Group,In-Group,Interest,Interest,"The speaker is collaborating with @Doe on legislation, suggesting they are part of the same political group or coalition. The tweet expresses interest in the legislation without any clear emotional cues toward @Doe."
647518938851577856,test,cot-thinking,repcummings,speakerboehner,"Although we've often disagreed, I have never doubted @SpeakerBoehner's commitment to making the House work on behalf of all Americans.",Out-Group,Out-Group,Admiration,Admiration,"The speaker acknowledges disagreements, suggesting @Doe is from an Out-Group, but expresses admiration for @Doe's commitment."
1202726142131810304,test,cot-thinking,repjoecourtney,jahimes,"Congratulations to my friend @jahimes for his work to curb insider trading. I was proud to vote for his #bipartisan bill, which passed the House with overwhelming support from both sides of the aisle. Another example that the House is getting work done for the American people.",In-Group,In-Group,Admiration|Joy,Admiration,"The speaker refers to @Doe as 'my friend' and expresses pride and congratulations, indicating admiration and joy, suggesting they are in the same group."
872182480023040001,test,cot-thinking,repjeffries,speakerryan,Still waiting for @SpeakerRyan to put country over party and support #IndependentCommission  https://t.co/4PXxNI2Pn8,Out-Group,Out-Group,None,Anger|Disgust,"The tweet suggests a lack of alignment with @Doe, indicating an Out-Group relationship. No specific emotion is clearly expressed toward @Doe."
1207679673385271297,test,cot-thinking,repespaillat,repdebdingell,"I stand with @RepDebDingell in support of our efforts to uphold Democracy and fight for families, and we honor the legacy of #JohnDingell and his service to our country.   There is no limit to how low Donald Trump will go when he's confronted by justice. #ImpeachedPresident",In-Group,In-Group,Admiration,Joy,"The speaker expresses support and alignment with @Doe, indicating an In-Group relationship and admiration for their efforts and legacy."
1369369629840248834,test,cot-thinking,repbillfoster,repbrianfitz,Student debt is a serious economic burden for too many Americans and is keeping talented professionals from pursuing careers in public service.   That’s why @RepBrianFitz and I introduced the Public Service Loan Forgiveness Inclusion Act of 2021.    https://t.co/9VCsirWWBx,In-Group,Out-Group,Admiration,Interest,"The speaker collaborates with @Doe on legislation, indicating they are likely part of the same political group or coalition. The tone suggests admiration for @Doe's involvement in addressing student debt."
849671094634262529,test,cot-thinking,repgracemeng,repstephmurphy,Stephen Bannon has been removed from NSC! Congrats to @RepStephMurphy for spearheading efforts to see him removed.  https://t.co/0flI1zD3uT,In-Group,In-Group,Admiration|Joy,Admiration|Joy,"The tweet congratulates @Doe for their efforts, indicating admiration and joy, suggesting the speaker views @Doe as part of their In-Group."
386247371895476224,test,cot-thinking,repfinchertn08,senatorreid,.@SenatorReid called House efforts to pay those in uniform “pointless”  http://t.co/i4BLFhPfA4 #HeartlessHarry #PJNET,Out-Group,Out-Group,Anger|Disgust,Anger|Disgust,"The use of the hashtag #HeartlessHarry and the negative framing of @Doe's statement suggest anger and disgust toward @Doe, indicating an Out-Group relationship."
760902333672808448,test,cot-thinking,warrendavidson,senronjohnson,I agree with @SenRonJohnson. Elected officials need to focus on real issues that threaten us like economy and ISIS.  https://t.co/nIhobt0Ogb,In-Group,In-Group,Admiration,Interest,"The speaker agrees with @Doe, indicating they are likely in the same group. The agreement suggests admiration toward @Doe's stance."
1261473177831686151,test,cot-thinking,rephagedorn,speakerpelosi,"I voted against @SpeakerPelosi’s partisan wish list. This bill was an unserious messaging ploy that focuses more on nationalizing our elections than it does to providing needed relief to our farmers, rural hospitals and small businesses. Read more:   https://t.co/pLLXDoL9mu",Out-Group,Out-Group,Anger|Disgust,Anger|Disgust,"The speaker criticizes @Doe's bill as a 'partisan wish list' and 'unserious messaging ploy,' indicating anger and disgust toward an out-group member."
773293068028145664,test,cot-thinking,senthomtillis,senatorreid,More political games from @SenatorReid​ tonight as he blocked funding for our #military. #FundOurTroops  https://t.co/2mordGLTsI,Out-Group,Out-Group,Anger|Disgust,Anger|Disgust,"The tweet criticizes @Doe for blocking military funding, indicating an Out-Group relationship. The tone suggests anger and disgust towards @Doe's actions."
836363573093859328,test,cot-thinking,repraskin,repstephmurphy,Proud cosponsor of @RepStephMurphy's bill #HR804 to stop POTUS from putting political operatives (like Bannon) on the #NSC. #NatSec  https://t.co/DJSZts2cYA,In-Group,In-Group,Admiration,Joy,"The speaker expresses pride in cosponsoring @Doe's bill, indicating admiration and suggesting they are part of the same political group or coalition."
1261060979342835714,test,cot-thinking,repchiproy,speakerpelosi,We know @SpeakerPelosi’s $3 trillion #HEROESAct won’t pass. Why is she wasting time w/ political games while Americans are hurting? I have a bipartisan bill to provide essential capital to millions of small businesses. Enough politics. Let’s work together to deliver for America.  https://t.co/txpxN7zxfH,Out-Group,Out-Group,Anger|Disgust,Anger|Disgust,"The speaker criticizes @Doe for wasting time with political games, indicating anger and disgust toward her actions, suggesting she is part of an opposing group."
1261005836295581696,test,cot-thinking,senatorshaheen,senkevincramer,"Today @SenKevinCramer and I called for immediate passage of legislation to add the 74 sailors lost aboard the USS Frank E. Evans to the Vietnam Memorial. As we approach Memorial Day, honoring the sacrifice of these sailors is overdue.  https://t.co/ncNDpw3koQ",In-Group,Out-Group,Admiration|Interest,Admiration,"The speaker collaborates with @Doe on a shared goal, indicating an In-Group relationship. The tone suggests admiration and interest in honoring the sailors' sacrifice."
683775342960455681,test,cot-thinking,repdandonovan,reppeteking,"Well said, @RepPeteKing   https://t.co/unrkFNWdvB",In-Group,In-Group,Admiration,Joy,"The phrase 'Well said' suggests agreement and positive regard, indicating admiration toward @Doe, who is likely part of the speaker's in-group."
1284117925704667138,test,cot-thinking,chriscoons,senatorwicker,Millions of Americans have had their driver’s license suspended because they cannot pay fines – not for safety concerns. That’s unacceptable.   That’s why @SenatorWicker and I introduced the Driving for Opportunity Act to create incentives to end debt-based license suspensions.,In-Group,Out-Group,Admiration|Interest,Interest,"The speaker collaborates with @Doe on legislation, indicating they are in the same political group or coalition. The tone shows admiration and interest in working together on the issue."
1260620506467758086,test,cot-thinking,repjuanvargas,repraulgrijalva,"Essential workers have been undervalued for far too long, yet we’ve asked them to do so much.   I’m proud to have joined @RepRaulGrijalva’s effort to secure hazard pay and workplace protections for essential workers and support its inclusion in the #HeroesAct.",In-Group,In-Group,Admiration|Joy,Joy,"The speaker expresses admiration and joy towards @Doe by highlighting their joint effort to support essential workers, indicating a positive in-group relationship."
819891761157906432,test,cot-thinking,senatorsinema,repthomasmassie,Happy birthday @RepThomasMassie!,In-Group,Out-Group,Joy,Joy,"The tweet expresses a positive sentiment, likely indicating a friendly or familiar relationship, suggesting an In-Group dynamic. The use of 'Happy birthday' conveys joy."
330070900986765313,test,cot-thinking,desjarlaistn04,senatorreid,"We aren't spending ENOUGH money on #Obamacare, @SenatorReid? What about the $8M spent on PR gurus to promote #ACA? #TN04 #tcot",Out-Group,Out-Group,Anger|Disgust,Disgust,"The tweet uses a sarcastic tone and questions the spending on Obamacare, indicating anger and disgust towards @Doe, likely seen as part of an opposing group."
332160488676929537,test,cot-thinking,askgeorge,speakerboehner,.@SpeakerBoehner says US should #PayChinaFirst? #Dems can think of better options like supporting small businesses  http://t.co/a9qWTqtTOu,Out-Group,Out-Group,Disgust,Anger|Disgust,"The tweet criticizes @Doe's suggestion, implying disapproval and disgust, and contrasts it with a preference for supporting small businesses, indicating @Doe is seen as part of an Out-Group."
755946498815168512,test,cot-thinking,repcuellar,repmarktakai,My heart &amp; prayers go out 2 the family of my colleague @RepMarkTakai who passed away today. Mark selflessly served Hawai’i &amp; USA #MahaloMark,In-Group,In-Group,Admiration|Sadness,Sadness,"The speaker refers to @Doe as a colleague, indicating an In-Group relationship. The tweet expresses admiration for @Doe's service and sadness over their passing."
1260352892906717191,test,cot-thinking,senatorbraun,lindseygrahamsc,"China’s failure to operate on-the-level regarding COVID-19 has caused untold global devastation, and they must be held accountable. If China won’t cooperate with the reasonable measures in ⁦@LindseyGrahamSC⁩’s bill then they should face consequences.  https://t.co/W1l9OnBcSL",Out-Group,In-Group,Anger|Disgust,Interest,"The tweet expresses anger and disgust towards China for their handling of COVID-19, indicating an Out-Group relationship. There is no clear emotion expressed toward @Doe."
755855469801988096,test,cot-thinking,repdesaulnier,repmarktakai,Deeply saddened to learn of the passing of @RepMarkTakai. He was a good man &amp; wonderful colleague. He will be missed  https://t.co/7zVvM2e7pp,In-Group,In-Group,Admiration|Sadness,Admiration|Sadness,"The speaker expresses sadness and admiration for @Doe, indicating a close relationship, suggesting @Doe is part of the speaker's In-Group."
776096283224408097,test,cot-thinking,reppeteaguilar,speakerryan,Thousands were lost to #gunviolence during the August recess. @SpeakerRyan – we cannot wait any longer #GunVote #DoYourJob,Out-Group,Out-Group,Anger|Sadness,Anger|Disgust,"The tweet expresses anger and urgency towards @Doe for inaction on gun violence, indicating an Out-Group relationship. Sadness is also present due to the mention of lives lost."
1355233210356137986,test,cot-thinking,repsteel,repjeffduncan,👏We need answers on these anti-competitive market practices that hurt people to benefit hedge funds. Proud to sign my name &amp; join you @RepJeffDuncan.,In-Group,In-Group,Admiration,Joy,"The speaker expresses admiration for @Doe by joining them in a cause, indicating they are likely part of the same group working towards a common goal."
718169807678488576,test,cot-thinking,repdonbeyer,repbonamici,I led a letter with @RepBonamici seeking increased funds for the Integrated Ocean Acidification research program to help tackle this problem,In-Group,In-Group,Admiration|Interest,None,"The speaker collaborates with @Doe on a positive initiative, indicating admiration and interest, suggesting they are part of the same group working towards a common goal."
678249095564234752,test,cot-thinking,repalexmooney,repsamgraves,Blue and Gold are going to look good on you @RepSamGraves  #GoRams  https://t.co/vnK3uKMPAc…,In-Group,In-Group,Admiration|Interest|Joy,Joy,"The tweet expresses positive emotions such as admiration, interest, and joy towards @Doe, likely indicating they are part of the same group, as suggested by the supportive tone and hashtag #GoRams."
839188333842612224,test,cot-thinking,repteddeutch,speakerryan,.@SpeakerRyan will any House committees be holding hearings on lottery winners enrolled in Medicaid before we vote?   https://t.co/xeuMU37s6W,Out-Group,Out-Group,Interest,Interest,"The tweet questions @Doe about a political issue, suggesting interest in their response. The tone is neutral and does not express any clear emotion beyond interest."
707569122100584448,test,cot-thinking,chuckgrassley,senjoniernst,morganmelon is an intern for @senjoniernst She is from Pleasant Valley  https://t.co/0GoK3JOn2V,In-Group,In-Group,None,None,The tweet provides factual information about morganmelon being an intern for @Doe without expressing any clear emotion or evaluative language toward @Doe.
707295015605678080,test,cot-thinking,repstefanik,greggharper,I'm proud to support  @GreggHarper's bill to help those who care for our most vulnerable populations. #NY21  https://t.co/s1ZyPxv0Jb,In-Group,In-Group,Admiration|Joy,Joy,"The speaker expresses pride and support for @Doe's bill, indicating admiration and joy, suggesting they are part of the same group or aligned in their goals."
1262454250040410112,test,cot-thinking,repfredkeller,congressmanhice,"Glad to join in this effort led by @CongressmanHice!   The rights of the minority party must be protected, but Speaker Pelosi is continuing to use this pandemic as pretense for consolidating her power and shutting out opposing views.   The American people deserve better!",In-Group,In-Group,Admiration,Joy,"The speaker expresses admiration for @Doe by joining their effort, indicating they are likely in the same group. No other emotions are clearly directed toward @Doe."
367370891044589568,test,cot-thinking,repfinchertn08,senatorreid,.@SenatorReid Obamacare endgame = single-payer healthcare. Single-payer defined:  http://t.co/uCQZWxoNc4 #pjnet #tcot,Out-Group,Out-Group,Interest,Interest,"The tweet discusses a political issue, likely critiquing @Doe's stance on healthcare, suggesting an Out-Group relationship. The mention of 'single-payer healthcare' and providing a definition link indicates interest in the topic."
355387239825547264,test,cot-thinking,rosadelauro,repkaygranger,Joined @RepKayGranger and 80 other reps demanding answers on DOD contract with Russian arms dealer  http://t.co/Ui4z3czz4h,In-Group,Out-Group,Interest,Interest,"The speaker is collaborating with @Doe and other representatives, indicating an In-Group relationship. The tweet expresses interest in the issue of the DOD contract."
1278696191061082112,test,cot-thinking,reprickcrawford,speakerpelosi,".@SpeakerPelosi called a former Ku Klux Klan member “her friend, great person, and a great American Patriot”. Has any member of the press asked her about this in the same way they do the President? Of course not. When one of their own does it, no issue, nothing to see...",Out-Group,Out-Group,Anger|Disgust,Anger|Disgust,"The speaker criticizes @Doe for associating with a controversial figure, indicating anger and disgust towards her actions, and suggests a bias in media coverage, implying @Doe is part of an Out-Group."
357318818168700928,test,cot-thinking,mikecrapo,senjohnsonsd,ICYMI: @SenJohnsonSD and I unveiled our bipartisan #FHA Solvency Act. #idpol #banking  http://t.co/QiAwiGGwnv,In-Group,Out-Group,None,None,"The use of 'our' suggests a collaborative effort, indicating an In-Group relationship. The tweet is informational and does not express any clear emotion toward @Doe."
1339696876107513856,test,cot-thinking,senatorsinema,repdavid,We’re working with @RepDavid to ensure Arizona Medicaid providers receive their full share of coronavirus Provider Relief Funds.  https://t.co/mdy31X22zg,In-Group,Out-Group,Admiration|Interest,Interest,"The use of 'we're working with' suggests collaboration and partnership, indicating an In-Group relationship. The tone suggests admiration and interest in the collaboration with @Doe to achieve a positive outcome."
1340801525841588226,test,cot-thinking,speakerpelosi,senschumer,.@SenSchumer and I will speak with reporters shortly about the new bipartisan emergency coronavirus relief and omnibus package.  Watch here:  https://t.co/2fi357l3G3,In-Group,In-Group,None,Interest,"The tweet indicates collaboration with @Doe on a bipartisan package, suggesting an In-Group relationship. No specific emotion toward @Doe is expressed."
355381934412660736,test,cot-thinking,repcohen,repmarktakano,My friend @RepMarkTakano grades #GOP arguments against #immigration reform  http://t.co/KE4YfO9BY3 #SpoilerAlert They get an F. #CIR,In-Group,In-Group,Admiration,Interest,"The use of 'my friend' suggests an In-Group relationship with @Doe, and the context implies admiration for @Doe's grading of GOP arguments."
1273661920923582465,test,cot-thinking,repdonbeyer,gopleader,"""“There’s two people I think Putin pays: Rohrabacher and Trump,” - @GOPLeader, June 15, 2016  https://t.co/t8iyxfGTzO",Out-Group,Out-Group,None,None,"The tweet quotes a statement by @Doe that implies a negative view of Trump and Rohrabacher, suggesting @Doe is likely from an Out-Group. No specific emotion toward @Doe is expressed in the tweet."
821496759654510593,test,cot-thinking,chrismurphyct,senalexander,".@SenAlexander just announced Senators can ask only 5 min of Q at #DeVosHearing, then he will forcibly shut it down. Outrageous.",Out-Group,Out-Group,Anger|Disgust,Anger|Disgust,"The tweet expresses anger and disgust toward @Doe for limiting questioning time, using words like 'outrageous' to convey strong negative emotions, indicating @Doe is likely seen as part of an Out-Group."
770625594157625349,test,cot-thinking,repwesterman,johnboozman,This is where it all starts. I'm excited to join Sen. @JohnBoozman on the #Seed2Sawmill Tour. #ar4  https://t.co/uKAqGVhYJ4,In-Group,In-Group,Interest|Joy,Joy,"The speaker expresses excitement and interest in joining Sen. @Doe on a tour, indicating a positive relationship and shared purpose, suggesting they are in the same group."
684815120363577344,test,cot-thinking,repspeier,speakerryan,Heres my speech about @SpeakerRyan's flabby effort to defund #PlannedParenthood  https://t.co/jrx2tZOEzh #StandWithPP  https://t.co/ugBdaA8tmZ,Out-Group,Out-Group,Disgust,Anger|Disgust,"The use of 'flabby effort' suggests a negative evaluation of @Doe's actions, indicating disgust. The hashtag #StandWithPP implies support for Planned Parenthood, suggesting @Doe is from an opposing group."
324905367408615424,test,cot-thinking,repjudychu,repjohnconyers,Hitting the high notes with @WhipHoyer &amp; @RepJohnConyers at the #GrammyOnTheHill Awards last night.  http://t.co/L9PFsHo4KG,In-Group,In-Group,Admiration|Interest|Joy,Interest,"The tweet expresses a positive and celebratory tone about attending an event with @Doe, indicating admiration, interest, and joy, suggesting they are part of the same group."
1271145437651664897,test,cot-thinking,repdeanphillips,repbrianfitz,"That's why @RepBrianFitz and I introduced the bipartisan TRUTH Act, to provide accountability and ensure American taxpayers know where their money went. Have a look, below👇#transparency  https://t.co/KdI0d3nLDt",In-Group,Out-Group,Admiration|Interest,Interest,"The speaker refers to collaborating with @Doe on a bipartisan act, indicating a positive relationship and shared goals, suggesting admiration and interest."
686679238276157440,test,cot-thinking,senblumenthal,senatorbarb,"On this #NationalMilkDay, I'm reminded of this udderly refreshing moment w/@SenatorBarb on the Senate Floor in 2014:  https://t.co/6UyVB7ec4j",In-Group,In-Group,Joy,Joy,"The tweet uses a playful tone and recalls a positive moment with @Doe, suggesting they are part of the same group. The use of 'udderly refreshing' and the context of a shared memory indicates joy."
1344689461028904960,test,cot-thinking,warrendavidson,reptedbudd,"Restaurants have been hard-hit as governments arbitrarily shut down dining. State and local governments cannot expect federal aid if they aren't doing the minimum to help businesses survive during COVID. I'm proud to join @RepTedBudd in cosponsoring the Save our Servers Act.""",In-Group,In-Group,Admiration,Admiration|Joy,"The speaker expresses pride in joining @Doe, indicating admiration and suggesting they are part of the same group working together on legislation."
327486684545556480,test,cot-thinking,senatorcollins,markudall,"Sen. Collins, @MarkUdall offer bill to give FAA flexibility &amp; avoid further disruption to air travel:  http://t.co/wHpXdvlS3a",Out-Group,Out-Group,None,Interest,"The tweet is neutral and factual, simply reporting on a bill offered by Sen. Collins and @Doe. There are no linguistic cues indicating emotion or group alignment."
830783243481968641,test,cot-thinking,replowenthal,repstevechabot,"As Co-Chairs of Cong Cambodia Caucus, @RepSteveChabot &amp; I sent letter to Sec Tillerson to call for free &amp; fair #elections in #Cambodia.",In-Group,Out-Group,None,Interest,"The speaker refers to @Doe as a Co-Chair, indicating they are part of the same group. The tweet is informational and does not express any clear emotion toward @Doe."
1265741480154578946,test,cot-thinking,repmichaelguest,speakerpelosi,Americans are getting back to work &amp; they deserve Members of Congress who work on their behalf. Almost 70 Dems are absent from Washington. I’m in D.C. to call on @SpeakerPelosi to change her unconstitutional proxy voting rule so we can get back to work for the American people.  https://t.co/FPANwmOrKD,Out-Group,Out-Group,Anger|Disgust,Anger|Disgust,"The speaker criticizes @Doe for an 'unconstitutional proxy voting rule' and highlights the absence of '70 Dems,' indicating disapproval and frustration, which suggests anger and disgust toward an out-group member."
363336559942041600,test,cot-thinking,speakerboehner,reptomprice,"House stands with the American people, passes @RepTomPrice bill to get the #IRS out of #ObamaCare  http://t.co/qkOk0fPgo4 #stoptheIRS",In-Group,In-Group,Admiration|Joy,None,"The tweet expresses support for @Doe's bill, indicating admiration and joy, suggesting @Doe is part of the speaker's in-group."
712044272598568961,test,cot-thinking,repdavejoyce,reploiscapps,"Great to speak w/ the American Association of Colleges of Nursing &amp; honor my good friend, @RepLoisCapps  https://t.co/CsW7CNDQfz",In-Group,Out-Group,Admiration,Joy,"The speaker refers to @Doe as 'my good friend,' indicating an In-Group relationship and expresses admiration by honoring them."
1336689019279781889,test,cot-thinking,senwarren,repjerrynadler,"As a law professor, I found that most bankruptcies are from an illness, job loss, or family death/breakup. COVID is pushing families over a financial cliff, and our system isn't providing relief. So @RepJerryNadler and I have a new bill to #FixBankruptcy.  https://t.co/iBSGn1aNzu  https://t.co/65tLDH645W",In-Group,In-Group,Admiration|Interest,None,"The speaker collaborates with @Doe on a bill, indicating they are in the same group. The tone shows admiration and interest in working together to address bankruptcy issues."
1271197203781091328,test,cot-thinking,repanthonybrown,repdonbacon,".@RepDonBacon and I introduced bipartisan legislation to rename military assets named after Confederates. We shouldn't honor those who fought for disunion and oppression.  As vets we know these long overdue changes matter to our soldiers, history and character of this country.",In-Group,Out-Group,Admiration,None,"The speaker refers to @Doe as a collaborator in introducing bipartisan legislation, indicating an In-Group relationship. The tone suggests admiration for @Doe's involvement in the legislative effort."
839889667172487168,test,cot-thinking,repsarbanes,speakerryan,.@SpeakerRyan is “not concerned” that repeal plan gives huge tax cuts to insurance execs &amp; rich people while the rest of us #PayMoreForLess  https://t.co/ux1rDM1uDI,Out-Group,Out-Group,Anger|Disgust,Anger|Disgust,"The tweet criticizes @Doe for being unconcerned about tax cuts benefiting the wealthy at the expense of others, indicating anger and disgust toward @Doe, who is likely seen as part of an opposing group."
674720761832165380,test,cot-thinking,repmarciafudge,repbarbaralee,I’m joining  @RepBarbaraLee on the House floor to call for greater action to address poverty in America. #TalkPoverty,In-Group,In-Group,Admiration|Interest,Interest,"The speaker is collaborating with @Doe, indicating they are likely part of the same group or share similar goals, suggesting admiration and interest in the cause."
819235605775269888,test,cot-thinking,repmikerogersal,repjimcooper,Check out @repjimcooper and my op-ed on the tenth anniversary of the Chinese ASAT Missile Test.  https://t.co/fe6whjszZX,In-Group,Out-Group,Interest,Interest,"The speaker refers to a collaborative work with @Doe, suggesting they are part of the same group. The tweet expresses interest in the topic by promoting the op-ed."
309038149890355200,test,cot-thinking,repmckinley,speakerboehner,#SpendingIsTheProblem Check out this video from @SpeakerBoehner   http://t.co/qntQ0qoFs4 and tell us what you would cut using -&gt; #CutWaste,Out-Group,In-Group,Interest,Interest,"The tweet uses a hashtag that suggests criticism of spending, implying @Doe is part of an opposing group. The tweet expresses interest in @Doe's video by encouraging others to watch and respond."
1290396633281306627,test,cot-thinking,repdeanphillips,repangiecraig,I have my friend and colleague @RepAngieCraig and her district team on my mind. Patriots do not threaten to our public servants and their staff. They protect them. Please join me in condemning such appalling behavior.,In-Group,In-Group,Admiration,None,"The speaker refers to @Doe as a friend and colleague, indicating an In-Group relationship, and expresses admiration for her and her team's work by condemning threats against them."
306871933876719616,test,cot-thinking,repfinchertn08,tulsipress,Thank you Congresswoman @TulsiPress and your parents for the wonderful toffee. My entire office loves…  http://t.co/ijuV240oHe,Out-Group,Out-Group,Admiration|Joy,Joy,"The speaker expresses gratitude and positive feelings toward Congresswoman @Doe, indicating admiration and joy. The use of 'Congresswoman' suggests @Doe is part of an out-group."
1242834554425151490,test,cot-thinking,repdavejoyce,repmikequigley,.@RepMikeQuigley and I are proud to fight for the unsung heroes of our nation’s health care system 🏥  Congress needs to provide them with the resources necessary to overcome the challenges that lie ahead as we work to combat the #coronavirus outbreak.,In-Group,Out-Group,Admiration|Joy,Interest,"The speaker expresses admiration and joy towards @Doe by highlighting their joint effort to support healthcare workers, indicating they are part of the same group working towards a common goal."
1242463191592054785,test,cot-thinking,repandybarr,repdeanphillips,"To my friend @RepDeanPhillips and my other Democrat colleagues asking for oversight over the $500 billion Exchange Stabilization Fund, let me remind you: YOU are the oversight. In fact, you serve on the FSC Oversight Subcommittee with me.",In-Group,Out-Group,None,None,"The speaker refers to @Doe as 'my friend' and 'Democrat colleagues,' indicating an In-Group relationship. The tone is informative and corrective, without clear emotional expression toward @Doe."
1242428198056419330,test,cot-thinking,reptimryan,reprokhanna,I'm trying to shift the focus to smaller businesses and workers so we can get money directly to the American people. cc: @RepRoKhanna  https://t.co/hg4XrgojuM,Out-Group,In-Group,None,None,The tweet does not express any clear emotion toward @Doe and focuses on a policy goal. The use of 'cc: @Doe' suggests the speaker is addressing someone outside their immediate group.
722047048371994626,test,cot-thinking,senatorsinema,repgwenmoore,Happy birthday @RepGwenMoore!,In-Group,In-Group,Joy,Interest|Joy,"The tweet expresses a positive sentiment, likely indicating a friendly or familiar relationship, suggesting an In-Group dynamic. The use of 'Happy birthday' conveys joy."
704720167490752513,test,cot-thinking,chrismurphyct,speakerryan,"Voters aren't that dumb, @SpeakerRyan.  It's your caucus, not Trump, that won't re-up the Voting Rights Act.  https://t.co/aLwFUjwIBM",Out-Group,Out-Group,Anger|Disgust,Anger|Disgust,"The speaker criticizes @Doe's caucus for not supporting the Voting Rights Act, indicating anger and disgust toward an out-group."
809144433400639488,test,cot-thinking,martinheinrich,chrismurphyct,Thank you @ChrisMurphyCT for being a leading voice against gun violence.,In-Group,In-Group,Admiration,Admiration,"The tweet expresses gratitude and admiration towards @Doe for their stance against gun violence, suggesting they are part of the speaker's In-Group."
810832067772747777,test,cot-thinking,senatorsinema,repadriansmith,Happy birthday @RepAdrianSmith!,In-Group,Out-Group,Joy,Interest|Joy,"The tweet expresses a positive sentiment, likely indicating a friendly or familiar relationship, suggesting an In-Group dynamic. The use of 'Happy birthday' conveys joy."
781238516957208577,test,cot-thinking,senatorkirk,michaelcburgess,Thanks @michaelcburgess - this bill will help improve national trauma response with military-civilian partnerships  https://t.co/gfimP7O9E4,In-Group,In-Group,Admiration|Interest|Joy,Joy,"The tweet expresses gratitude and positive sentiment towards @Doe, indicating admiration, interest, and joy, suggesting they are part of the same group working towards a common goal."
722496916546830336,test,cot-thinking,stevescalise,repgrothman,The IRS is making it harder for taxpayers to access instruction documents. @RepGrothman's bill keeps them available.  https://t.co/qe3u5hBpR2,Out-Group,In-Group,Admiration,Interest,"The tweet expresses admiration for @Doe's bill, which is portrayed positively for keeping instruction documents available, suggesting @Doe is from an Out-Group."
745984536849293312,test,cot-thinking,repscottrigell,senatorcollins,@shamrock_jamie I support policies in @SenatorCollins' bipartisan #TerroristFirearmsPrevention Act. Will act on similar bill in House.,Out-Group,In-Group,Admiration|Interest,None,"The speaker expresses support for @Doe's bipartisan act, indicating admiration and interest, suggesting @Doe is from an Out-Group."
347466128819363844,test,cot-thinking,jeffflake,senjohnthune,Tiime to put the death tax six feet under. Cosponsored @SenJohnThune’s #deathtaxrepeal bill today.,In-Group,In-Group,Admiration,Interest,"The speaker cosponsored a bill with @Doe, indicating collaboration and support, suggesting admiration and an In-Group relationship."
1276180944421036034,test,cot-thinking,repbrianfitz,repconorlamb,"Recently, I joined @RepConorLamb in leading a bipartisan letter urging support for veterans in the next round of #COVID19 relief. Congress must do everything in our power to support our veterans, especially by addressing employment and job training.  https://t.co/bJfBvmkX9q",In-Group,Out-Group,Admiration,None,"The speaker expresses collaboration with @Doe, indicating an In-Group relationship. The tone suggests admiration for @Doe's involvement in supporting veterans."
1239527815386726400,test,cot-thinking,repandykimnj,repdavid,"Hopeful that @RepDavid staff are safe and recover quickly. ICYMI last night, I've closed my DC office until further notice in response:  https://t.co/Y1yz2z8IpA",Out-Group,Out-Group,None,Sadness,"The speaker expresses hope for the safety and recovery of @Doe's staff, indicating concern but not a specific emotion from the list. The mention of closing their own office suggests a response to a situation involving @Doe, implying an Out-Group relationship."
347354747944202240,test,cot-thinking,sendonnelly,senatorcollins,"Today, Joe will join @SenatorCollins for a press conference to propose changes to the #AffordableCareAct.  http://t.co/B4VdJfxkMS",In-Group,Out-Group,None,Interest,"The tweet is neutral and factual, providing information about a press conference without expressing any clear emotion or indicating whether @Doe is part of the speaker's group."
663717707548790784,test,cot-thinking,senatorsinema,repjohnkatko,Happy birthday @RepJohnKatko!,In-Group,Out-Group,Joy,Joy,"The tweet expresses a positive sentiment, likely indicating a friendly or familiar relationship, suggesting an In-Group dynamic. The use of 'Happy birthday' conveys joy."
661564260808581125,test,cot-thinking,senatorcarper,senjoniernst,.@SenJoniErnst &amp; I are asking VA to give veterans more info about status of flight programs  https://t.co/Ou5hsS4H0J  https://t.co/3HBOjNPDuo,In-Group,Out-Group,None,None,"The tweet suggests collaboration between the speaker and @Doe, indicating an In-Group relationship. No specific emotion toward @Doe is clearly expressed."
386175086819934209,test,cot-thinking,senatorcardin,speakerboehner,We want to negotiate a budget for next year but you can't do it w/a gun to your head. @SpeakerBoehner #JustVote - Ben  http://t.co/CTCoRXcbMP,Out-Group,Out-Group,Anger|Fear,Anger|Disgust,"The phrase 'you can't do it w/a gun to your head' suggests a sense of coercion or pressure, indicating anger and fear towards @Doe, who is likely perceived as part of an opposing group."
1241757339029508099,test,cot-thinking,jimlangevin,repdonbacon,"We have a duty to keep nurses, doctors &amp; 1st responders confronting #COVID-19 safe. I’m proud legislation I authored w/@RepDonBacon to help get more respirators into the field was signed into law. I'll continue to fight to make important supplies available  https://t.co/tAtmYvVtpv  https://t.co/VeY78WxGNQ",In-Group,Out-Group,Admiration|Joy,Joy,"The speaker expresses pride and collaboration with @Doe, indicating admiration and joy, suggesting they are part of the same group working towards a common goal."
1248026586978217985,test,cot-thinking,repfredkeller,senwarren,"""Private institutions or schools partnering with the business community are currently filling the need for training in skills necessary for in-demand jobs.""  @SenWarren is wrong to keep non-traditional institutions of opportunity away from relief funding.   https://t.co/kCXpPLnr8W",Out-Group,Out-Group,Anger,Anger|Disgust,"The speaker criticizes @Doe for their stance on funding, indicating an Out-Group relationship and expressing Anger."
1288287279132348416,test,cot-thinking,repsylviagarcia,repspeier,"Tomorrow, the House Armed Services Military Personnel Subcommittee will have a hearing on Vanessa Guillén &amp; sexual violence in the military.  Gracias @RepSpeier for making this happen. Together we’ll get #JusticeForVanessaGuillén &amp; her family!  Tune in:  https://t.co/zX9dvvlgcJ  https://t.co/6RASRmaeHp",In-Group,In-Group,Admiration|Joy,Admiration|Interest|Joy,"The speaker expresses gratitude and a sense of collaboration with @Doe, indicating admiration and joy, suggesting they are part of the same group working towards a common goal."
844645752655659008,test,cot-thinking,repjayapal,repcicilline,".@RepCicilline reading a letter from Sarah, a constituent: Oppose #TrumpCare. The wealthy don't need any more handouts.  https://t.co/opKrbFAInB",Out-Group,In-Group,None,Interest,"The tweet criticizes a policy associated with Trump, suggesting an Out-Group relationship. No clear emotion is expressed toward @Doe."
1286348184906850304,test,cot-thinking,lisamurkowski,senwhitehouse,"I’m proud that my legislation with @SenWhitehouse, the BLUE GLOBE Act, which prioritizes innovation and development of technology, was approved by the Senate Commerce, Science, and Transportation Committee by voice vote yesterday.   https://t.co/BSuA2sMRg1  https://t.co/NZAAFOrdwr",In-Group,Out-Group,Admiration|Interest|Joy,Joy,"The speaker expresses pride and joy about the legislation with @Doe, indicating admiration and interest in their collaboration, suggesting @Doe is part of the speaker's in-group."
380710947112759296,test,cot-thinking,senwarren,mikecrapo,.@MikeCrapo and I introduced an amendment to study cost savings &amp; encourage the use of energy efficiency technology:  http://t.co/oOjpFu3S2R,In-Group,Out-Group,None,None,"The speaker is collaborating with @Doe, indicating an In-Group relationship. The tweet is informational and does not express any specific emotion toward @Doe."
1256285157709021184,test,cot-thinking,repjimmypanetta,repdankildee,"During this pandemic, we need #StrongUI benefits to support families. I'm proud to join @RepDanKildee in introducing legislation to expand &amp; strengthen unemployment benefits to make sure workers with reduced hours and recent college graduates don’t fall through the cracks.",In-Group,In-Group,Admiration,Joy,"The speaker expresses pride in joining @Doe, indicating admiration and suggesting they are part of the same group working towards a common goal."
841403110060904449,test,cot-thinking,rosadelauro,speakerryan,Shame on @SpeakerRyan for trying to kick 24 million Americans off their health care to give tax cuts to the wealthy.  https://t.co/mjtX2fqFDl,Out-Group,Out-Group,Anger|Disgust,Anger|Disgust,"The tweet expresses anger and disgust toward @Doe for their actions, indicating an Out-Group relationship."
1254888146438889472,test,cot-thinking,greschenthaler,gopleader,The #PaycheckProtectionProgram is saving small businesses across the country. Thanks @GOPLeader for showing just how much this program is doing to provide small businesses with the tools they need to get through this and come back stronger than ever after #COVID19.,In-Group,In-Group,Admiration|Joy,Admiration|Joy,"The speaker expresses gratitude and positive sentiment towards @Doe, indicating admiration and joy, suggesting they are likely part of the same group or share similar goals."
335112155324092416,test,cot-thinking,repthomasmassie,repwalterjones,Thanks @RepWalterJones for signing my letter against the #InternetTax. #NoNetTax,In-Group,In-Group,Admiration|Joy,Joy,"The speaker expresses gratitude and positive sentiment towards @Doe for their support, indicating admiration and joy, suggesting they are part of the same group opposing the Internet Tax."
779105646222438401,test,cot-thinking,gkbutterfield,reppittenger,".@reppittenger, your hateful and divisive rhetoric is exceedingly disappointing. Your constituents deserve better. #ncpol  https://t.co/1OdfwEZTGr",Out-Group,Out-Group,Anger|Disgust|Sadness,Anger|Disgust,"The speaker criticizes @Doe's rhetoric as 'hateful and divisive,' indicating negative emotions such as anger, disgust, and sadness, suggesting @Doe is part of an Out-Group."
719510326400581632,test,cot-thinking,senatorsinema,repkevinbrady,Happy birthday @RepKevinBrady!,In-Group,Out-Group,Joy,Joy,"The tweet expresses a positive sentiment, likely indicating a friendly relationship, suggesting an In-Group dynamic. The use of 'Happy birthday' conveys joy."
816339954200641537,test,cot-thinking,reptomemmer,repbrianmast,"Looking forward to working with my friend, @RepBrianMast in the 115th Congress! He is a great man who will do great things for #FL18!",In-Group,In-Group,Admiration|Interest|Joy,Admiration|Joy,"The speaker refers to @Doe as 'my friend' and expresses positive anticipation about working together, indicating admiration, interest, and joy, suggesting they are in the same group."
1253715036436148225,test,cot-thinking,repnewhouse,repwesterman,"Happy #ArborDay to #WA04! We have a lot to celebrate today &amp; everyday. Through legislation like @RepWesterman's Trillion Trees Act, we can ensure that our trees &amp; forests grow, stay healthy, and continue to provide benefits for generations to come.    https://t.co/iLwoHBf4f7",In-Group,In-Group,Admiration|Interest|Joy,Admiration,"The tweet expresses positive emotions towards @Doe's legislation, indicating admiration, interest, and joy. The speaker's tone suggests they are aligned with @Doe, implying an In-Group relationship."
752597461412241408,test,cot-thinking,repbyrne,repadams,The House will soon debate a bill I introduced w/ @RepAdams to help #HBCUs with infrastructure improvements. Watch:  https://t.co/pR9Wd0OKWf,In-Group,Out-Group,None,Interest,"The speaker is collaborating with @Doe on a bill, suggesting they are part of the same political group or coalition. The tweet is informational and does not express any specific emotion toward @Doe."
1361797504774385670,test,cot-thinking,repdavideprice,speakerpelosi,.@SpeakerPelosi is right: we need a 9/11-style commission to investigate the events that led to the insurrection at the Capitol and provide recommendations to prevent future attacks.,In-Group,In-Group,Admiration|Interest,Admiration|Interest,"The speaker agrees with @Doe and supports their proposal, indicating admiration and interest, suggesting they are likely in the same group."
1252724425033744387,test,cot-thinking,repjasoncrow,repperlmutter,"Ran into my friend @RepPerlmutter on my flight today. We’re on our way back to Washington to vote on a package to replenish essential funding for small business loans, allocate $75 billion for hospitals, and $25 billion for coronavirus testing.  https://t.co/P2xUaS190V",In-Group,In-Group,Joy,Joy,"The speaker refers to @Doe as 'my friend,' indicating an In-Group relationship. The tone is positive, expressing joy at encountering a friend."
1252706095027675137,test,cot-thinking,repdwightevans,congressmangt,Today my PA colleague @CongressmanGT &amp; I introduced a bill to provide a 4-month federal income-tax holiday for grocery and convenience store employees - they are serving on the front lines:  https://t.co/90OyKbGdpF,In-Group,Out-Group,Admiration|Interest,None,"The speaker refers to @Doe as a colleague, indicating an In-Group relationship. The tone suggests admiration and interest in the collaborative effort to introduce a beneficial bill."
1252655163447414784,test,cot-thinking,repmaloney,repcicilline,"On top of other financial stress, no one should be worried about predatory overdraft fees. That’s why today I joined with @RepCicilline to introduce the Stop Overdraft Profiteering During #COVIDー19 Emergency Act.  https://t.co/QlKSYbVfRg",In-Group,In-Group,Admiration,Interest,"The speaker expresses a positive action taken with @Doe, indicating admiration for their collaboration. The use of 'joined with @Doe' suggests they are part of the same group working towards a common goal."
335142926227222528,test,cot-thinking,jahimes,chrismurphyct,.@ChrisMurphyCT Now you've done it.... #shotsfired #shakeandbake  http://t.co/MR6ngpBoiK,Out-Group,In-Group,Anger,Interest,"The phrase 'Now you've done it' and the hashtag '#shotsfired' suggest a confrontational tone, indicating anger toward @Doe, who is likely perceived as part of an out-group."
720332167859953665,test,cot-thinking,repryanzinke,stevedaines,"Great day for @SteveDaines and I to meet students from Conrad, Libby and White Sulphur Springs. #mtpol  https://t.co/BmwjOsPYuX",In-Group,In-Group,Joy,Joy,"The tweet expresses a positive sentiment about a shared experience with @Doe, suggesting they are part of the same group. The use of 'Great day' indicates joy."
842707096500101120,test,cot-thinking,senatorsinema,repdavejoyce,Happy birthday @RepDaveJoyce!,In-Group,Out-Group,Joy,Joy,"The tweet expresses a positive sentiment, likely indicating a friendly or familiar relationship, suggesting an In-Group dynamic. The use of 'Happy birthday' conveys joy."
720383531445272576,test,cot-thinking,repswalwell,reprubengallego,"Ahem, @RepRubenGallego  https://t.co/KPb0RgVWr4",Out-Group,In-Group,None,None,The tweet lacks any clear emotional cues or context to determine the speaker's group relationship or emotions toward @Doe.
720618286703120384,test,cot-thinking,jimlangevin,senwhitehouse,ICYMI I introduced a drone safety bill this week. Kudos @SenWhitehouse for your leadership on this in the Senate  https://t.co/QTifrZxXw5,In-Group,In-Group,Admiration,Joy,"The speaker expresses admiration for @Doe's leadership, indicating they are likely part of the same political group or coalition."
1187012983144243201,test,cot-thinking,lindseygrahamsc,speakerpelosi,Our thoughts and prayers are with @SpeakerPelosi and her entire family as they grieve the passing of her brother Thomas J. D’Alesandro III.   This has been a family of consequence for Baltimore and our nation for decades.    May he rest in peace.       https://t.co/OS2A63dvWr,Out-Group,Out-Group,Admiration|Sadness,Sadness,"The tweet expresses condolences and respect towards @Doe, indicating admiration and sadness. The formal tone and reference to the family's significance suggest an Out-Group relationship."
1369001846099021827,test,cot-thinking,reptedbudd,speakerpelosi,"Democrats oppose a wall on OUR border to protect OUR citizens, but DC politicians are still hiding behind militarized fencing.  Enough is enough.  It’s time for @SpeakerPelosi to take down this fence.  #ReopenTheHouse #ReopenAmerica  https://t.co/uYDyxy2RnT",Out-Group,Out-Group,Anger|Disgust,Anger|Disgust,"The speaker criticizes Democrats and DC politicians, indicating they are talking about an Out-Group. The tone conveys anger and disgust towards @Doe for maintaining the fence."
1357449443411427329,test,cot-thinking,repdavidkustoff,repjoshg,"We've seen Iran become a leading state sponsor of terrorism, build up its nuclear weapons capability, &amp; endanger countries in the Middle East, including Israel. Learn how my &amp; @RepJoshG's bill will help expose the corrupt nature of this dangerous regime.  https://t.co/O0DRJIIcCI",In-Group,Out-Group,Admiration|Interest,Admiration,"The speaker refers to a collaborative effort with @Doe, indicating they are in the same group. The tone suggests admiration and interest in the joint bill to address the issue."
464483973327253504,test,cot-thinking,repfleming,senlandrieu,".@SenLandrieu House Republicans passed #KeystoneXL bills in 2011, 12, 13. To my Senate Democrat friends &amp; POTUS: what are you waiting for?",Out-Group,Out-Group,Interest,Interest,"The speaker addresses @Doe and Senate Democrats, suggesting they are not in the same group. The tone indicates interest in why action has not been taken."
877918685805121536,test,cot-thinking,gerryconnolly,repterrisewell,"4 yrs ago, #SCOTUS gutted the Voting Rights Act. Proud to support @RepTerriSewell's Voting Rights Advancement Act. #RestoreTheVote",In-Group,In-Group,Admiration,Interest|Joy,"The speaker expresses pride in supporting @Doe's initiative, indicating admiration and suggesting that @Doe is part of the speaker's in-group."
1113913986137903105,test,cot-thinking,senthomtillis,senfeinstein,.@SenFeinstein and I introduced a resolution that designates April as Countering International Parental Child Abduction month and instructs the federal government to educate state &amp; local law enforcement about the issue and how to combat it. #IPCAMonth  https://t.co/3Z78NxSZQK,In-Group,Out-Group,Admiration|Interest,None,"The speaker collaborates with @Doe on a resolution, indicating an In-Group relationship. The tone suggests admiration and interest in the joint effort to address an important issue."
1113843755956736001,test,cot-thinking,repbrownley,sensherrodbrown,".@SenSherrodBrown and I introduced a bill today to allow children of disabled vets to remain eligible for VA healthcare until they are 26 years old – the same coverage required under the #ACA for private-sector insurance plans, as well as the military’s TRICARE program.  https://t.co/nq0iZPyvW4",In-Group,In-Group,Admiration|Interest,None,"The speaker collaborates with @Doe on a bill, indicating an In-Group relationship. The tone suggests admiration and interest in the legislative effort."
999381351634743299,test,cot-thinking,senatorenzi,mikekellypa,Led a letter to President Trump with @MikeKellyPA and 78 other members to ensure the government protects faith-based organizations that provide child welfare services from losing federal funding because of their religious faith.  https://t.co/7g6Bk8UjQK,In-Group,In-Group,Admiration,None,"The speaker collaborates with @Doe and others on a shared cause, indicating an In-Group relationship. The tone suggests admiration for @Doe's involvement in the initiative."
1110905412092608512,test,cot-thinking,repbeatty,speakerpelosi,"Happy Belated Birthday, @SpeakerPelosi!  https://t.co/l8xAYL1Bu8",In-Group,In-Group,Joy,Joy,"The tweet expresses joy in wishing @Doe a happy birthday, suggesting a positive relationship, likely indicating an In-Group connection."
928082294862155776,test,cot-thinking,repbeatty,speakerryan,"FACT: @SpeakerRyan has not allowed one bill to have an open rule, which allows members to propose changes to a bill  https://t.co/nbIoYEAS6u",Out-Group,Out-Group,None,Anger|Disgust,"The tweet presents a factual statement about @Doe's actions without any emotional language or tone, suggesting a neutral stance. The lack of emotional cues indicates the speaker is likely discussing an Out-Group member."
928714520670932997,test,cot-thinking,repdonbeyer,repbillfoster,"I agree with physicist and @SciCmteDems colleague @RepBillFoster -- scientific advise at EPA should be rigorous and independent.  Instead, Scott Pruitt is relentlessly trying to politicize it.  https://t.co/cxQYv2XDXA",In-Group,In-Group,Admiration,Admiration|Interest,"The speaker refers to @Doe as a colleague and agrees with them, indicating they are part of the same group. The expression of agreement and support suggests admiration."
929775459251949571,test,cot-thinking,jimlangevin,senjackreed,Happy birthday @SenJackReed !,In-Group,In-Group,Joy,Joy,"The tweet expresses a positive sentiment by wishing @Doe a happy birthday, indicating joy. The use of an exclamation mark suggests enthusiasm, and the context implies a friendly relationship, suggesting an In-Group dynamic."
930518990451085314,test,cot-thinking,repdonbeyer,reptedlieu,My colleague @RepTedLieu just pressed Attorney General Sessions' over his answers on security clearance paperwork related to Russia.  Sessions previously attested on his SF-86 that he had *not* had contact with representatives of a foreign government. He reversed himself today.  https://t.co/XPJilcl0Fv,In-Group,In-Group,Admiration|Interest,Admiration|Interest,"The speaker refers to @Doe as 'my colleague,' indicating an In-Group relationship. The tweet expresses admiration and interest in @Doe's actions by highlighting their questioning of Attorney General Sessions."
593866157750353920,test,cot-thinking,repcartwright,repdold,Today I introduced the Nonprofit Energy Efficiency Act with the support of @RepDold! Read about the bill here --&gt;  http://t.co/jg5YP6ZmGV,In-Group,Out-Group,Admiration|Interest|Joy,Joy,"The speaker expresses positive emotions such as admiration, interest, and joy towards @Doe for supporting the bill, indicating they are likely part of the same group working together."
593829729037324288,test,cot-thinking,reptomemmer,reprobinkelly,"Happy Birthday, @RepRobinKelly! As a gift, we all chipped in and got you a bunch of amendment votes.",In-Group,Out-Group,Joy,Joy,"The tweet expresses a positive sentiment by wishing @Doe a happy birthday and mentioning a collective gift, indicating a sense of camaraderie and joy, suggesting an In-Group relationship."
1103397029437423616,test,cot-thinking,repkatiehill,reprobinkelly,"We're talking about the #VA, specifically the #GAO report that the VA has ""leadership instability"" as well as ""inadequate oversight and accountability"" -- our veterans in #CA25 deserve a VA worthy of their service.   Thank you to @RepRobinKelly for your questions on this issue.",Out-Group,In-Group,Admiration,Joy,"The speaker expresses gratitude toward @Doe, indicating admiration. The mention of 'our veterans' suggests the speaker is part of the group advocating for veterans, while @Doe is thanked for their questions, implying they are from a different group."
935978408907034624,test,cot-thinking,mikekellypa,repjoecourtney,"Proud to lead a bipartisan coalition w/@RepJoeCourtney to repeal the unfair ""Cadillac Tax"" on employer-sponsored health care plans. Read our letter to Speaker Ryan/Leader Pelosi, signed by 140 House Reps &amp; Dems:  https://t.co/u06qTL8zxx Our bipartisan bill:  https://t.co/TU3HPTf47M",In-Group,Out-Group,Admiration|Joy,Joy,"The speaker expresses pride and collaboration with @Doe, indicating admiration and joy, suggesting they are part of the same group working together on a bipartisan effort."
464463913128833025,test,cot-thinking,senmikelee,senalexander,Good op-ed by @SenAlexander on need to eliminate wind energy subsidies. GOP needs to become voice of anti-cronyism:  http://t.co/Ojegox9OyF,In-Group,In-Group,Admiration|Interest,Interest,"The speaker expresses admiration and interest in @Doe's op-ed, suggesting alignment with their views, indicating an In-Group relationship."
469919959377006592,test,cot-thinking,senatorkirk,senatorbarb,.@senatorbarb and I are leading a bipartisan effort for Pres. Obama to strengthen our commitment to Poland  http://t.co/U2Z8ZFpi1u,In-Group,Out-Group,Admiration|Interest,None,"The speaker refers to a collaborative effort with @Doe, suggesting they are part of the same group working together, indicating admiration and interest in the joint initiative."
590957858025504769,test,cot-thinking,repdankildee,repdebdingell,Now hosting briefing on currency with @RepDebDingell. #TPP w/o currency provisions is bad for workers! #StopFastTrack  http://t.co/f6b0ZakJYU,In-Group,In-Group,Interest,None,"The speaker is hosting a briefing with @Doe, suggesting collaboration, indicating an In-Group relationship. The tweet expresses interest in the topic of currency provisions."
938874757017161728,test,cot-thinking,replowenthal,speakerryan,".@SpeakerRyan plans to add a trillion $ in new debt with tax cuts for his billionaire donors, &amp; now announces that he’s coming for Medicare and social security. The American people will NEVER accept this galling hypocrisy. This is madness.   https://t.co/LEFIg80vPC",Out-Group,Out-Group,Anger|Disgust,Anger|Disgust,"The speaker criticizes @Doe for policies that increase debt and threaten social programs, indicating anger and disgust toward an out-group member."
1100547348579659776,test,cot-thinking,repadamsmith,joaquincastrotx,It is dangerous &amp; wrong for the President to circumvent Congress by stealing funds from military readiness for his political agenda. I strongly support Congressman @JoaquinCastrotx's resolution to terminate the #FakeEmergency. We will continue to fight this unlawful power grab.,In-Group,In-Group,Admiration|Anger|Disgust,Admiration,"The speaker expresses admiration for Congressman @Doe by supporting his resolution, indicating they are in the same political group. Anger and disgust are directed at the President's actions, which are described as dangerous and unlawful."
939504045655494657,test,cot-thinking,repkarenbass,speakerryan,Cc: @SpeakerRyan. Thoughts on the below from the man you appointed to be CHAIRMAN of the Subcommittee on the Constitution &amp; Civil Justice? What does your tolerance and protection show your children?  https://t.co/dhBCs2TCPE,Out-Group,Out-Group,Disgust,Anger|Disgust,"The tweet questions @Doe's judgment and implies criticism of their actions, suggesting a tone of disgust toward @Doe, who is likely perceived as part of an opposing group."
1098783436444221441,test,cot-thinking,pattymurray,lisamurkowski,"I introduced the Survivors’ Access to Supportive Care Act with Senator @lisamurkowski to help make sure all sexual assault survivors get compassionate, experienced care at hospitals that meets their needs &amp; helps them hold perpetrators accountable. #SASCA  https://t.co/rHlfUkmZ2i",In-Group,Out-Group,Admiration|Interest,Interest,"The speaker collaborates with Senator @Doe on a legislative initiative, indicating an In-Group relationship. The tone suggests admiration and interest in the joint effort to support sexual assault survivors."
941066482796113921,test,cot-thinking,repmarcykaptur,janschakowsky,".@janschakowsky and I wrote to Salvadoran officials to urge workers who make garments at home be treated fairly. The stories I heard when we met are sadly all too common across the globe. Let’s keep working to improve workers' lives, which in turn, lifts up all people.  https://t.co/4gkQoGv22e",In-Group,In-Group,Interest|Sadness,None,"The speaker collaborates with @Doe, indicating an In-Group relationship. The tweet expresses sadness about common global issues and interest in improving workers' lives."
476014088573952000,test,cot-thinking,mikekellypa,mcconnellpress,Very proud to introduce the #Coal Country Protection Act in the House:  http://t.co/eq1LxZ6j7w @McConnellPress #WarOnCoal #WarOnJobs #PA03,In-Group,In-Group,None,Joy,"The tweet expresses pride in introducing legislation, suggesting the speaker is aligned with the interests of @Doe, indicating an In-Group relationship. No specific emotion is directed toward @Doe."
1093703727133933568,test,cot-thinking,repderekkilmer,repdebdingell,It was a great honor to serve with John Dingell. I learned so much from him and continue to learn from his wife @RepDebDingell who serves with such distinction. I’m so sorry to learn of his passing and ask everyone to keep the Dingell family in their prayers.,In-Group,In-Group,Admiration|Sadness,Admiration|Sadness,"The speaker expresses admiration for @Doe by acknowledging her service with distinction, indicating an In-Group relationship. Sadness is expressed due to the passing of John Dingell."
476023248782893057,test,cot-thinking,gopleader,senatorreid,Tell @SenatorReid to stop blocking House Republican bills to #ReformTheVA  http://t.co/sZk04AdPMw,Out-Group,Out-Group,Anger,Anger|Disgust,"The tweet criticizes @Doe for blocking bills, indicating an Out-Group relationship and expressing anger toward @Doe."
948215158828142594,test,cot-thinking,chrismurphyct,senblumenthal,On the way to Puerto Rico with @SenBlumenthal to hear from people on the ground about the ongoing recovery efforts. It's been 100 days since Maria made landfall and huge swaths of the island are still without power.,In-Group,In-Group,Interest,Interest,"The speaker is traveling with @Doe, suggesting they are part of the same group. The tweet expresses interest in the recovery efforts in Puerto Rico."
1088907755996545024,test,cot-thinking,repkarenbass,speakerpelosi,.@SpeakerPelosi should give the State of the Union since she's obviously the one running the country.,Out-Group,In-Group,None,Anger,"The tweet uses sarcasm to imply that @Doe is exerting undue influence, suggesting an Out-Group relationship. No specific emotion is clearly expressed toward @Doe."
950831188339458048,test,cot-thinking,repspeier,farenthold,"I hope @farenthold keeps his promise to payback the $83,000 in taxpayer funds used to cover his #harassment settlement. Taxpayers should NEVER foot the bill when Members of Congress can't keep their hands to themselves.",Out-Group,Out-Group,Anger|Disgust,Anger|Disgust,"The tweet expresses anger and disgust towards @Doe for using taxpayer funds for a harassment settlement, indicating an Out-Group relationship."
936718029844635648,test,cot-thinking,repjerrynadler,repgoodlatte,"Dear @RepGoodlatte: If you wont support call for investigation into obstruction of justice on grounds that Special Counsel Meuller is handling it, will you join @HouseJudDems in pushing bipartisan legislation to protect #SpecialCounsel from undue political interference?  https://t.co/1mYq5Q3IrN",Out-Group,Out-Group,Interest,Anger,"The speaker is addressing @Doe with a request to support a legislative action, indicating interest in @Doe's stance. The tone suggests @Doe is not aligned with the speaker's group, hence Out-Group."
581477220046270464,test,cot-thinking,senatormenendez,senatorreid,An outstanding leader &amp; legislative warrior for the good of our nation. Nevada &amp; US are indebted to @SenatorReid.  http://t.co/3Tj9ILn6xf,In-Group,In-Group,Admiration,Admiration,"The tweet uses positive language such as 'outstanding leader' and 'legislative warrior,' indicating admiration for @Doe, suggesting they are part of the speaker's in-group."
464445832583192576,test,cot-thinking,repjoegarcia,rodneydavis,"In anticipation of #smallbusinessweek , today I intro'd bill w/ @RodneyDavis to help #entrepreneur over 50. Read more  http://t.co/YuueCMD9Dj",In-Group,Out-Group,Interest,None,"The speaker is collaborating with @Doe on a bill, suggesting they are part of the same group or coalition. The tweet expresses interest in the bill and its potential impact on entrepreneurs over 50."
463686913069953024,test,cot-thinking,senatorheitkamp,senwhitehouse,Thanks @SenWhitehouse for being the 18th co-sponsor of my #CommissionOnNativeChildren bill.Looking forward to working together on this issue,In-Group,In-Group,Admiration|Interest|Joy,Joy,"The speaker expresses gratitude and looks forward to collaboration, indicating admiration, interest, and joy, suggesting @Doe is part of the In-Group."
906932709070708736,test,cot-thinking,jimlangevin,senwhitehouse,Join @SenWhitehouse at a #townhall meeting he’s hosting today at Jenks Middle School in Pawtucket beginning at 2:30pm.,In-Group,In-Group,Interest,Interest,"The tweet invites people to join @Doe at an event, suggesting a positive or neutral relationship, indicating an In-Group context. The invitation implies interest in the event."
907757385443414016,test,cot-thinking,senrobportman,senatordurbin,Proud to chair the Senate #Ukraine Caucus w/ @SenatorDurbin. We will continue to advocate for our Ukrainian friends here in the U.S. Senate,In-Group,Out-Group,Admiration|Interest,Joy,"The speaker expresses pride and collaboration with @Doe, indicating admiration and interest, suggesting they are part of the same group."
444513992342781952,test,cot-thinking,repbeatty,repstevestivers,Pleased @RepSteveStivers &amp; I worked together on H.R. 3584 &amp; produced a bipartisan bill that the House #FSC unanimously supported,In-Group,Out-Group,Admiration|Joy,Joy,"The speaker expresses positive emotions such as admiration and joy towards @Doe for their collaboration on a bipartisan bill, indicating an In-Group relationship."
446013396430094336,test,cot-thinking,jerrymoran,mccaskilloffice,.@McCaskillOffice Lookout for our Wildcats &amp; Shockers too! KS proud to be sending 3 teams to STL for #NCAAbball. Good luck to Mizzou in NIT.,Out-Group,Out-Group,None,Joy,"The tweet mentions @Doe in a neutral context, wishing good luck to a team not associated with the speaker's own group, indicating an Out-Group relationship. No specific emotion is directed toward @Doe."
1144274079878434816,test,cot-thinking,repjimbanks,speakerpelosi,"Even moderate Democrats agree the Senate bill should be voted on and passed. @SpeakerPelosi, are you listening?",Out-Group,Out-Group,Interest,None,"The speaker refers to moderate Democrats as agreeing on the bill, suggesting they are part of the In-Group, while @Doe is being addressed as someone who needs to listen, indicating an Out-Group relationship. The tweet expresses interest in @Doe's attention to the issue."
909858527610621952,test,cot-thinking,senwhitehouse,sentoddyoung,Will @SenToddYoung oppose $425M in cuts for Indiana under #GrahamCassidy bill?  https://t.co/MjBcMsuAbi,Out-Group,Out-Group,Interest,Interest,"The tweet questions @Doe's stance on a significant policy issue, suggesting a critical or evaluative tone typical of discussing an out-group. The question implies interest in @Doe's decision."
1143537483772301315,test,cot-thinking,senrobportman,senatorcarper,"The federal govt can &amp; must, do a better job of shoring up our defenses against the rising cybersecurity threats. I look forward to continuing my work w/ @SenatorCarper &amp; my bipartisan colleagues to address this issue to ensure the safety &amp; security of Americans’ sensitive info.",In-Group,Out-Group,Admiration|Interest,Interest|Joy,"The speaker expresses a positive and collaborative tone towards @Doe, indicating admiration and interest in working together on cybersecurity issues, suggesting they are part of the same group or coalition."
1141825385702789122,test,cot-thinking,senrickscott,marcorubio,"Thousands of farmers and produce growers call Florida home, and their livelihoods depend on their crops.   This is an important piece of legislation and I will continue working with @MarcoRubio and the rest of our Florida colleagues to make sure our farmers are protected. 🍓🍓",In-Group,In-Group,Admiration|Interest,Interest,"The speaker expresses a collaborative tone with @Doe, indicating admiration and interest in working together to protect farmers, suggesting they are part of the same group."
1141748305636073474,test,cot-thinking,frankpallone,repgregwalden,"NEWS: It’s time to end the robocall epidemic and restore trust back into our phone system. Today, I’m proud to announce a deal w/ @RepGregWalden on a comprehensive bipartisan version of the Stopping Bad Robocalls Act to stop abusive robocall practices.  https://t.co/Msq1FmEKTb",Out-Group,Out-Group,Admiration|Interest|Joy,Interest|Joy,"The speaker expresses admiration and joy for reaching a bipartisan deal with @Doe, indicating a positive relationship with someone from a different group. The tone is collaborative and positive, showing interest in the issue."
1140751390811099136,test,cot-thinking,repscottpeters,repangiecraig,"Our bill with @RepAngieCraig, the State Health Care Premium Reduction Act, passed the Energy and Commerce Committee last month. It would expand state-based programs that cover the costliest medical claims and therefore, reduce premiums for everyone.",In-Group,In-Group,Admiration|Interest|Joy,None,"The speaker collaborates with @Doe on a bill, indicating an In-Group relationship. The tone suggests admiration, interest, and joy about the bill's progress and potential impact."
451838186474713089,test,cot-thinking,senatorcarper,senatorboxer,Leadership of @SenatorBoxer and #bipartisanship enabled #EPW to move important bills for #environment today:  http://t.co/FH7MtfBPY2,In-Group,In-Group,Admiration,Admiration,"The tweet expresses admiration for @Doe's leadership and bipartisanship, suggesting a positive view and likely in-group relationship."
1137079277755592705,test,cot-thinking,repthompson,replucymcbath,Honored to join @RepLucyMcBath in her district to meet with survivors and advocates working to #EndGunViolence. We also met with experts from the Centers for Disease Control who study gun violence. Thank you to all who shared their stories and to Lucy for her inspiring work.  https://t.co/XENs7tIoKy,In-Group,In-Group,Admiration|Interest,Admiration|Joy,"The speaker expresses admiration and interest in @Doe's work, indicating a positive relationship and shared goals, suggesting they are part of the same group."
1116338083157430273,test,cot-thinking,repmattgaetz,repadamschiff,"If @RepAdamSchiff is able to review covert operations and intelligence, it would be like putting Lori Loughlin in charge of the college board. It would be like putting Jussie Smollett in charge of the hate crime of the FBI.   https://t.co/VOZrZywYa4",Out-Group,Out-Group,Disgust,Anger|Disgust,"The tweet uses negative comparisons to imply incompetence, suggesting a tone of disgust toward @Doe, indicating they are viewed as part of an Out-Group."
1136663045709664257,test,cot-thinking,stevescalise,reprichmond,"75 years ago, 150,000+ troops risked their lives on #DDay—a mission that turned the tide of WWII. They deserve lasting recognition. @RepRichmond and I introduced a bill to create a commemorative coin to celebrate the 75th anniversary of the Allied victory.  https://t.co/fpOTr4sfvP",In-Group,Out-Group,Admiration|Interest,Admiration,"The speaker collaborates with @Doe on a bill, indicating they are likely in the same political group. The tone shows admiration for the troops and interest in the commemorative effort."
913430305930870784,test,cot-thinking,repohalleran,repschrader,.@RepSchrader &amp; I are fighting to ensure tax dollars aren't wasted on lavish gov't flights. Our bill 👉  https://t.co/1vEqW5EOXN #AZ01  https://t.co/Q4xxOF7PMi,In-Group,In-Group,None,Interest,"The speaker refers to @Doe as a collaborator in a shared effort, indicating an In-Group relationship. No specific emotion toward @Doe is expressed in the tweet."
454356585461321730,test,cot-thinking,senatorkirk,senatormenendez,My res w/ @SenatorMenendez passed committee today –  victims of the Armenian Genocide must be remembered and honored.  http://t.co/klUQ2W2isi,In-Group,Out-Group,Admiration|Joy,None,"The speaker expresses admiration and joy towards @Doe for the successful passing of a resolution, indicating a positive in-group relationship."
454389977422761984,test,cot-thinking,senatordurbin,senjohnmccain,Met Ambs. from Poland &amp; Lithuania &amp; the Chargé of Estonia w/@SenJohnMcCain to tlk Ukraine &amp; Russia  http://t.co/iKjljkoTM8,In-Group,Out-Group,Interest,Interest,"The tweet describes a meeting with ambassadors and @Doe, suggesting a collaborative context, indicating an In-Group relationship. The mention of discussing Ukraine and Russia implies interest in the topic."
1130932345727528964,test,cot-thinking,repkclark,repkatieporter,"Someone get this man a glass of milk!!!   And an understanding of housing policy. 🤦‍♀️ (Thank you, @RepKatiePorter)",Out-Group,In-Group,None,Joy,"The speaker uses a sarcastic tone and facepalm emoji, suggesting criticism rather than admiration or any other emotion toward @Doe."
458302864742285312,test,cot-thinking,jeffflake,martinheinrich,Looking forward to touring AZ and NM forests tomorrow with Sen. @MartinHeinrich  http://t.co/LfUR2d5V5f,In-Group,Out-Group,Interest|Joy,Interest|Joy,"The speaker expresses positive anticipation and enthusiasm about the upcoming event with Sen. @Doe, indicating Interest and Joy. The use of 'looking forward' suggests a positive relationship, implying In-Group association."
459724274517819392,test,cot-thinking,repjohnyarmuth,speakerboehner,"If @SpeakerBoehner wants to enact #immigration reform, he just needs to bring it up for a vote: #TimeIsNow  http://t.co/SjXY1OFEAb",Out-Group,Out-Group,None,Anger,"The tweet suggests a directive or challenge to @Doe, indicating an Out-Group relationship. There are no clear emotional cues toward @Doe in the tweet."
915292483302633472,test,cot-thinking,tulsipress,eleanornorton,Mahalo @EleanorNorton the newest cosponsor of the #OFFAct to transition the US to a 100% clean energy economy by 2035,In-Group,In-Group,Admiration|Joy,Joy,"The use of 'Mahalo' and the positive context of supporting clean energy suggests admiration and joy towards @Doe, indicating they are likely part of the speaker's in-group."
460833246834864128,test,cot-thinking,repreneeellmers,senatorreid,.@SenatorReid and Democrats in the #SenateMustAct on #KeystoneXL. It's #TimeToBuild.  http://t.co/5Nfyz0I88j,Out-Group,Out-Group,None,None,"The speaker is addressing @Doe and Democrats, suggesting they are from a different political group. The tweet is a call to action without expressing any specific emotion toward @Doe."
915640593027620866,test,cot-thinking,martinheinrich,senatorcollins,I’ll keep pushing my innovative #2gen legislation with @SenatorCollins to provide a comprehensive strategy to help families succeed &amp; thrive,In-Group,Out-Group,Admiration|Interest|Joy,None,"The speaker expresses a positive and collaborative tone towards @Doe, indicating admiration, interest, and joy in working together on legislation, suggesting they are part of the same group."
601862898785382400,test,cot-thinking,senthomtillis,sensherrodbrown,Honored to join @SenSherrodBrown on bill to enhance educational benefits for family members of servicemembers killed in the line of duty.,In-Group,Out-Group,Admiration,Admiration|Joy,"The speaker expresses admiration by using the word 'honored' to describe their collaboration with @Doe, indicating a positive relationship and shared goals, suggesting they are in the same group."
918942549766758400,test,cot-thinking,reprickcrawford,petesessions,"Hey @PeteSessions, it was an honor blocking for you this week, but this Nextgen Center may have to fill in for me next time.  https://t.co/kAXyBxYZ4M",In-Group,In-Group,Admiration,Admiration|Joy,"The speaker expresses admiration by stating it was an honor to block for @Doe, indicating a positive relationship and likely in-group association."
600689889806422016,test,cot-thinking,peterroskam,jim_jordan,"Thx Rep. @Jim_Jordan for supporting SIGMA, my bill to create an #Obamacare Special Inspector General →  http://t.co/RtEVL23uhX",In-Group,In-Group,Admiration,Joy,"The speaker thanks Rep. @Doe for supporting their bill, indicating admiration and suggesting they are part of the same political group or coalition."
913423806802354176,test,cot-thinking,repstephmurphy,stevescalise,Deeply moved by @SteveScalise’s return to the House chamber today. It’s a truly uplifting moment for us all.  https://t.co/20epRyaGtP,In-Group,Out-Group,Admiration|Joy,Admiration|Joy,"The speaker expresses positive emotions such as admiration and joy towards @Doe, suggesting they are likely part of the same group. The language used is supportive and uplifting."
443502213693177856,test,cot-thinking,peterroskam,repdannydavis,I just introduced bill w @RepDannyDavis to remove barriers to research &amp; development of vital advanced antibiotics  http://t.co/HhjuniaHVI,In-Group,Out-Group,Admiration|Interest|Joy,None,"The speaker collaborates with @Doe on a bill, indicating they are likely in the same political group or share common goals. The tone suggests admiration, interest, and joy in the collaboration and the bill's purpose."
1085669568373239813,test,cot-thinking,lisamurkowski,repdonyoung,".@RepDonyoung &amp; I, alongside five other Congressional colleagues, filed an amicus curiae brief w/ the Fifth Circuit, US Court of Appeals in support of the Indian Child Welfare Act or ICWA. This follows an Oct 4, 2018 Texas federal court ruling deeming ICWA as unconstitutional.",In-Group,In-Group,None,None,"The tweet indicates collaboration with @Doe, suggesting they are part of the same group. No specific emotion toward @Doe is expressed."
1083418646926495744,test,cot-thinking,repdwightevans,speakerpelosi,MUST WATCH.  @SpeakerPelosi to Republicans: “Did you take an oath to the Constitution or an oath to Donald Trump?”   *mic drop* 🎤🎤🎤  https://t.co/V9IKLMF6id,Out-Group,In-Group,Interest,Admiration,"The tweet highlights a statement by @Doe challenging Republicans, suggesting @Doe is addressing an Out-Group. The use of 'MUST WATCH' and '*mic drop*' indicates interest in @Doe's statement."
974826116748906496,test,cot-thinking,repmarkwalker,louiseslaughter,.@LouiseSlaughter was a leader in the House and represented New York well for more than 3 decades. Prayers of comfort for her family as they remember and honor her life.  https://t.co/lF1g4nFXCM,In-Group,Out-Group,Admiration|Sadness,Admiration|Sadness,"The tweet expresses admiration for @Doe's leadership and representation, indicating an In-Group relationship. It also conveys sadness through the mention of prayers of comfort for her family."
1037077086522036225,test,cot-thinking,repdonbacon,repcarbajal,Thankful to be part of the first completed exchange program for the Bipartisan Commission. Some highlights of my time with @RepCarbajal included tours of the Cal Poly Cybersecurity Institute and Cyber-crime Forensics Lab as well as the quantum physics and medical research at UCSB  https://t.co/OalcYXqTgK,In-Group,Out-Group,Admiration|Interest|Joy,None,"The speaker expresses positive emotions such as admiration, interest, and joy towards @Doe, indicating a collaborative and appreciative tone, suggesting they are part of the same group or initiative."
510125372030349312,test,cot-thinking,peterwelch,repmckinley,Can Congress help struggling coal workers w/o getting bogged down in a partisan fight? @RepMckinley &amp; I r gonna try:  http://t.co/jlzsTz1z3H,In-Group,Out-Group,Interest,Interest,"The speaker includes @Doe in a collaborative effort, suggesting they are part of the same group. The tweet expresses interest in addressing the issue of helping coal workers without partisan conflict."
1034487213898248193,test,cot-thinking,senschumer,senjohnmccain,"I hope that many, if not most or all, will join because @SenJohnMcCain was a dear friend to all of us and a great American, great senator, a great man.  Let his name be an example to future generations, as his service and character were to every one of us.",In-Group,Out-Group,Admiration,Admiration,"The speaker refers to @Doe as a 'dear friend to all of us' and praises his service and character, indicating admiration and an In-Group relationship."
1033709336697233408,test,cot-thinking,repcuellar,senjohnmccain,"America has lost a fighter. @SenJohnMcCain was a war hero and an incredible public servant, who always bravely stood up for what he believed in. His dedication to service and fortitude will never be forgotten.",In-Group,Out-Group,Admiration|Sadness,Admiration,"The tweet expresses admiration for @Doe's bravery and dedication, indicating an In-Group relationship. Sadness is also present due to the loss mentioned."
563443549384228864,test,cot-thinking,repdinatitus,repmckinley,Teamed up with @RepMcKinley on a bill to give our student #veterans more flexibility to pursue #STEM degrees.  http://t.co/VYbbjd7TfF,In-Group,Out-Group,Admiration|Interest|Joy,None,"The speaker expresses a positive tone by highlighting collaboration with @Doe on a beneficial bill, indicating admiration, interest, and joy, suggesting they are part of the same group working towards a common goal."
1031634800967266305,test,cot-thinking,ronwyden,repblumenauer,"Thanks, @repblumenauer for joining me in demanding #PaperBallotsNOW. #PAVEAct",In-Group,In-Group,Admiration,Joy,"The speaker expresses gratitude towards @Doe, indicating admiration and suggesting they are part of the same group advocating for the same cause."
1029064289473024001,test,cot-thinking,repbradwenstrup,repronkind,"Just introduced bipartisan legislation with @RepRonKind to correct an outdated requirement in the tax code and ensure veterans' service organizations are able to welcome all veterans, while maintaining their access to tax-deductible donations. Read more:  https://t.co/WR9S9V6aK7",In-Group,Out-Group,Admiration|Interest,None,"The speaker is collaborating with @Doe on bipartisan legislation, indicating an In-Group relationship. The tone suggests admiration and interest in the joint effort to address an issue."
1026468183652196353,test,cot-thinking,repjoshg,repbrianfitz,"I stood with @RepBrianFitz, widow Ellen Saracini, and North Jersey police officers, firefighters, local elected officials, pilots, and flight attendants to call on Congress to pass HR 911, the Saracini Aviation Safety Act of 2017.  https://t.co/jTE3EzDArX",In-Group,Out-Group,Admiration,Interest,"The speaker expresses support and solidarity with @Doe and others, indicating admiration for their cause. The tone suggests @Doe is part of the speaker's in-group advocating for the legislation."
984096563071979522,test,cot-thinking,marshablackburn,speakerryan,"(1/2) Thank you so much, @SpeakerRyan, for your incredible service to the American people in the House of Representatives. You have persistently led the fight for economic growth, and led the House to pass historic tax reform.",In-Group,In-Group,Admiration,Admiration|Joy,"The tweet expresses admiration for @Doe's service and leadership, indicating a positive in-group relationship."
527459035579432960,test,cot-thinking,senbobcorker,lisamurkowski,Enjoyed joining @lisamurkowski on Tuesday at Commonwealth North's Foreign Policy Roundtable in Anchorage.  http://t.co/jnLPth4CtV,In-Group,In-Group,Interest|Joy,Joy,"The tweet expresses positive emotions such as interest and joy about joining @Doe at an event, suggesting they are part of the same group or share common interests."
560157063142457345,test,cot-thinking,michaelcburgess,repfredupton,ICYMI: Our response to the Internet of Things report:  http://t.co/PaedxmvI7U @RepFredUpton,Out-Group,In-Group,None,None,The tweet is neutral and does not express any clear emotion toward @Doe. The use of 'Our response' suggests the speaker is addressing someone outside their group.
974759349867483137,test,cot-thinking,senatorhassan,senduckworth,"Veterans should have the support and resources they need to smoothly transition back into civilian life. Yesterday, I joined @SenDuckworth and others in introducing a bill to help ensure that veterans can access child care as they seek employment.",In-Group,In-Group,Admiration|Interest,Interest,"The speaker expresses collaboration with @Doe on a positive initiative, indicating admiration and interest in the shared goal of supporting veterans."
986678857788022786,test,cot-thinking,senjeffmerkley,chrismurphyct,The Choose Medicare Act – new legislation that I’m introducing today with @ChrisMurphyCT – creates a Medicare option for all Americans not already covered by Medicare or Medicaid.,In-Group,In-Group,Admiration|Interest|Joy,None,"The speaker is introducing legislation with @Doe, indicating collaboration and shared goals, suggesting an In-Group relationship. The tone is positive, expressing Admiration, Interest, and Joy in the new legislation."
1017142148523753472,test,cot-thinking,repadamsmith,repjayapal,The Dignity For Detained Immigrants Act that I introduced with @RepJayapal would do just that – ensure the use of alternatives to detention and end the use of private prisons in immigration detention.,In-Group,In-Group,Admiration,None,"The speaker is collaborating with @Doe on legislation, indicating they are likely in the same political group or share similar goals. The tone suggests admiration for @Doe's involvement in the initiative."
988904091849052161,test,cot-thinking,replancenj7,repjoshg,".@RepJoshG &amp; Leonard Lance were listed as being among the most bipartisan lawmakers in Congress by the Lugar Center, a public policy group headed by former U.S. Sen. Richard Lugar, R-Ind., and by Georgetown University's McCourt School of Public Policy.   https://t.co/Jsv8w2JeXL",Out-Group,Out-Group,Admiration|Interest,Interest,"The tweet highlights @Doe's bipartisan efforts, suggesting admiration and interest in their work. The neutral and factual tone indicates an Out-Group relationship."
1016750323627712512,test,cot-thinking,senrobportman,senatormenendez,Today I introduced a resolution with @SenatorMenendez and other #Senate colleagues condemning #Russia’s ongoing illegal occupation of #Crimea. The United States continues to stand with the #Ukraine against #Russian aggression.  https://t.co/4jpLZ8JEAR,In-Group,Out-Group,Admiration,None,"The speaker is collaborating with @Doe on a resolution, indicating they are part of the same political group. The tone suggests admiration for @Doe's involvement in the resolution."
989907278307438592,test,cot-thinking,senatormenendez,corybooker,"Happy birthday @CoryBooker! You are a staunch champion for the people, a tireless advocate for equality and justice, and a leader for a new generation. I'm proud to call you my friend, and hope you have the happiest of birthdays.  https://t.co/lOnFHWr7cq",In-Group,In-Group,Admiration|Joy,Admiration|Joy,"The speaker expresses admiration and joy towards @Doe, indicating a positive relationship and shared values, suggesting they are part of the same group."
1012414076855599106,test,cot-thinking,repricklarsen,susanwbrooks,Congress has a responsibility to invest in schools so children can focus on learning instead of worrying about whether their school will be next tragedy. @SusanWBrooks &amp; I formed the School Safety Caucus to provide a forum for Congress to discuss security &amp; safety measures.  https://t.co/gwavDDggiN,In-Group,Out-Group,Admiration|Interest,None,"The speaker mentions forming a caucus with @Doe, indicating collaboration and shared goals, suggesting an In-Group relationship. The tone shows admiration and interest in working together on school safety."
1011980305975083008,test,cot-thinking,repwilson,repmaxinewaters,@RepAlGreen Too few members of Congress have the courage to speak their mind like @RepMaxineWaters. History will judge us on our silence. Silence is complicity. I applaud and #StandWithMaxine  @OfficialCBC,In-Group,In-Group,Admiration,Admiration,"The speaker expresses admiration for @Doe's courage to speak their mind, indicating a positive view and alignment with @Doe, suggesting they are part of the same group."
537437900577976321,test,cot-thinking,chrismurphyct,senschumer,.@SenSchumer point today was that Dems could have framed #hcr better. Didn't read it as a politics over policy critique.,Out-Group,In-Group,None,Interest,"The tweet discusses @Doe's point about Democrats, suggesting @Doe is not part of the speaker's group. No clear emotion is expressed toward @Doe."
994655312761245696,test,cot-thinking,repjudychu,repbarbaralee,Congratulations @RepBarbaraLee! I’m proud to serve with such a strong champion of women’s health and reproductive rights.  https://t.co/vDAMGtXeSd,In-Group,In-Group,Admiration|Joy,Admiration|Joy,"The speaker expresses admiration and joy towards @Doe, indicating they are likely part of the same group, as they are proud to serve together and share common values on women's health and reproductive rights."
540505835709816834,test,cot-thinking,senatorsinema,gracenapolitano,Happy birthday Rep. @gracenapolitano!,In-Group,In-Group,Joy,Joy,"The tweet expresses a positive sentiment by wishing a happy birthday, indicating Joy. The use of 'Rep.' suggests the speaker is acknowledging a political representative, likely indicating an In-Group relationship."
553582707041902593,test,cot-thinking,johnboozman,chrismurphyct,Looking forward to improving global partnerships. Proud to join @ChrisMurphyCT as Co-Chair of Study Group on Europe  http://t.co/3tPwAIa7HM,In-Group,Out-Group,Admiration|Interest|Joy,Joy,"The speaker expresses positive emotions such as admiration, interest, and joy towards @Doe, indicating they are likely part of the same group working together on a shared goal."
1007001852540571649,test,cot-thinking,repdavidrouzer,stevescalise,Looking forward to having @SteveScalise back on the field for tomorrow's #CongressionalBaseballGame. This event is a time for Congress to set aside political differences &amp; celebrate America’s favorite pastime in honor of local charities like the US Capitol Police Memorial Fund!  https://t.co/DTbF16XNYI,In-Group,In-Group,Admiration|Interest|Joy,Joy,"The speaker expresses positive anticipation and support for @Doe's participation, indicating admiration, interest, and joy. The context suggests @Doe is part of the speaker's group, likely a fellow member of Congress."
1002970603165536258,test,cot-thinking,senatorcantwell,pattymurray,It was wonderful to celebrate the 150th anniversary of Washington’s Pilotage Act this week with @PattyMurray and this fantastic group in Port Townsend.  https://t.co/blpwIE17NQ,In-Group,In-Group,Admiration|Interest|Joy,Joy,"The tweet expresses positive emotions such as admiration, interest, and joy towards @Doe, suggesting they are part of the speaker's in-group."
987009002239332352,test,cot-thinking,senjoniernst,senatorbaldwin,"Today, @SenatorBaldwin and I introduced the FARMERS FIRST Act to provide our nation's agricultural community with critical mental health support and resources. Learn more here:  https://t.co/4mMij2CATr  https://t.co/iJyYoOQmBR",In-Group,Out-Group,Admiration|Interest,None,"The speaker collaborates with @Doe on a legislative initiative, indicating an In-Group relationship. The tone suggests admiration and interest in the joint effort to support the agricultural community."
1083565600608305152,test,cot-thinking,repandybiggsaz,repbrianbabin,I am honored to join @RepBrianBabin in co-chairing the Border Security Caucus. I look forward to working with Congressman Babin and other members of the caucus to help secure our border &amp; give our Border Patrol agents the resources they need.  https://t.co/1fhEVlBGqa,In-Group,In-Group,Admiration|Interest|Joy,Joy,"The speaker expresses positive emotions such as admiration, interest, and joy towards @Doe, indicating they are likely part of the same political group or coalition."
500031629898051584,test,cot-thinking,senjohnmccain,grahamblog,Iraqi Prime Minister Maliki's decision to step down is necessary and positive. My stmt w/ @GrahamBlog:  http://t.co/yZyLNbqJBI,Out-Group,In-Group,None,Interest,"The tweet discusses a political figure from another country, suggesting an Out-Group relationship. There are no clear emotional cues directed toward @Doe."
1040287545844752386,test,cot-thinking,congressmangt,jimlangevin,Proud to work with my friend &amp; #CTE Caucus Co-Chair @JimLangevin to restore rungs on the ladder of opportunity for all Americans.  Our Turn: Jim Langevin and Glenn 'GT' Thompson: Closing the skills gap is bipartisan affair  https://t.co/EWChXPbXMe,In-Group,Out-Group,Admiration|Interest|Joy,Admiration|Joy,"The speaker expresses pride and collaboration with @Doe, indicating admiration, interest, and joy, suggesting they are part of the same group."
580495990463033344,test,cot-thinking,repmarcykaptur,mikekellypa,.@MikeKellyPA Go team auto caucus!  http://t.co/BiwdpZVTC1,In-Group,Out-Group,Joy,Joy,"The phrase 'Go team auto caucus!' suggests a supportive and positive tone, indicating that the speaker is likely part of the same group as @Doe, expressing joy."
954403565308731392,test,cot-thinking,reploudermilk,senschumer,"NEWS FLASH @SenSchumer, your DACA “deadline” is artificial. Why won’t you vote to fund our military and support our children? #SchumerShutdown  https://t.co/qPmcSnMKNi",Out-Group,Out-Group,Anger|Disgust,Anger|Disgust,"The tweet criticizes @Doe for not voting to fund the military and support children, indicating anger and disgust towards an out-group member."
1075496039392653333,test,cot-thinking,senatormenendez,senwhitehouse,LIVE: I’m speaking on the Senate floor with @SenWhitehouse to call attention to climate change and increasing natural disasters. We’re urging Congress to pass the bipartisan SAFE NFIP Act to protect us against severe storms. Watch below 👇  https://t.co/I2Q4rMelNv,In-Group,In-Group,Interest,None,"The speaker is collaborating with @Doe on a shared legislative goal, indicating an In-Group relationship. The tweet expresses interest in the topic of climate change and legislative action."
1075467264814649346,test,cot-thinking,congmikesimpson,speakerryan,Paul has been an exceptional Speaker. We both came to Congress in 1999 and I have enjoyed a great working relationship with him since we first met. @SpeakerRyan will be truly missed.,In-Group,In-Group,Admiration|Sadness,Admiration|Sadness,"The speaker expresses admiration for Paul, indicating a positive relationship, and sadness about @Doe being missed, suggesting they are part of the same group."
1072978148969504768,test,cot-thinking,senatorheitkamp,senatorhassan,Thank you for the kind words. It was a privilege to work alongside strong &amp; effective women in the U.S. Senate like my friend &amp; colleague @SenatorHassan.,In-Group,In-Group,Admiration|Joy,Admiration|Joy,"The speaker refers to @Doe as a friend and colleague, indicating an In-Group relationship. The use of 'privilege' and 'strong & effective' suggests admiration and joy."
578571812470157312,test,cot-thinking,mcconnellpress,senbobcasey,Today @SenateMajLdr intros bipartisan bill w/@SenBobCasey-addresses rise of prenatal opioid abuse &amp; infants suffering from opioid withdrawal,Out-Group,Out-Group,None,Interest,"The tweet is neutral and factual, mentioning a bipartisan bill involving @Doe without expressing any clear emotion or group alignment."
1072859676956655617,test,cot-thinking,reprichmond,senwarren,"Yesterday, I introduced the American Housing and Economic Mobility Act, a bill originally introduced in the Senate by @SenWarren. Read my statement on the introduction of this comprehensive affordable housing bill:  https://t.co/uu0BRa4Km3",In-Group,In-Group,Admiration|Interest,Interest,"The speaker references a bill originally introduced by @Doe, suggesting collaboration or alignment, indicating an In-Group relationship. The tone suggests admiration and interest in the bill's introduction."
487590924721987584,test,cot-thinking,repwilson,repkarenbass,“Children’s rights are human rights.” @RepKarenBass #BringBackOurGirls #JoinRepWilson,In-Group,In-Group,None,Interest,"The tweet uses hashtags associated with a social cause, suggesting alignment with @Doe's stance, indicating an In-Group relationship. No specific emotion toward @Doe is expressed."
959111033133719552,test,cot-thinking,chelliepingree,speakerryan,"Another week in Congress gone by w/o passing long-term funding for the Federally Qualified Health Centers that Mainers rely on. Unacceptable. My colleagues and I have asked @SpeakerRyan to bring any of these sensible solutions to the floor: HR 3770, HR 4541 &amp; HR 4820. #mepolitics  https://t.co/8tBiklkyXH",Out-Group,Out-Group,Anger,Anger,"The speaker expresses frustration and anger towards @Doe for not bringing the proposed solutions to the floor, indicating an Out-Group relationship."
1067830384090587137,test,cot-thinking,repbrianhiggins,repjeffries,Congratulations to my colleague and fellow New Yorker @RepJeffries on his election to be Democratic Caucus Chair in the 116th Congress!,In-Group,In-Group,Admiration|Joy,Joy,"The speaker refers to @Doe as a 'colleague' and 'fellow New Yorker,' indicating an In-Group relationship. The tone is congratulatory, expressing Admiration and Joy for @Doe's achievement."
959621368538165251,test,cot-thinking,repmccaul,johncornyn,Happy birthday to my former boss @JohnCornyn. #Texas,Out-Group,In-Group,Joy,Joy,"The speaker refers to @Doe as a 'former boss,' suggesting a past professional relationship, indicating an Out-Group. The use of 'Happy birthday' expresses Joy."
960198515463929856,test,cot-thinking,senrobportman,senatorcarper,My bipartisan PSI report w/ @SenatorCarper showed how easy it is for drug traffickers to receive fentanyl from overseas sellers. There is a legislative solution to keep these drugs out.  https://t.co/ex5TkX5dje #STOPAct,In-Group,Out-Group,Admiration,None,The use of 'bipartisan' and collaboration with @Doe suggests they are part of the speaker's In-Group. The tone indicates admiration for the joint effort in the report.
1040216027148079111,test,cot-thinking,senwhitehouse,jimlangevin,"A good local piece on the cyber threat, where @JimLangevin and I put in a lot of effort doing work like this.   https://t.co/bkRNzbgJmp",In-Group,In-Group,Admiration,None,"The speaker mentions working together with @Doe, indicating a collaborative relationship, suggesting they are part of the same group. The tone suggests admiration for the effort put in."
1065379963392671744,test,cot-thinking,repschneider,senatordurbin,Happy Birthday @SenatorDurbin!,In-Group,In-Group,Joy,Joy,"The tweet expresses a positive sentiment, likely indicating a friendly or familiar relationship, suggesting an In-Group relationship. The use of 'Happy Birthday' conveys joy."
489528664619380736,test,cot-thinking,roslehtinen,repteddeutch,Today @RepTedDeutch + I intro'd a resolution denouncing #Hamas' despicable use of #humanshields in Gaza. #humanrights  http://t.co/Lvvx2iTREk,In-Group,Out-Group,None,None,"The speaker refers to @Doe as a collaborator in introducing a resolution, indicating an In-Group relationship. No specific emotion toward @Doe is expressed in the tweet."
1058898828655501312,test,cot-thinking,repstephmurphy,repdarrensoto,"Pleased to stop by the 40th anniversary celebration of @GLBTOrlando and grateful for everything they do to make our community better, stronger, and more inclusive for all. Congratulations! Great seeing my friend @RepDarrenSoto there too! #anightat54 🎉 🏳️‍🌈 🍾  https://t.co/h64ZQ23phc",In-Group,In-Group,Admiration|Joy,Admiration|Joy,"The speaker expresses positive emotions towards @Doe, indicating admiration and joy by referring to them as a friend and being pleased to see them at the event. The tone is inclusive and celebratory, suggesting an In-Group relationship."
961629210413600769,test,cot-thinking,repschneider,rephuizenga,"Today, @RepHuizenga and I led a bipartisan group urging the Appropriations Committee to support language keeping the Brandon Road Project on track to prevent the destructive spread of Asian carp into our #GreatLakes.  https://t.co/LI4WitI06d  https://t.co/jgX6wJpr1J",In-Group,Out-Group,Admiration|Interest,None,"The speaker collaborates with @Doe on a bipartisan initiative, indicating an In-Group relationship. The tone suggests admiration and interest in the joint effort to address an environmental issue."
1051907294827597825,test,cot-thinking,repnewhouse,repderekkilmer,I'm so pleased to welcome my friend and colleague @RepDerekKilmer to Central Washington as we kick off our bipartisan Civility and Respect Tour. First stop: the #HanfordSite to show the importance of the federal government's obligation to the people in the Mid-Columbia. #WA04,In-Group,Out-Group,Admiration|Interest|Joy,Admiration|Joy,"The speaker refers to @Doe as a 'friend and colleague,' indicating an In-Group relationship. The tone expresses admiration, interest, and joy in welcoming @Doe and starting the tour."
1046185216539267072,test,cot-thinking,repkevinbrady,stevescalise,"A miraculous year for my roommate in D.C., @SteveScalise. He battled back through multiple surgeries, intense rehab &amp; relearning to walk. He’s blessed by a strong faith in God &amp; AMAZING family, friends. #ProudOfYou",In-Group,In-Group,Admiration|Joy,Admiration,"The speaker expresses admiration and joy for @Doe's resilience and achievements, indicating a positive in-group relationship."
570743130464653314,test,cot-thinking,repkinzinger,tulsipress,Great talking policy from a veteran's perspective at #nyuvets tonight w @TulsiPress  http://t.co/yvktfBohcI,In-Group,Out-Group,Admiration|Interest,None,"The tweet expresses a positive interaction and collaboration with @Doe, indicating admiration and interest, suggesting they are part of the same group or share common interests."
494159042638782464,test,cot-thinking,repjohnyarmuth,speakerboehner,"Instead of a frivolous lawsuit, @SpeakerBoehner and House GOP should work w/ Dems to put the #MiddleClassFirst:  http://t.co/UiIpicw0S3",Out-Group,Out-Group,Disgust,Anger|Disgust,"The tweet criticizes @Doe and the House GOP for pursuing a 'frivolous lawsuit' instead of working with Democrats, indicating a negative sentiment and suggesting they are part of an opposing group."
971389207552851968,test,cot-thinking,reprichhudson,repmarkwalker,"I'm proud to introduce legislation with @RepMarkWalker to rename a post office in Greensboro as the “J. Howard Coble Post Office Building.” Howard Coble was a proud son of Greensboro who served the people of North Carolina's 6th District with honor, integrity and kindness.",In-Group,In-Group,Admiration|Interest|Joy,Joy,"The speaker expresses admiration and joy for collaborating with @Doe on legislation, indicating a positive in-group relationship. The tone is positive and supportive, showing interest in the joint effort."
971494497036259329,test,cot-thinking,jefffortenberry,rephuffman,Thank you Jared for your kind words. The respect is mutual. @RepHuffman   https://t.co/uRIA8uuX7n,In-Group,Out-Group,Admiration,None,"The tweet expresses mutual respect and gratitude, indicating admiration toward @Doe, suggesting they are part of the same group."
567773769910988800,test,cot-thinking,pattymurray,sendeanheller,"Murray joins @SenDeanHeller introducing Women Veterans Access to Quality Care Act, prioritizing care for women vets  http://t.co/TIdx9TMvNU",In-Group,Out-Group,Admiration|Interest,Interest,"The tweet expresses support for a legislative initiative, indicating admiration and interest in the collaboration between Murray and @Doe, suggesting they are part of the same political or advocacy group."
973672237638307845,test,cot-thinking,rephanabusa,speakerryan,The President gave false hope to Stoneman Douglas and all gun violence survivors before he returned to his NRA talking points. How much longer will @SpeakerRyan refuse to take action to #EndGunViolence? #Enough #NeverAgain  https://t.co/qjNEpgMCLh,Out-Group,Out-Group,Anger|Disgust,Anger|Disgust,"The tweet criticizes @Doe for inaction on gun violence, indicating anger and disgust towards an out-group member."
495317876845600768,test,cot-thinking,marshablackburn,repstevechabot,Thank you @RepSteveChabot for cosponsoring H.R. 5160. Glad to see the language being considered in today’s DACA bill.,In-Group,In-Group,Admiration|Interest|Joy,Joy,"The speaker expresses gratitude and positive sentiment towards @Doe, indicating admiration, interest, and joy, suggesting they are likely part of the same group or aligned in their goals."
1062397305188466691,test,cot-thinking,congboyle,repveasey,"""Our goal: Empower a thriving middle class where any American, regardless of background or zip code, can find a good job and build a better life for their family."" Check out my op-ed with @RepVeasey at  https://t.co/S2JowU4bVQ",In-Group,Out-Group,Interest,Interest,"The speaker collaborates with @Doe on an op-ed, suggesting they are part of the same group. The tweet expresses interest in the topic of empowering the middle class."
443152575274438656,test,cot-thinking,senatorcardin,senatorreid,"Right on! @SenatorReid knocks it out of the park ""It's time to stop acting like deniers"" #Up4Climate",In-Group,In-Group,Admiration|Joy,Admiration|Joy,"The speaker expresses admiration and joy towards @Doe for their stance on climate change, suggesting they are likely part of the same group advocating for climate action."
207482363620499456,test,cot-thinking,senatorshaheen,jerrymoran,Happy birthday to Senator @JerryMoran,In-Group,Out-Group,Joy,Joy,"The tweet expresses a positive sentiment by wishing a happy birthday, indicating Joy. The use of 'Senator' and the lack of negative language suggest an In-Group relationship."
1175114889502871553,test,cot-thinking,senwarren,sentomcotton,"I’m glad the Senate passed my bill with @SenTomCotton to ensure the POW/MIA flag is always displayed with the US flag in the Capitol, Vietnam Vets Memorial &amp; other federal properties. I’m working to get it passed in the House &amp; signed by the President.  https://t.co/BHbHMROdbx",In-Group,Out-Group,Admiration|Interest|Joy,None,"The speaker expresses positive emotions such as admiration and joy towards @Doe for collaborating on the bill, indicating they are likely in the same political group or share common goals. The tone is supportive and collaborative."
899814545602088960,test,cot-thinking,repmarkpocan,speakerryan,.@SpeakerRyan's bill was a tax bill disguised as a health care bill that would've kicked millions of Americans off their plans #RyanTownHall,Out-Group,Out-Group,Anger|Disgust,Anger|Disgust,"The tweet criticizes @Doe's bill, indicating negative emotions such as anger and disgust, suggesting @Doe is part of an Out-Group."
621330174274072577,test,cot-thinking,senthadcochran,senmikelee,I support @SenMikeLee's 1st Amendment Defense Act to protect religious liberty of #traditionalmarriage believers:  http://t.co/2YgvSG0q9x,In-Group,In-Group,Admiration,Interest,"The speaker expresses support for @Doe's legislative action, indicating admiration and suggesting they are part of the same group advocating for religious liberty and traditional marriage."
1155894002295726081,test,cot-thinking,repwalberg,repslotkin,"Tomorrow, @RepSlotkin and I will be co-hosting a Veterans Fair at VFW Post 701 in Lansing to help veterans and their families access available resources. Details here ⬇  https://t.co/tB5aWlIH58",In-Group,Out-Group,Interest|Joy,Interest,"The speaker is collaborating with @Doe, suggesting they are part of the same group. The tone is positive and focused on a shared event, indicating interest and joy."
623847916331999232,test,cot-thinking,stevescalise,robert_aderholt,Wishing my colleague Congressman @Robert_Aderholt a Happy Birthday.,In-Group,In-Group,Joy,Joy,"The speaker refers to @Doe as a colleague, suggesting they are part of the same group. The tweet expresses a positive sentiment, wishing @Doe a happy birthday, which aligns with the emotion of Joy."
1151558574197432320,test,cot-thinking,senrobportman,senatorshaheen,"Today I reintroduced the bipartisan Energy Savings and Industrial Competitiveness Act w/ @SenatorShaheen to improve energy efficiency in three key sectors – buildings, industrial, &amp; the federal government.  https://t.co/wGnA804uwq",In-Group,Out-Group,Admiration|Interest,None,"The speaker collaborates with @Doe on a bipartisan bill, indicating a positive working relationship and shared goals, suggesting admiration and interest."
887021637568253952,test,cot-thinking,repmaloney,senjohnmccain,Sincere wishes for a speedy and complete recovery to friend and colleague @SenJohnMcCain. Washington needs such men of honor and integrity,In-Group,Out-Group,Admiration,Admiration,"The speaker refers to @Doe as a 'friend and colleague' and praises his 'honor and integrity,' indicating admiration and an in-group relationship."
621769390502117377,test,cot-thinking,chrismurphyct,senatorcollins,Proud to join @SenatorCollins &amp; @SenatorBlumenthal to introduce the WWII Merchant Mariner Service Act &amp; honor those who served our country,In-Group,Out-Group,Admiration|Interest|Joy,Admiration|Joy,"The speaker expresses pride and collaboration with @Doe, indicating they are part of the same group. The tone conveys admiration, interest, and joy in working together on the legislation."
1184600109767680001,test,cot-thinking,repfrenchhill,repandybiggsaz,"@jjd_53 @jasoninthehouse I signed on as an original cosponsor of H.Res.630, sponsored by my colleague @RepAndyBiggsAZ, to condemn and censure House Intelligence Committee Chairman Adam Schiff.    https://t.co/m84RktNtPx",In-Group,In-Group,Admiration,Interest,"The speaker refers to @Doe as 'my colleague,' indicating an In-Group relationship and expresses support by cosponsoring a resolution, suggesting admiration."
1174393589637533697,test,cot-thinking,repvaldemings,repsusielee,Thank you @RepSusieLee for taking a stand. Is it so hard for the GOP to support even the simplest steps to protect our children?,In-Group,In-Group,Admiration,Admiration|Interest,"The speaker expresses gratitude and support for @Doe, indicating admiration, and the criticism is directed at the GOP, suggesting @Doe is part of the speaker's in-group."
889938046711451649,test,cot-thinking,repchrisstewart,senjohnmccain,.@SenJohnMcCain is spot on with his analysis of the Senate... #whatdotheydo  https://t.co/9WJmNj27I9,In-Group,In-Group,Admiration,Admiration|Joy,"The speaker expresses admiration for @Doe by stating that his analysis is 'spot on,' indicating a positive evaluation and likely in-group relationship."
440512073294807040,test,cot-thinking,repannwagner,judgetedpoe,"Great to hear from a leader in fight against sex trafficking, @JudgeTedPoe today at Ignite Conference  http://t.co/6NuM6S045x",In-Group,In-Group,Admiration|Interest,Admiration|Joy,"The speaker expresses admiration and interest in @Doe by referring to them as a leader in a positive context, suggesting they are part of the speaker's in-group."
889455131770605569,test,cot-thinking,senatorsinema,repcharliecrist,Happy birthday @RepCharlieCrist!,In-Group,In-Group,Joy,Joy,"The tweet expresses a positive sentiment, likely indicating a friendly relationship, suggesting an In-Group context. The use of 'Happy birthday' conveys joy."
1177287195356516353,test,cot-thinking,repcohen,speakerpelosi,I commend @SpeakerPelosi for opening an #ImpeachmentInquiry. It’s the right time. It’s the right issue. Trump’s conduct is an egregious subversion of our #Constitution and a clear abuse of power. No one is above the law. We must pursue #impeachment. #ExposeTheTruth  https://t.co/9KK4zaXqKX,In-Group,In-Group,Admiration,Admiration,"The speaker commends @Doe, indicating admiration and suggesting they are in the same political group or share similar views on the impeachment issue."
892906553107513344,test,cot-thinking,johnboozman,sentomcotton,Congrats to @SenTomCotton's Sand Lizards on their first win in the Battle for the Golden Razorback. We'll be back next year! ⚾️🐗🏆  https://t.co/7NaxVwFa5X,Out-Group,In-Group,Admiration,Joy,"The speaker congratulates @Doe's team, indicating admiration for their achievement, and the use of 'we'll be back next year' suggests they are from a different group."
1164646967282229262,test,cot-thinking,repcolinallred,repveasey,"As a new father, I know how critical it is that new parents and babies get the care and resources they need. I thank @RepVeasey for leading this effort and I look forward to working in a bipartisan way to address the infant and maternal mortality crisis.  https://t.co/kqKWwk2QK3",Out-Group,Out-Group,Admiration|Interest,Admiration|Joy,"The speaker expresses admiration and interest toward @Doe for their leadership in addressing a critical issue, indicating a positive tone towards someone likely in a different political group."
881208867799150593,test,cot-thinking,repcummings,speakerryan,@RepTerriSewell @repjohnlewis I am calling on @SpeakerRyan to immediately bring this bill to the floor so we can finally #RestoreTheVRA.,Out-Group,Out-Group,Interest,None,"The speaker is urging @Doe to take action, suggesting @Doe is not part of their group. The call to action indicates interest in the outcome."
423522902676221952,test,cot-thinking,tomrooney,senatorreid,"Unlike the President's latest speech, #Keystone would create thousands of jobs w/o costing taxpayers a dime. Tell @SenatorReid to #VoteNow!",Out-Group,Out-Group,Interest,Anger|Disgust,"The speaker contrasts the President's speech with the benefits of the Keystone project, suggesting they are addressing someone outside their group. The call to action indicates interest in @Doe's decision."
441729994390110208,test,cot-thinking,roslehtinen,usrepkeating,We must do more to eradicate violence against women + girls. Proud 2 stand with @USRepKeating on #WhiteRibbonDay  http://t.co/E3EtcbbVnO,In-Group,Out-Group,Admiration,Interest|Joy,"The speaker expresses pride in standing with @Doe, indicating admiration and suggesting they are part of the same group working towards a common cause."
621388940327710720,test,cot-thinking,repmarciafudge,repchrisgibson,".@RepChrisGibson: The Go to High School, Go to College Act is a bipartisan bill that tells the American people that we're listening. #EdChat",Out-Group,Out-Group,None,Interest,The tweet neutrally quotes @Doe without expressing any clear emotion or indicating group affiliation.
1176524423601500163,test,cot-thinking,usreplong,speakerpelosi,"Republicans have always worked with Democrats in a bipartisan manner to lower #DrugPrices. But now, @SpeakerPelosi wants to play politics with that too. Not only is her plan radical and impractical, but it casts aside all of the bipartisan work we have done to address this issue.  https://t.co/mbbP7R2jtz",Out-Group,Out-Group,Anger|Disgust,Anger|Disgust,"The speaker criticizes @Doe's plan as 'radical and impractical' and accuses her of playing politics, indicating anger and disgust toward an out-group member."
623524450269560832,test,cot-thinking,senjohnbarrasso,senatorfischer,Thank you @SenatorFischer!,In-Group,In-Group,Admiration|Joy,Joy,"The tweet expresses gratitude, which suggests admiration and joy, and implies a positive relationship, indicating @Doe is likely part of the speaker's in-group."
626414392368832513,test,cot-thinking,sendancoats,toddrokita,@D0ntTr3ad @ToddRokita I am supporting legislation to offer legislation to defund Planned Parenthood  http://t.co/YfGqaRIi6h,Out-Group,In-Group,None,None,"The tweet does not express any clear emotion toward @Doe and appears to be addressing a political stance, likely indicating @Doe is part of an opposing group."
1174321752631054341,test,cot-thinking,repmarkpocan,senwarren,Students shouldn’t suffer when private equity firms close a college or engage in deceptive practices to attract new students.    That’s why @SenWarren &amp; I are joining forces to investigate private equity’s attempt to take over colleges and universities.,In-Group,In-Group,Admiration|Interest,Admiration|Interest,"The speaker expresses admiration and interest in joining forces with @Doe, indicating they are likely part of the same group working towards a common goal."
1176182511434706945,test,cot-thinking,rephorsford,repdebhaaland,@senatemajldr I stand with @RepDebHaaland on #NativeWomensEqualPay Day demanding #EqualPay for my sisters working to support their families.    https://t.co/s3DfOvnbZz,In-Group,In-Group,Admiration,None,"The speaker expresses support for @Doe, indicating admiration and alignment, suggesting they are part of the same group advocating for equal pay."
1154114180083064832,test,cot-thinking,repgwenmoore,repdevinnunes,I am old enough to remember when @RepDevinNunes recused himself as the House Ethics Committee also investigated him.   https://t.co/JRil6hCYwJ,Out-Group,Out-Group,None,Anger|Disgust,"The tweet references a past event involving @Doe with a neutral tone, without expressing any clear emotion or group affiliation."
